SET session_replication_role = replica;

--
-- PostgreSQL database dump
--

-- \restrict sOrRcG70B9LKB5BNadOgtDDKEl8YUQDb1dp87utZWzlw9v04G2hbtbUOzBaCgeZ

-- Dumped from database version 17.6
-- Dumped by pg_dump version 17.6

SET statement_timeout = 0;
SET lock_timeout = 0;
SET idle_in_transaction_session_timeout = 0;
SET transaction_timeout = 0;
SET client_encoding = 'UTF8';
SET standard_conforming_strings = on;
SELECT pg_catalog.set_config('search_path', '', false);
SET check_function_bodies = false;
SET xmloption = content;
SET client_min_messages = warning;
SET row_security = off;

--
-- Data for Name: audit_log_entries; Type: TABLE DATA; Schema: auth; Owner: supabase_auth_admin
--

COPY "auth"."audit_log_entries" ("instance_id", "id", "payload", "created_at", "ip_address") FROM stdin;
\.


--
-- Data for Name: flow_state; Type: TABLE DATA; Schema: auth; Owner: supabase_auth_admin
--

COPY "auth"."flow_state" ("id", "user_id", "auth_code", "code_challenge_method", "code_challenge", "provider_type", "provider_access_token", "provider_refresh_token", "created_at", "updated_at", "authentication_method", "auth_code_issued_at") FROM stdin;
\.


--
-- Data for Name: users; Type: TABLE DATA; Schema: auth; Owner: supabase_auth_admin
--

COPY "auth"."users" ("instance_id", "id", "aud", "role", "email", "encrypted_password", "email_confirmed_at", "invited_at", "confirmation_token", "confirmation_sent_at", "recovery_token", "recovery_sent_at", "email_change_token_new", "email_change", "email_change_sent_at", "last_sign_in_at", "raw_app_meta_data", "raw_user_meta_data", "is_super_admin", "created_at", "updated_at", "phone", "phone_confirmed_at", "phone_change", "phone_change_token", "phone_change_sent_at", "email_change_token_current", "email_change_confirm_status", "banned_until", "reauthentication_token", "reauthentication_sent_at", "is_sso_user", "deleted_at", "is_anonymous") FROM stdin;
00000000-0000-0000-0000-000000000000	cef3cefd-2849-474e-9581-8598f90b24c2	authenticated	authenticated	brunoblima1@gmail.com	$2a$10$dA84zVZ8xh8CP27Fz0Dh5.PSDpkyCmoLEOCcZ2GQ0N36XmbuYXCPe	2026-01-19 20:21:03.137497+00	\N		\N		\N			\N	2026-01-21 13:19:01.150527+00	{"provider": "email", "providers": ["email"]}	{"sub": "cef3cefd-2849-474e-9581-8598f90b24c2", "name": "Bruno Lucas Batista de Lima", "email": "brunoblima1@gmail.com", "email_verified": true, "phone_verified": false}	\N	2026-01-19 20:21:03.12908+00	2026-02-02 18:58:30.550287+00	\N	\N			\N		0	\N		\N	f	\N	f
00000000-0000-0000-0000-000000000000	604f3097-69a6-44e6-a437-a23a3c61f055	authenticated	authenticated	lucasrawlison@figosoftwares.com.br	$2a$10$BL8Mj2yosYkq0KxCPGvPb..bzsI6M/Ku3z4lubAu8Ftd/lAjyRO9u	2026-01-06 23:19:44.426987+00	\N		\N		\N			\N	2026-02-02 17:55:20.874977+00	{"provider": "email", "providers": ["email"]}	{"email_verified": true}	\N	2026-01-06 23:19:44.421319+00	2026-02-02 18:53:21.826722+00	\N	\N			\N		0	\N		\N	f	\N	f
00000000-0000-0000-0000-000000000000	1bed4c06-8a76-4eff-8511-80c7bc85ebcf	authenticated	authenticated	brunolima@figosoftwares.com.br	$2a$10$xou3Ben5HMvXs9Wno8HIvuEOP3EWt0Ztsehzp0ulBAUQx3uPmTHAy	2026-01-06 20:59:01.088601+00	\N		\N		\N			\N	2026-02-02 12:09:48.614434+00	{"provider": "email", "providers": ["email"]}	{"email_verified": true}	\N	2026-01-06 20:59:01.083172+00	2026-02-02 18:56:12.605775+00	\N	\N			\N		0	\N		\N	f	\N	f
\.


--
-- Data for Name: identities; Type: TABLE DATA; Schema: auth; Owner: supabase_auth_admin
--

COPY "auth"."identities" ("provider_id", "user_id", "identity_data", "provider", "last_sign_in_at", "created_at", "updated_at", "id") FROM stdin;
1bed4c06-8a76-4eff-8511-80c7bc85ebcf	1bed4c06-8a76-4eff-8511-80c7bc85ebcf	{"sub": "1bed4c06-8a76-4eff-8511-80c7bc85ebcf", "email": "brunolima@figosoftwares.com.br", "email_verified": false, "phone_verified": false}	email	2026-01-06 20:59:01.08638+00	2026-01-06 20:59:01.086441+00	2026-01-06 20:59:01.086441+00	43675bed-3dd2-4668-9e4a-4a97e94b0761
604f3097-69a6-44e6-a437-a23a3c61f055	604f3097-69a6-44e6-a437-a23a3c61f055	{"sub": "604f3097-69a6-44e6-a437-a23a3c61f055", "email": "lucasrawlison@figosoftwares.com.br", "email_verified": false, "phone_verified": false}	email	2026-01-06 23:19:44.42502+00	2026-01-06 23:19:44.425082+00	2026-01-06 23:19:44.425082+00	c3f3ef27-d4db-4e2d-9261-90e50ee5e3c5
cef3cefd-2849-474e-9581-8598f90b24c2	cef3cefd-2849-474e-9581-8598f90b24c2	{"sub": "cef3cefd-2849-474e-9581-8598f90b24c2", "name": "Bruno Lucas Batista de Lima", "email": "brunoblima1@gmail.com", "email_verified": false, "phone_verified": false}	email	2026-01-19 20:21:03.134694+00	2026-01-19 20:21:03.134743+00	2026-01-19 20:21:03.134743+00	a86a6da6-bbe1-4ae5-9ee2-75e7be3e931e
\.


--
-- Data for Name: instances; Type: TABLE DATA; Schema: auth; Owner: supabase_auth_admin
--

COPY "auth"."instances" ("id", "uuid", "raw_base_config", "created_at", "updated_at") FROM stdin;
\.


--
-- Data for Name: oauth_clients; Type: TABLE DATA; Schema: auth; Owner: supabase_auth_admin
--

COPY "auth"."oauth_clients" ("id", "client_secret_hash", "registration_type", "redirect_uris", "grant_types", "client_name", "client_uri", "logo_uri", "created_at", "updated_at", "deleted_at", "client_type") FROM stdin;
\.


--
-- Data for Name: sessions; Type: TABLE DATA; Schema: auth; Owner: supabase_auth_admin
--

COPY "auth"."sessions" ("id", "user_id", "created_at", "updated_at", "factor_id", "aal", "not_after", "refreshed_at", "user_agent", "ip", "tag", "oauth_client_id", "refresh_token_hmac_key", "refresh_token_counter", "scopes") FROM stdin;
9d97ab0e-10d6-418b-b0eb-90cc4973b189	1bed4c06-8a76-4eff-8511-80c7bc85ebcf	2026-01-07 01:27:41.384981+00	2026-01-07 01:27:41.384981+00	\N	aal1	\N	\N	node	98.92.156.15	\N	\N	\N	\N	\N
216331fd-3d7e-480f-b55a-499955d56ea9	604f3097-69a6-44e6-a437-a23a3c61f055	2026-01-26 23:47:34.534777+00	2026-01-27 00:45:16.048122+00	\N	aal1	\N	2026-01-27 00:45:16.047328	node	177.37.140.3	\N	\N	\N	\N	\N
249a67e5-3d40-467d-935c-70784fbdaa27	604f3097-69a6-44e6-a437-a23a3c61f055	2026-01-20 21:35:49.405734+00	2026-01-20 21:35:49.405734+00	\N	aal1	\N	\N	Mozilla/5.0 (Windows NT 10.0; Win64; x64) AppleWebKit/537.36 (KHTML, like Gecko) Chrome/143.0.0.0 Safari/537.36	177.37.141.192	\N	\N	\N	\N	\N
0f8066f5-6e91-470b-9d77-cb90491746dd	604f3097-69a6-44e6-a437-a23a3c61f055	2026-02-02 17:55:20.87508+00	2026-02-02 18:53:21.828813+00	\N	aal1	\N	2026-02-02 18:53:21.828713	node	138.59.39.219	\N	\N	\N	\N	\N
deef5128-78a7-4896-adc7-ca899746d188	cef3cefd-2849-474e-9581-8598f90b24c2	2026-01-20 18:14:46.235016+00	2026-01-21 12:35:28.401022+00	\N	aal1	\N	2026-01-21 12:35:28.40091	Mozilla/5.0 (Windows NT 10.0; Win64; x64) AppleWebKit/537.36 (KHTML, like Gecko) Chrome/142.0.0.0 Safari/537.36	177.207.251.27	\N	\N	\N	\N	\N
ec1b44e0-1ecc-49f7-a658-862a56bede2e	604f3097-69a6-44e6-a437-a23a3c61f055	2026-01-21 13:00:30.784862+00	2026-01-21 13:00:30.784862+00	\N	aal1	\N	\N	Mozilla/5.0 (Windows NT 10.0; Win64; x64) AppleWebKit/537.36 (KHTML, like Gecko) Chrome/143.0.0.0 Safari/537.36	138.59.39.219	\N	\N	\N	\N	\N
fb638e00-3e47-4421-bc03-84c9dc82ba19	1bed4c06-8a76-4eff-8511-80c7bc85ebcf	2026-02-02 12:09:48.614544+00	2026-02-02 18:56:12.608605+00	\N	aal1	\N	2026-02-02 18:56:12.608501	node	177.37.167.51	\N	\N	\N	\N	\N
b8e242e4-b4fc-451e-b479-bade26992dd8	cef3cefd-2849-474e-9581-8598f90b24c2	2026-01-19 21:00:40.155841+00	2026-02-02 18:58:30.552356+00	\N	aal1	\N	2026-02-02 18:58:30.552257	Mozilla/5.0 (Windows NT 10.0; Win64; x64) AppleWebKit/537.36 (KHTML, like Gecko) Chrome/144.0.0.0 Safari/537.36	177.37.167.51	\N	\N	\N	\N	\N
e8cfef75-0996-407b-8bff-62ef29ea3a05	604f3097-69a6-44e6-a437-a23a3c61f055	2026-01-23 01:36:02.198886+00	2026-01-23 01:36:02.198886+00	\N	aal1	\N	\N	node	98.92.98.117	\N	\N	\N	\N	\N
a2773173-5e0b-477e-b6ea-78e343e29755	cef3cefd-2849-474e-9581-8598f90b24c2	2026-01-21 13:19:01.150629+00	2026-01-21 18:20:59.59146+00	\N	aal1	\N	2026-01-21 18:20:59.591354	Mozilla/5.0 (Windows NT 10.0; Win64; x64) AppleWebKit/537.36 (KHTML, like Gecko) Chrome/142.0.0.0 Safari/537.36	177.207.251.27	\N	\N	\N	\N	\N
259be043-c32d-40aa-a859-aed12800c724	1bed4c06-8a76-4eff-8511-80c7bc85ebcf	2026-01-06 21:06:40.509569+00	2026-01-07 20:19:06.940223+00	\N	aal1	\N	2026-01-07 20:19:06.940132	node	177.37.167.51	\N	\N	\N	\N	\N
09496bfe-f15f-4d85-95f8-93a0d36a3d84	1bed4c06-8a76-4eff-8511-80c7bc85ebcf	2026-01-08 14:02:27.338839+00	2026-01-08 14:02:27.338839+00	\N	aal1	\N	\N	node	177.37.167.51	\N	\N	\N	\N	\N
341e1ea2-4b97-4d5b-9bd0-d4bd424ab2de	604f3097-69a6-44e6-a437-a23a3c61f055	2026-01-21 14:53:23.576749+00	2026-01-23 12:59:10.436374+00	\N	aal1	\N	2026-01-23 12:59:10.436276	Mozilla/5.0 (Windows NT 10.0; Win64; x64) AppleWebKit/537.36 (KHTML, like Gecko) Chrome/144.0.0.0 Safari/537.36	138.59.39.219	\N	\N	\N	\N	\N
89057c50-f55f-447d-b42c-06b1c2df7d9d	1bed4c06-8a76-4eff-8511-80c7bc85ebcf	2026-01-27 12:28:44.408237+00	2026-01-27 19:14:56.053117+00	\N	aal1	\N	2026-01-27 19:14:56.053023	node	177.37.167.51	\N	\N	\N	\N	\N
e9917baf-3017-4f98-b4e9-45da34fe65e8	1bed4c06-8a76-4eff-8511-80c7bc85ebcf	2026-01-27 12:28:30.635915+00	2026-01-27 19:15:01.787846+00	\N	aal1	\N	2026-01-27 19:15:01.787667	node	177.37.167.51	\N	\N	\N	\N	\N
d6925711-500a-4d7a-8e5f-24ed6295f787	604f3097-69a6-44e6-a437-a23a3c61f055	2026-01-29 01:11:08.195865+00	2026-01-29 02:08:53.34862+00	\N	aal1	\N	2026-01-29 02:08:53.348523	node	177.37.143.108	\N	\N	\N	\N	\N
005d1a54-40cd-412f-a3f8-73ce3a98289c	1bed4c06-8a76-4eff-8511-80c7bc85ebcf	2026-01-12 14:03:20.523615+00	2026-01-12 16:57:22.196248+00	\N	aal1	\N	2026-01-12 16:57:22.196137	node	177.37.167.51	\N	\N	\N	\N	\N
b06bdea9-c778-4b0f-b699-10893a7ae14f	1bed4c06-8a76-4eff-8511-80c7bc85ebcf	2026-01-12 14:03:49.658303+00	2026-01-12 16:57:55.372552+00	\N	aal1	\N	2026-01-12 16:57:55.372455	node	177.37.167.51	\N	\N	\N	\N	\N
da7a1b3c-c1f6-42ca-84d7-19606feea137	604f3097-69a6-44e6-a437-a23a3c61f055	2026-01-29 02:15:16.714991+00	2026-01-29 02:15:16.714991+00	\N	aal1	\N	\N	node	177.37.143.108	\N	\N	\N	\N	\N
1e02c08c-6bfb-405d-b5e5-e0b129b85a94	1bed4c06-8a76-4eff-8511-80c7bc85ebcf	2026-01-16 20:51:27.321049+00	2026-01-16 20:51:27.321049+00	\N	aal1	\N	\N	node	187.19.224.206	\N	\N	\N	\N	\N
c219d86b-76d0-4a61-873f-7086ac903731	cef3cefd-2849-474e-9581-8598f90b24c2	2026-01-19 20:21:03.141266+00	2026-01-19 20:21:03.141266+00	\N	aal1	\N	\N	Mozilla/5.0 (Windows NT 10.0; Win64; x64) AppleWebKit/537.36 (KHTML, like Gecko) Chrome/142.0.0.0 Safari/537.36	177.207.251.27	\N	\N	\N	\N	\N
e6c31e5d-eef0-457a-bac4-f261e0a42c40	cef3cefd-2849-474e-9581-8598f90b24c2	2026-01-19 20:58:59.545525+00	2026-01-19 20:58:59.545525+00	\N	aal1	\N	\N	Mozilla/5.0 (Windows NT 10.0; Win64; x64) AppleWebKit/537.36 (KHTML, like Gecko) Chrome/142.0.0.0 Safari/537.36	177.207.251.27	\N	\N	\N	\N	\N
34ff460f-24d0-4082-b0e8-628644799c64	604f3097-69a6-44e6-a437-a23a3c61f055	2026-01-26 19:59:24.230101+00	2026-01-26 19:59:24.230101+00	\N	aal1	\N	\N	node	138.59.39.219	\N	\N	\N	\N	\N
a0e2a69b-3708-49fd-aee6-2ad1d680e93f	604f3097-69a6-44e6-a437-a23a3c61f055	2026-01-29 13:29:53.977206+00	2026-01-29 15:26:06.648684+00	\N	aal1	\N	2026-01-29 15:26:06.648575	node	138.59.39.219	\N	\N	\N	\N	\N
a20a486c-8760-474f-9c69-0ab182bae38b	604f3097-69a6-44e6-a437-a23a3c61f055	2026-01-26 22:00:15.528214+00	2026-01-26 22:57:35.748999+00	\N	aal1	\N	2026-01-26 22:57:35.748903	node	177.37.140.3	\N	\N	\N	\N	\N
f7075240-13d2-4990-a21c-b3ad29de94e0	604f3097-69a6-44e6-a437-a23a3c61f055	2026-01-31 21:21:36.160359+00	2026-01-31 21:21:36.160359+00	\N	aal1	\N	\N	node	177.37.143.82	\N	\N	\N	\N	\N
fb3b827f-957b-47a6-bf15-9321857358a5	604f3097-69a6-44e6-a437-a23a3c61f055	2026-01-21 21:04:50.526616+00	2026-02-02 00:36:19.699438+00	\N	aal1	\N	2026-02-02 00:36:19.69934	Mozilla/5.0 (Windows NT 10.0; Win64; x64) AppleWebKit/537.36 (KHTML, like Gecko) Chrome/144.0.0.0 Safari/537.36	177.37.141.5	\N	\N	\N	\N	\N
\.


--
-- Data for Name: mfa_amr_claims; Type: TABLE DATA; Schema: auth; Owner: supabase_auth_admin
--

COPY "auth"."mfa_amr_claims" ("session_id", "created_at", "updated_at", "authentication_method", "id") FROM stdin;
259be043-c32d-40aa-a859-aed12800c724	2026-01-06 21:06:40.514407+00	2026-01-06 21:06:40.514407+00	password	e3dc7a3c-793d-4263-a10d-7628eca42937
9d97ab0e-10d6-418b-b0eb-90cc4973b189	2026-01-07 01:27:41.389427+00	2026-01-07 01:27:41.389427+00	password	fbd2776f-55dc-4251-8122-c474d5285784
09496bfe-f15f-4d85-95f8-93a0d36a3d84	2026-01-08 14:02:27.344107+00	2026-01-08 14:02:27.344107+00	password	93b9f95e-990f-4915-b1d8-4c9a495abd6d
005d1a54-40cd-412f-a3f8-73ce3a98289c	2026-01-12 14:03:20.528582+00	2026-01-12 14:03:20.528582+00	password	a5e20caa-1f09-47f9-a188-c396506ec432
b06bdea9-c778-4b0f-b699-10893a7ae14f	2026-01-12 14:03:49.661354+00	2026-01-12 14:03:49.661354+00	password	69a19bd8-ca6c-41e9-a106-b9c00ecefccd
1e02c08c-6bfb-405d-b5e5-e0b129b85a94	2026-01-16 20:51:27.328364+00	2026-01-16 20:51:27.328364+00	password	2b609d5c-e5ad-4db5-9726-456589621e21
c219d86b-76d0-4a61-873f-7086ac903731	2026-01-19 20:21:03.144725+00	2026-01-19 20:21:03.144725+00	password	ed7a5c1d-8ed9-4ac9-83ad-efebca3b495b
e6c31e5d-eef0-457a-bac4-f261e0a42c40	2026-01-19 20:58:59.549725+00	2026-01-19 20:58:59.549725+00	password	5c43173b-3f28-4f5e-9a01-a9ea4999d50d
b8e242e4-b4fc-451e-b479-bade26992dd8	2026-01-19 21:00:40.161409+00	2026-01-19 21:00:40.161409+00	password	f6dd7b3f-5dac-4876-919a-02eb7834eb68
deef5128-78a7-4896-adc7-ca899746d188	2026-01-20 18:14:46.239402+00	2026-01-20 18:14:46.239402+00	password	96e688a8-53d6-42cc-91f0-e161ad9ca9d5
249a67e5-3d40-467d-935c-70784fbdaa27	2026-01-20 21:35:49.409619+00	2026-01-20 21:35:49.409619+00	password	c1a66d43-009a-4fad-82c1-964a407525db
ec1b44e0-1ecc-49f7-a658-862a56bede2e	2026-01-21 13:00:30.790089+00	2026-01-21 13:00:30.790089+00	password	8e8ebb7f-5dac-4396-8bd0-8935e9384b12
a2773173-5e0b-477e-b6ea-78e343e29755	2026-01-21 13:19:01.155819+00	2026-01-21 13:19:01.155819+00	password	07640dc3-a900-44db-acac-708461534569
341e1ea2-4b97-4d5b-9bd0-d4bd424ab2de	2026-01-21 14:53:23.583538+00	2026-01-21 14:53:23.583538+00	password	abec65f5-c0bb-49be-aa70-dcdc8e44aa47
fb3b827f-957b-47a6-bf15-9321857358a5	2026-01-21 21:04:50.531245+00	2026-01-21 21:04:50.531245+00	password	6b9b4b38-73d1-4858-9dc6-3cd84305f05d
e8cfef75-0996-407b-8bff-62ef29ea3a05	2026-01-23 01:36:02.205545+00	2026-01-23 01:36:02.205545+00	password	9857fee2-b709-46ed-b6f6-6cbe47f0aca6
34ff460f-24d0-4082-b0e8-628644799c64	2026-01-26 19:59:24.240223+00	2026-01-26 19:59:24.240223+00	password	0f85c6cd-22c5-4dad-a0fe-1fd504c07e5d
a20a486c-8760-474f-9c69-0ab182bae38b	2026-01-26 22:00:15.535773+00	2026-01-26 22:00:15.535773+00	password	1c76aa31-e33b-4db9-ab95-654e9091c2f4
216331fd-3d7e-480f-b55a-499955d56ea9	2026-01-26 23:47:34.539078+00	2026-01-26 23:47:34.539078+00	password	ba8ef100-7342-4acb-be72-6f9c9ad44030
e9917baf-3017-4f98-b4e9-45da34fe65e8	2026-01-27 12:28:30.641463+00	2026-01-27 12:28:30.641463+00	password	ae7206cd-1202-4d3f-adf5-8ebf5dfba3c7
89057c50-f55f-447d-b42c-06b1c2df7d9d	2026-01-27 12:28:44.411347+00	2026-01-27 12:28:44.411347+00	password	4816e222-59a5-4572-949c-3369da152bdf
d6925711-500a-4d7a-8e5f-24ed6295f787	2026-01-29 01:11:08.226385+00	2026-01-29 01:11:08.226385+00	password	05d66486-676d-4d48-8e7c-525a7842df6e
da7a1b3c-c1f6-42ca-84d7-19606feea137	2026-01-29 02:15:16.719418+00	2026-01-29 02:15:16.719418+00	password	b9b156cd-a26f-4fc8-965c-149b7be90dfd
a0e2a69b-3708-49fd-aee6-2ad1d680e93f	2026-01-29 13:29:53.981454+00	2026-01-29 13:29:53.981454+00	password	dc60a6b6-e7e1-4a95-98ed-3e208c228ea1
f7075240-13d2-4990-a21c-b3ad29de94e0	2026-01-31 21:21:36.172572+00	2026-01-31 21:21:36.172572+00	password	6e0e3e9c-fd67-42e1-813c-409cc877f82f
fb638e00-3e47-4421-bc03-84c9dc82ba19	2026-02-02 12:09:48.626473+00	2026-02-02 12:09:48.626473+00	password	646fd38f-ac6f-425f-80fb-5a93a05ca88f
0f8066f5-6e91-470b-9d77-cb90491746dd	2026-02-02 17:55:20.88376+00	2026-02-02 17:55:20.88376+00	password	b07535e6-9387-4778-82d6-753d344ad58a
\.


--
-- Data for Name: mfa_factors; Type: TABLE DATA; Schema: auth; Owner: supabase_auth_admin
--

COPY "auth"."mfa_factors" ("id", "user_id", "friendly_name", "factor_type", "status", "created_at", "updated_at", "secret", "phone", "last_challenged_at", "web_authn_credential", "web_authn_aaguid", "last_webauthn_challenge_data") FROM stdin;
\.


--
-- Data for Name: mfa_challenges; Type: TABLE DATA; Schema: auth; Owner: supabase_auth_admin
--

COPY "auth"."mfa_challenges" ("id", "factor_id", "created_at", "verified_at", "ip_address", "otp_code", "web_authn_session_data") FROM stdin;
\.


--
-- Data for Name: oauth_authorizations; Type: TABLE DATA; Schema: auth; Owner: supabase_auth_admin
--

COPY "auth"."oauth_authorizations" ("id", "authorization_id", "client_id", "user_id", "redirect_uri", "scope", "state", "resource", "code_challenge", "code_challenge_method", "response_type", "status", "authorization_code", "created_at", "expires_at", "approved_at", "nonce") FROM stdin;
\.


--
-- Data for Name: oauth_client_states; Type: TABLE DATA; Schema: auth; Owner: supabase_auth_admin
--

COPY "auth"."oauth_client_states" ("id", "provider_type", "code_verifier", "created_at") FROM stdin;
\.


--
-- Data for Name: oauth_consents; Type: TABLE DATA; Schema: auth; Owner: supabase_auth_admin
--

COPY "auth"."oauth_consents" ("id", "user_id", "client_id", "scopes", "granted_at", "revoked_at") FROM stdin;
\.


--
-- Data for Name: one_time_tokens; Type: TABLE DATA; Schema: auth; Owner: supabase_auth_admin
--

COPY "auth"."one_time_tokens" ("id", "user_id", "token_type", "token_hash", "relates_to", "created_at", "updated_at") FROM stdin;
\.


--
-- Data for Name: refresh_tokens; Type: TABLE DATA; Schema: auth; Owner: supabase_auth_admin
--

COPY "auth"."refresh_tokens" ("instance_id", "id", "token", "user_id", "revoked", "created_at", "updated_at", "parent", "session_id") FROM stdin;
00000000-0000-0000-0000-000000000000	95	lceymu2irqyk	cef3cefd-2849-474e-9581-8598f90b24c2	t	2026-01-21 11:15:34.182314+00	2026-01-21 12:35:28.393786+00	hasbsye7von2	deef5128-78a7-4896-adc7-ca899746d188
00000000-0000-0000-0000-000000000000	2	gb52qwszombi	1bed4c06-8a76-4eff-8511-80c7bc85ebcf	t	2026-01-06 21:06:40.511539+00	2026-01-06 22:04:45.407923+00	\N	259be043-c32d-40aa-a859-aed12800c724
00000000-0000-0000-0000-000000000000	97	zeaca3muzgbm	604f3097-69a6-44e6-a437-a23a3c61f055	f	2026-01-21 13:00:30.787397+00	2026-01-21 13:00:30.787397+00	\N	ec1b44e0-1ecc-49f7-a658-862a56bede2e
00000000-0000-0000-0000-000000000000	3	ch3mmyoerdpg	1bed4c06-8a76-4eff-8511-80c7bc85ebcf	t	2026-01-06 22:04:45.409377+00	2026-01-06 23:02:46.06899+00	gb52qwszombi	259be043-c32d-40aa-a859-aed12800c724
00000000-0000-0000-0000-000000000000	99	i7zjzfdkey2i	cef3cefd-2849-474e-9581-8598f90b24c2	t	2026-01-21 14:26:07.404498+00	2026-01-21 15:24:24.518505+00	3kvaos4slxsy	a2773173-5e0b-477e-b6ea-78e343e29755
00000000-0000-0000-0000-000000000000	4	4hccppffphtq	1bed4c06-8a76-4eff-8511-80c7bc85ebcf	t	2026-01-06 23:02:46.069843+00	2026-01-07 00:00:47.194722+00	ch3mmyoerdpg	259be043-c32d-40aa-a859-aed12800c724
00000000-0000-0000-0000-000000000000	101	4c3pe2rthb26	cef3cefd-2849-474e-9581-8598f90b24c2	t	2026-01-21 15:24:24.51933+00	2026-01-21 16:22:54.612259+00	i7zjzfdkey2i	a2773173-5e0b-477e-b6ea-78e343e29755
00000000-0000-0000-0000-000000000000	7	jq4vr4beodrz	1bed4c06-8a76-4eff-8511-80c7bc85ebcf	t	2026-01-07 00:00:47.195883+00	2026-01-07 00:58:47.796084+00	4hccppffphtq	259be043-c32d-40aa-a859-aed12800c724
00000000-0000-0000-0000-000000000000	9	cfydfqlhy7rh	1bed4c06-8a76-4eff-8511-80c7bc85ebcf	f	2026-01-07 01:27:41.386798+00	2026-01-07 01:27:41.386798+00	\N	9d97ab0e-10d6-418b-b0eb-90cc4973b189
00000000-0000-0000-0000-000000000000	8	4hbgqm4pe7ot	1bed4c06-8a76-4eff-8511-80c7bc85ebcf	t	2026-01-07 00:58:47.797013+00	2026-01-07 01:56:48.734242+00	jq4vr4beodrz	259be043-c32d-40aa-a859-aed12800c724
00000000-0000-0000-0000-000000000000	103	mgyttjjioryp	cef3cefd-2849-474e-9581-8598f90b24c2	t	2026-01-21 17:21:20.975405+00	2026-01-21 18:20:59.587398+00	l2txixs6au7a	a2773173-5e0b-477e-b6ea-78e343e29755
00000000-0000-0000-0000-000000000000	10	lhfgvsqvkwrx	1bed4c06-8a76-4eff-8511-80c7bc85ebcf	t	2026-01-07 01:56:48.735225+00	2026-01-07 02:54:49.63114+00	4hbgqm4pe7ot	259be043-c32d-40aa-a859-aed12800c724
00000000-0000-0000-0000-000000000000	11	chrolot32ibu	1bed4c06-8a76-4eff-8511-80c7bc85ebcf	t	2026-01-07 02:54:49.632212+00	2026-01-07 03:52:50.602711+00	lhfgvsqvkwrx	259be043-c32d-40aa-a859-aed12800c724
00000000-0000-0000-0000-000000000000	105	relzsdr4jpqo	cef3cefd-2849-474e-9581-8598f90b24c2	t	2026-01-21 18:29:29.970375+00	2026-01-21 19:27:34.186125+00	eu6cqpokkk7o	b8e242e4-b4fc-451e-b479-bade26992dd8
00000000-0000-0000-0000-000000000000	12	ne3jz5pclpz7	1bed4c06-8a76-4eff-8511-80c7bc85ebcf	t	2026-01-07 03:52:50.603795+00	2026-01-07 04:50:51.647565+00	chrolot32ibu	259be043-c32d-40aa-a859-aed12800c724
00000000-0000-0000-0000-000000000000	13	yvxvoiv5sjx3	1bed4c06-8a76-4eff-8511-80c7bc85ebcf	t	2026-01-07 04:50:51.648468+00	2026-01-07 05:48:52.633916+00	ne3jz5pclpz7	259be043-c32d-40aa-a859-aed12800c724
00000000-0000-0000-0000-000000000000	14	fnjj6xkwytgb	1bed4c06-8a76-4eff-8511-80c7bc85ebcf	t	2026-01-07 05:48:52.634987+00	2026-01-07 06:46:53.544802+00	yvxvoiv5sjx3	259be043-c32d-40aa-a859-aed12800c724
00000000-0000-0000-0000-000000000000	15	l3o4zrbhwnwc	1bed4c06-8a76-4eff-8511-80c7bc85ebcf	t	2026-01-07 06:46:53.545775+00	2026-01-07 07:44:54.805118+00	fnjj6xkwytgb	259be043-c32d-40aa-a859-aed12800c724
00000000-0000-0000-0000-000000000000	111	j6f4q5rwuock	cef3cefd-2849-474e-9581-8598f90b24c2	t	2026-01-22 14:49:02.091447+00	2026-01-22 17:09:46.516919+00	ehr7dqtvahfi	b8e242e4-b4fc-451e-b479-bade26992dd8
00000000-0000-0000-0000-000000000000	16	epvcwoafc4cg	1bed4c06-8a76-4eff-8511-80c7bc85ebcf	t	2026-01-07 07:44:54.807727+00	2026-01-07 08:42:55.410816+00	l3o4zrbhwnwc	259be043-c32d-40aa-a859-aed12800c724
00000000-0000-0000-0000-000000000000	109	27y7xihtpnxl	604f3097-69a6-44e6-a437-a23a3c61f055	t	2026-01-21 21:04:50.528591+00	2026-01-23 00:30:33.780684+00	\N	fb3b827f-957b-47a6-bf15-9321857358a5
00000000-0000-0000-0000-000000000000	17	hfecwldawxdr	1bed4c06-8a76-4eff-8511-80c7bc85ebcf	t	2026-01-07 08:42:55.41194+00	2026-01-07 09:40:56.406763+00	epvcwoafc4cg	259be043-c32d-40aa-a859-aed12800c724
00000000-0000-0000-0000-000000000000	18	cucdo3hjxep7	1bed4c06-8a76-4eff-8511-80c7bc85ebcf	t	2026-01-07 09:40:56.407897+00	2026-01-07 10:38:57.350132+00	hfecwldawxdr	259be043-c32d-40aa-a859-aed12800c724
00000000-0000-0000-0000-000000000000	107	3sbs3ncby5bg	604f3097-69a6-44e6-a437-a23a3c61f055	t	2026-01-21 19:54:59.307453+00	2026-01-23 12:59:10.431642+00	ucisn6hdnqfx	341e1ea2-4b97-4d5b-9bd0-d4bd424ab2de
00000000-0000-0000-0000-000000000000	19	y3yqwduhie73	1bed4c06-8a76-4eff-8511-80c7bc85ebcf	t	2026-01-07 10:38:57.352139+00	2026-01-07 11:36:58.266065+00	cucdo3hjxep7	259be043-c32d-40aa-a859-aed12800c724
00000000-0000-0000-0000-000000000000	115	m4yocvqc3jrw	604f3097-69a6-44e6-a437-a23a3c61f055	f	2026-01-23 12:59:10.433003+00	2026-01-23 12:59:10.433003+00	3sbs3ncby5bg	341e1ea2-4b97-4d5b-9bd0-d4bd424ab2de
00000000-0000-0000-0000-000000000000	20	ddxeoqe7zkog	1bed4c06-8a76-4eff-8511-80c7bc85ebcf	t	2026-01-07 11:36:58.267306+00	2026-01-07 12:34:59.166953+00	y3yqwduhie73	259be043-c32d-40aa-a859-aed12800c724
00000000-0000-0000-0000-000000000000	21	ffumdkw2dgso	1bed4c06-8a76-4eff-8511-80c7bc85ebcf	t	2026-01-07 12:34:59.1681+00	2026-01-07 13:33:00.174305+00	ddxeoqe7zkog	259be043-c32d-40aa-a859-aed12800c724
00000000-0000-0000-0000-000000000000	117	d2nzvsyybls3	cef3cefd-2849-474e-9581-8598f90b24c2	t	2026-01-23 17:48:16.587752+00	2026-01-23 19:22:14.994169+00	ovui3waqzd3t	b8e242e4-b4fc-451e-b479-bade26992dd8
00000000-0000-0000-0000-000000000000	22	6n235sylmkqk	1bed4c06-8a76-4eff-8511-80c7bc85ebcf	t	2026-01-07 13:33:00.175874+00	2026-01-07 14:31:01.1318+00	ffumdkw2dgso	259be043-c32d-40aa-a859-aed12800c724
00000000-0000-0000-0000-000000000000	113	dawgphoa3a6f	604f3097-69a6-44e6-a437-a23a3c61f055	t	2026-01-23 00:30:33.781416+00	2026-01-24 00:38:16.488157+00	27y7xihtpnxl	fb3b827f-957b-47a6-bf15-9321857358a5
00000000-0000-0000-0000-000000000000	23	zqsq5lhz7a3j	1bed4c06-8a76-4eff-8511-80c7bc85ebcf	t	2026-01-07 14:31:01.133113+00	2026-01-07 15:29:02.055211+00	6n235sylmkqk	259be043-c32d-40aa-a859-aed12800c724
00000000-0000-0000-0000-000000000000	24	2p3yg4dpry3i	1bed4c06-8a76-4eff-8511-80c7bc85ebcf	t	2026-01-07 15:29:02.056124+00	2026-01-07 16:27:02.994436+00	zqsq5lhz7a3j	259be043-c32d-40aa-a859-aed12800c724
00000000-0000-0000-0000-000000000000	119	g3v2pblofy6d	604f3097-69a6-44e6-a437-a23a3c61f055	t	2026-01-24 00:38:16.488948+00	2026-01-24 02:58:04.583749+00	dawgphoa3a6f	fb3b827f-957b-47a6-bf15-9321857358a5
00000000-0000-0000-0000-000000000000	25	z46hwlvibzch	1bed4c06-8a76-4eff-8511-80c7bc85ebcf	t	2026-01-07 16:27:02.995499+00	2026-01-07 17:25:03.954804+00	2p3yg4dpry3i	259be043-c32d-40aa-a859-aed12800c724
00000000-0000-0000-0000-000000000000	26	lfw6vovp3nwm	1bed4c06-8a76-4eff-8511-80c7bc85ebcf	t	2026-01-07 17:25:03.955824+00	2026-01-07 18:23:04.953552+00	z46hwlvibzch	259be043-c32d-40aa-a859-aed12800c724
00000000-0000-0000-0000-000000000000	27	vln6eat63yan	1bed4c06-8a76-4eff-8511-80c7bc85ebcf	t	2026-01-07 18:23:04.958236+00	2026-01-07 19:21:05.908901+00	lfw6vovp3nwm	259be043-c32d-40aa-a859-aed12800c724
00000000-0000-0000-0000-000000000000	123	gthndqgmkl2z	cef3cefd-2849-474e-9581-8598f90b24c2	t	2026-01-26 13:36:37.483114+00	2026-01-26 19:19:10.146326+00	tj2zjjvnnx3x	b8e242e4-b4fc-451e-b479-bade26992dd8
00000000-0000-0000-0000-000000000000	28	6sri2guea3gi	1bed4c06-8a76-4eff-8511-80c7bc85ebcf	t	2026-01-07 19:21:05.909732+00	2026-01-07 20:19:06.935288+00	vln6eat63yan	259be043-c32d-40aa-a859-aed12800c724
00000000-0000-0000-0000-000000000000	29	qjsnx7wqcims	1bed4c06-8a76-4eff-8511-80c7bc85ebcf	f	2026-01-07 20:19:06.936581+00	2026-01-07 20:19:06.936581+00	6sri2guea3gi	259be043-c32d-40aa-a859-aed12800c724
00000000-0000-0000-0000-000000000000	30	v2uwrrsnppp5	1bed4c06-8a76-4eff-8511-80c7bc85ebcf	f	2026-01-08 14:02:27.340711+00	2026-01-08 14:02:27.340711+00	\N	09496bfe-f15f-4d85-95f8-93a0d36a3d84
00000000-0000-0000-0000-000000000000	125	hbo2sr62y3zh	604f3097-69a6-44e6-a437-a23a3c61f055	f	2026-01-26 19:59:24.237593+00	2026-01-26 19:59:24.237593+00	\N	34ff460f-24d0-4082-b0e8-628644799c64
00000000-0000-0000-0000-000000000000	121	zazatpfuzdqi	604f3097-69a6-44e6-a437-a23a3c61f055	t	2026-01-24 21:34:37.1788+00	2026-01-27 00:54:13.884133+00	zijglgwm3fl5	fb3b827f-957b-47a6-bf15-9321857358a5
00000000-0000-0000-0000-000000000000	36	crqgmvwhnpig	1bed4c06-8a76-4eff-8511-80c7bc85ebcf	t	2026-01-12 14:03:20.525527+00	2026-01-12 15:01:20.774461+00	\N	005d1a54-40cd-412f-a3f8-73ce3a98289c
00000000-0000-0000-0000-000000000000	37	u5bald4wjmd5	1bed4c06-8a76-4eff-8511-80c7bc85ebcf	t	2026-01-12 14:03:49.659722+00	2026-01-12 15:01:53.489173+00	\N	b06bdea9-c778-4b0f-b699-10893a7ae14f
00000000-0000-0000-0000-000000000000	39	b3p6bzpo56y4	1bed4c06-8a76-4eff-8511-80c7bc85ebcf	t	2026-01-12 15:01:20.775341+00	2026-01-12 15:59:21.808847+00	crqgmvwhnpig	005d1a54-40cd-412f-a3f8-73ce3a98289c
00000000-0000-0000-0000-000000000000	40	3p4zrs47webz	1bed4c06-8a76-4eff-8511-80c7bc85ebcf	t	2026-01-12 15:01:53.489587+00	2026-01-12 15:59:54.43219+00	u5bald4wjmd5	b06bdea9-c778-4b0f-b699-10893a7ae14f
00000000-0000-0000-0000-000000000000	42	qeuyjp5epu3a	1bed4c06-8a76-4eff-8511-80c7bc85ebcf	t	2026-01-12 15:59:21.809778+00	2026-01-12 16:57:22.191591+00	b3p6bzpo56y4	005d1a54-40cd-412f-a3f8-73ce3a98289c
00000000-0000-0000-0000-000000000000	45	syyrwd3f5djg	1bed4c06-8a76-4eff-8511-80c7bc85ebcf	f	2026-01-12 16:57:22.192515+00	2026-01-12 16:57:22.192515+00	qeuyjp5epu3a	005d1a54-40cd-412f-a3f8-73ce3a98289c
00000000-0000-0000-0000-000000000000	43	5yw42miy5qtv	1bed4c06-8a76-4eff-8511-80c7bc85ebcf	t	2026-01-12 15:59:54.433003+00	2026-01-12 16:57:55.369541+00	3p4zrs47webz	b06bdea9-c778-4b0f-b699-10893a7ae14f
00000000-0000-0000-0000-000000000000	46	77mk4mbncgd6	1bed4c06-8a76-4eff-8511-80c7bc85ebcf	f	2026-01-12 16:57:55.369995+00	2026-01-12 16:57:55.369995+00	5yw42miy5qtv	b06bdea9-c778-4b0f-b699-10893a7ae14f
00000000-0000-0000-0000-000000000000	92	hasbsye7von2	cef3cefd-2849-474e-9581-8598f90b24c2	t	2026-01-20 20:53:14.779132+00	2026-01-21 11:15:34.181414+00	fekxnrzcmumy	deef5128-78a7-4896-adc7-ca899746d188
00000000-0000-0000-0000-000000000000	54	3g6idwbnzfmg	1bed4c06-8a76-4eff-8511-80c7bc85ebcf	f	2026-01-16 20:51:27.324411+00	2026-01-16 20:51:27.324411+00	\N	1e02c08c-6bfb-405d-b5e5-e0b129b85a94
00000000-0000-0000-0000-000000000000	96	3kwduvnlvdrl	cef3cefd-2849-474e-9581-8598f90b24c2	f	2026-01-21 12:35:28.394636+00	2026-01-21 12:35:28.394636+00	lceymu2irqyk	deef5128-78a7-4896-adc7-ca899746d188
00000000-0000-0000-0000-000000000000	187	npl6stnw76il	604f3097-69a6-44e6-a437-a23a3c61f055	f	2026-02-02 18:53:21.82534+00	2026-02-02 18:53:21.82534+00	cflwcbtrnvcq	0f8066f5-6e91-470b-9d77-cb90491746dd
00000000-0000-0000-0000-000000000000	57	f4ah5i7i37dd	cef3cefd-2849-474e-9581-8598f90b24c2	f	2026-01-19 20:21:03.142709+00	2026-01-19 20:21:03.142709+00	\N	c219d86b-76d0-4a61-873f-7086ac903731
00000000-0000-0000-0000-000000000000	58	uo6bhrwh3bir	cef3cefd-2849-474e-9581-8598f90b24c2	f	2026-01-19 20:58:59.547276+00	2026-01-19 20:58:59.547276+00	\N	e6c31e5d-eef0-457a-bac4-f261e0a42c40
00000000-0000-0000-0000-000000000000	98	3kvaos4slxsy	cef3cefd-2849-474e-9581-8598f90b24c2	t	2026-01-21 13:19:01.152534+00	2026-01-21 14:26:07.403705+00	\N	a2773173-5e0b-477e-b6ea-78e343e29755
00000000-0000-0000-0000-000000000000	59	letupzdy64q2	cef3cefd-2849-474e-9581-8598f90b24c2	t	2026-01-19 21:00:40.158+00	2026-01-19 21:59:00.532362+00	\N	b8e242e4-b4fc-451e-b479-bade26992dd8
00000000-0000-0000-0000-000000000000	60	7iqzkzov2rod	cef3cefd-2849-474e-9581-8598f90b24c2	t	2026-01-19 21:59:00.535246+00	2026-01-19 22:57:30.492657+00	letupzdy64q2	b8e242e4-b4fc-451e-b479-bade26992dd8
00000000-0000-0000-0000-000000000000	102	l2txixs6au7a	cef3cefd-2849-474e-9581-8598f90b24c2	t	2026-01-21 16:22:54.614461+00	2026-01-21 17:21:20.974589+00	4c3pe2rthb26	a2773173-5e0b-477e-b6ea-78e343e29755
00000000-0000-0000-0000-000000000000	104	cckby4dsqwmr	cef3cefd-2849-474e-9581-8598f90b24c2	f	2026-01-21 18:20:59.588119+00	2026-01-21 18:20:59.588119+00	mgyttjjioryp	a2773173-5e0b-477e-b6ea-78e343e29755
00000000-0000-0000-0000-000000000000	89	eu6cqpokkk7o	cef3cefd-2849-474e-9581-8598f90b24c2	t	2026-01-20 19:20:10.018128+00	2026-01-21 18:29:29.969545+00	j6asgh3jwztl	b8e242e4-b4fc-451e-b479-bade26992dd8
00000000-0000-0000-0000-000000000000	100	ucisn6hdnqfx	604f3097-69a6-44e6-a437-a23a3c61f055	t	2026-01-21 14:53:23.579382+00	2026-01-21 19:54:59.306712+00	\N	341e1ea2-4b97-4d5b-9bd0-d4bd424ab2de
00000000-0000-0000-0000-000000000000	106	6uy6kvy76wuu	cef3cefd-2849-474e-9581-8598f90b24c2	t	2026-01-21 19:27:34.187034+00	2026-01-21 20:48:42.373808+00	relzsdr4jpqo	b8e242e4-b4fc-451e-b479-bade26992dd8
00000000-0000-0000-0000-000000000000	61	3vko2xomjffm	cef3cefd-2849-474e-9581-8598f90b24c2	t	2026-01-19 22:57:30.493737+00	2026-01-19 23:56:00.662082+00	7iqzkzov2rod	b8e242e4-b4fc-451e-b479-bade26992dd8
00000000-0000-0000-0000-000000000000	108	bke47c6pc63z	cef3cefd-2849-474e-9581-8598f90b24c2	t	2026-01-21 20:48:42.374582+00	2026-01-22 11:20:32.726629+00	6uy6kvy76wuu	b8e242e4-b4fc-451e-b479-bade26992dd8
00000000-0000-0000-0000-000000000000	69	e46ar4x6k3gi	cef3cefd-2849-474e-9581-8598f90b24c2	t	2026-01-19 23:56:00.663137+00	2026-01-20 00:54:30.565296+00	3vko2xomjffm	b8e242e4-b4fc-451e-b479-bade26992dd8
00000000-0000-0000-0000-000000000000	110	ehr7dqtvahfi	cef3cefd-2849-474e-9581-8598f90b24c2	t	2026-01-22 11:20:32.727498+00	2026-01-22 14:49:02.09066+00	bke47c6pc63z	b8e242e4-b4fc-451e-b479-bade26992dd8
00000000-0000-0000-0000-000000000000	71	qzgj67u7jl2v	cef3cefd-2849-474e-9581-8598f90b24c2	t	2026-01-20 00:54:30.566137+00	2026-01-20 01:52:30.957735+00	e46ar4x6k3gi	b8e242e4-b4fc-451e-b479-bade26992dd8
00000000-0000-0000-0000-000000000000	72	iufpll6qpps2	cef3cefd-2849-474e-9581-8598f90b24c2	t	2026-01-20 01:52:30.958489+00	2026-01-20 02:50:30.764136+00	qzgj67u7jl2v	b8e242e4-b4fc-451e-b479-bade26992dd8
00000000-0000-0000-0000-000000000000	114	kqtlaupdk4hp	604f3097-69a6-44e6-a437-a23a3c61f055	f	2026-01-23 01:36:02.202981+00	2026-01-23 01:36:02.202981+00	\N	e8cfef75-0996-407b-8bff-62ef29ea3a05
00000000-0000-0000-0000-000000000000	73	xcvlul7344n6	cef3cefd-2849-474e-9581-8598f90b24c2	t	2026-01-20 02:50:30.765055+00	2026-01-20 03:48:30.753244+00	iufpll6qpps2	b8e242e4-b4fc-451e-b479-bade26992dd8
00000000-0000-0000-0000-000000000000	112	kcqhsburxszn	cef3cefd-2849-474e-9581-8598f90b24c2	t	2026-01-22 17:09:46.517961+00	2026-01-23 13:57:47.754947+00	j6f4q5rwuock	b8e242e4-b4fc-451e-b479-bade26992dd8
00000000-0000-0000-0000-000000000000	74	nyikj3soun57	cef3cefd-2849-474e-9581-8598f90b24c2	t	2026-01-20 03:48:30.7543+00	2026-01-20 04:46:30.683193+00	xcvlul7344n6	b8e242e4-b4fc-451e-b479-bade26992dd8
00000000-0000-0000-0000-000000000000	75	fz6andhefi5t	cef3cefd-2849-474e-9581-8598f90b24c2	t	2026-01-20 04:46:30.684364+00	2026-01-20 05:44:30.785389+00	nyikj3soun57	b8e242e4-b4fc-451e-b479-bade26992dd8
00000000-0000-0000-0000-000000000000	116	ovui3waqzd3t	cef3cefd-2849-474e-9581-8598f90b24c2	t	2026-01-23 13:57:47.755715+00	2026-01-23 17:48:16.586585+00	kcqhsburxszn	b8e242e4-b4fc-451e-b479-bade26992dd8
00000000-0000-0000-0000-000000000000	76	o6zxnhotw4qf	cef3cefd-2849-474e-9581-8598f90b24c2	t	2026-01-20 05:44:30.786258+00	2026-01-20 06:42:30.779306+00	fz6andhefi5t	b8e242e4-b4fc-451e-b479-bade26992dd8
00000000-0000-0000-0000-000000000000	77	s2vjbzkvr47v	cef3cefd-2849-474e-9581-8598f90b24c2	t	2026-01-20 06:42:30.780054+00	2026-01-20 07:40:30.886639+00	o6zxnhotw4qf	b8e242e4-b4fc-451e-b479-bade26992dd8
00000000-0000-0000-0000-000000000000	78	yq7eafumjl73	cef3cefd-2849-474e-9581-8598f90b24c2	t	2026-01-20 07:40:30.887476+00	2026-01-20 08:38:30.815504+00	s2vjbzkvr47v	b8e242e4-b4fc-451e-b479-bade26992dd8
00000000-0000-0000-0000-000000000000	120	zijglgwm3fl5	604f3097-69a6-44e6-a437-a23a3c61f055	t	2026-01-24 02:58:04.584499+00	2026-01-24 21:34:37.177649+00	g3v2pblofy6d	fb3b827f-957b-47a6-bf15-9321857358a5
00000000-0000-0000-0000-000000000000	79	fccp6rnnoay3	cef3cefd-2849-474e-9581-8598f90b24c2	t	2026-01-20 08:38:30.816492+00	2026-01-20 09:36:30.958337+00	yq7eafumjl73	b8e242e4-b4fc-451e-b479-bade26992dd8
00000000-0000-0000-0000-000000000000	118	s2wxffp7brbx	cef3cefd-2849-474e-9581-8598f90b24c2	t	2026-01-23 19:22:14.995064+00	2026-01-26 10:24:03.958068+00	d2nzvsyybls3	b8e242e4-b4fc-451e-b479-bade26992dd8
00000000-0000-0000-0000-000000000000	80	xdtqodhjuovt	cef3cefd-2849-474e-9581-8598f90b24c2	t	2026-01-20 09:36:30.959117+00	2026-01-20 10:34:30.948569+00	fccp6rnnoay3	b8e242e4-b4fc-451e-b479-bade26992dd8
00000000-0000-0000-0000-000000000000	81	5qrv4lqlh6rd	cef3cefd-2849-474e-9581-8598f90b24c2	t	2026-01-20 10:34:30.949374+00	2026-01-20 12:11:19.108778+00	xdtqodhjuovt	b8e242e4-b4fc-451e-b479-bade26992dd8
00000000-0000-0000-0000-000000000000	122	tj2zjjvnnx3x	cef3cefd-2849-474e-9581-8598f90b24c2	t	2026-01-26 10:24:03.961798+00	2026-01-26 13:36:37.480057+00	s2wxffp7brbx	b8e242e4-b4fc-451e-b479-bade26992dd8
00000000-0000-0000-0000-000000000000	82	n3ym2pwmetj2	cef3cefd-2849-474e-9581-8598f90b24c2	t	2026-01-20 12:11:19.109579+00	2026-01-20 13:09:28.548152+00	5qrv4lqlh6rd	b8e242e4-b4fc-451e-b479-bade26992dd8
00000000-0000-0000-0000-000000000000	83	amm4bfrunhwl	cef3cefd-2849-474e-9581-8598f90b24c2	t	2026-01-20 13:09:28.548928+00	2026-01-20 14:10:02.645232+00	n3ym2pwmetj2	b8e242e4-b4fc-451e-b479-bade26992dd8
00000000-0000-0000-0000-000000000000	124	4tlsn5nqimsk	cef3cefd-2849-474e-9581-8598f90b24c2	t	2026-01-26 19:19:10.147484+00	2026-01-26 20:38:07.288653+00	gthndqgmkl2z	b8e242e4-b4fc-451e-b479-bade26992dd8
00000000-0000-0000-0000-000000000000	84	md3x7x3gf46z	cef3cefd-2849-474e-9581-8598f90b24c2	t	2026-01-20 14:10:02.646332+00	2026-01-20 15:08:14.626135+00	amm4bfrunhwl	b8e242e4-b4fc-451e-b479-bade26992dd8
00000000-0000-0000-0000-000000000000	85	qievi3uw55c5	cef3cefd-2849-474e-9581-8598f90b24c2	t	2026-01-20 15:08:14.626944+00	2026-01-20 16:06:14.822644+00	md3x7x3gf46z	b8e242e4-b4fc-451e-b479-bade26992dd8
00000000-0000-0000-0000-000000000000	126	pt7byc2bxcyr	cef3cefd-2849-474e-9581-8598f90b24c2	t	2026-01-26 20:38:07.289426+00	2026-01-26 21:36:35.331182+00	4tlsn5nqimsk	b8e242e4-b4fc-451e-b479-bade26992dd8
00000000-0000-0000-0000-000000000000	86	vlcdrbvaev45	cef3cefd-2849-474e-9581-8598f90b24c2	t	2026-01-20 16:06:14.823925+00	2026-01-20 18:21:41.17059+00	qievi3uw55c5	b8e242e4-b4fc-451e-b479-bade26992dd8
00000000-0000-0000-0000-000000000000	88	j6asgh3jwztl	cef3cefd-2849-474e-9581-8598f90b24c2	t	2026-01-20 18:21:41.171625+00	2026-01-20 19:20:10.016886+00	vlcdrbvaev45	b8e242e4-b4fc-451e-b479-bade26992dd8
00000000-0000-0000-0000-000000000000	127	c6ez4yuxpr5v	cef3cefd-2849-474e-9581-8598f90b24c2	t	2026-01-26 21:36:35.332221+00	2026-01-26 22:35:05.528748+00	pt7byc2bxcyr	b8e242e4-b4fc-451e-b479-bade26992dd8
00000000-0000-0000-0000-000000000000	87	syj3dxylly6d	cef3cefd-2849-474e-9581-8598f90b24c2	t	2026-01-20 18:14:46.236839+00	2026-01-20 19:35:19.30715+00	\N	deef5128-78a7-4896-adc7-ca899746d188
00000000-0000-0000-0000-000000000000	91	fekxnrzcmumy	cef3cefd-2849-474e-9581-8598f90b24c2	t	2026-01-20 19:35:19.30824+00	2026-01-20 20:53:14.77797+00	syj3dxylly6d	deef5128-78a7-4896-adc7-ca899746d188
00000000-0000-0000-0000-000000000000	128	czkwagtozbsh	604f3097-69a6-44e6-a437-a23a3c61f055	t	2026-01-26 22:00:15.533094+00	2026-01-26 22:57:35.743145+00	\N	a20a486c-8760-474f-9c69-0ab182bae38b
00000000-0000-0000-0000-000000000000	94	2vjpzezqrjdg	604f3097-69a6-44e6-a437-a23a3c61f055	f	2026-01-20 21:35:49.407416+00	2026-01-20 21:35:49.407416+00	\N	249a67e5-3d40-467d-935c-70784fbdaa27
00000000-0000-0000-0000-000000000000	130	k7oylt7zodbb	604f3097-69a6-44e6-a437-a23a3c61f055	f	2026-01-26 22:57:35.744198+00	2026-01-26 22:57:35.744198+00	czkwagtozbsh	a20a486c-8760-474f-9c69-0ab182bae38b
00000000-0000-0000-0000-000000000000	129	ogswiy6cs62b	cef3cefd-2849-474e-9581-8598f90b24c2	t	2026-01-26 22:35:05.529522+00	2026-01-26 23:33:35.139293+00	c6ez4yuxpr5v	b8e242e4-b4fc-451e-b479-bade26992dd8
00000000-0000-0000-0000-000000000000	131	5spvobbmxrqd	cef3cefd-2849-474e-9581-8598f90b24c2	t	2026-01-26 23:33:35.140193+00	2026-01-27 00:32:05.424047+00	ogswiy6cs62b	b8e242e4-b4fc-451e-b479-bade26992dd8
00000000-0000-0000-0000-000000000000	132	dgb4q3yy2i3o	604f3097-69a6-44e6-a437-a23a3c61f055	t	2026-01-26 23:47:34.536537+00	2026-01-27 00:45:16.042443+00	\N	216331fd-3d7e-480f-b55a-499955d56ea9
00000000-0000-0000-0000-000000000000	188	nmi6h44acfca	1bed4c06-8a76-4eff-8511-80c7bc85ebcf	f	2026-02-02 18:56:12.604422+00	2026-02-02 18:56:12.604422+00	ufkqvvdvow75	fb638e00-3e47-4421-bc03-84c9dc82ba19
00000000-0000-0000-0000-000000000000	134	y3nlx7npnlmh	604f3097-69a6-44e6-a437-a23a3c61f055	f	2026-01-27 00:45:16.043645+00	2026-01-27 00:45:16.043645+00	dgb4q3yy2i3o	216331fd-3d7e-480f-b55a-499955d56ea9
00000000-0000-0000-0000-000000000000	133	dim2vcpswmb5	cef3cefd-2849-474e-9581-8598f90b24c2	t	2026-01-27 00:32:05.425804+00	2026-01-27 01:30:35.37753+00	5spvobbmxrqd	b8e242e4-b4fc-451e-b479-bade26992dd8
00000000-0000-0000-0000-000000000000	136	yzhqey5swc7l	cef3cefd-2849-474e-9581-8598f90b24c2	t	2026-01-27 01:30:35.378324+00	2026-01-27 02:29:05.589314+00	dim2vcpswmb5	b8e242e4-b4fc-451e-b479-bade26992dd8
00000000-0000-0000-0000-000000000000	137	aiugisqdbev6	cef3cefd-2849-474e-9581-8598f90b24c2	t	2026-01-27 02:29:05.590098+00	2026-01-27 03:27:35.559543+00	yzhqey5swc7l	b8e242e4-b4fc-451e-b479-bade26992dd8
00000000-0000-0000-0000-000000000000	138	3ee2lnyfvw46	cef3cefd-2849-474e-9581-8598f90b24c2	t	2026-01-27 03:27:35.560336+00	2026-01-27 04:25:35.671103+00	aiugisqdbev6	b8e242e4-b4fc-451e-b479-bade26992dd8
00000000-0000-0000-0000-000000000000	139	2epxpbwkws26	cef3cefd-2849-474e-9581-8598f90b24c2	t	2026-01-27 04:25:35.672159+00	2026-01-27 05:23:35.683488+00	3ee2lnyfvw46	b8e242e4-b4fc-451e-b479-bade26992dd8
00000000-0000-0000-0000-000000000000	140	haqt73k2wfep	cef3cefd-2849-474e-9581-8598f90b24c2	t	2026-01-27 05:23:35.684484+00	2026-01-27 06:21:35.699282+00	2epxpbwkws26	b8e242e4-b4fc-451e-b479-bade26992dd8
00000000-0000-0000-0000-000000000000	141	sgbqfx7lkbkr	cef3cefd-2849-474e-9581-8598f90b24c2	t	2026-01-27 06:21:35.700446+00	2026-01-27 07:19:35.75091+00	haqt73k2wfep	b8e242e4-b4fc-451e-b479-bade26992dd8
00000000-0000-0000-0000-000000000000	142	qp7xpo23xxld	cef3cefd-2849-474e-9581-8598f90b24c2	t	2026-01-27 07:19:35.752043+00	2026-01-27 08:17:35.773827+00	sgbqfx7lkbkr	b8e242e4-b4fc-451e-b479-bade26992dd8
00000000-0000-0000-0000-000000000000	143	32fjaqe3erjh	cef3cefd-2849-474e-9581-8598f90b24c2	t	2026-01-27 08:17:35.775005+00	2026-01-27 09:15:35.787902+00	qp7xpo23xxld	b8e242e4-b4fc-451e-b479-bade26992dd8
00000000-0000-0000-0000-000000000000	144	hpd2wlc3d5oq	cef3cefd-2849-474e-9581-8598f90b24c2	t	2026-01-27 09:15:35.788643+00	2026-01-27 10:13:35.871849+00	32fjaqe3erjh	b8e242e4-b4fc-451e-b479-bade26992dd8
00000000-0000-0000-0000-000000000000	145	g74rlfutzu6m	cef3cefd-2849-474e-9581-8598f90b24c2	t	2026-01-27 10:13:35.873016+00	2026-01-27 11:26:46.427443+00	hpd2wlc3d5oq	b8e242e4-b4fc-451e-b479-bade26992dd8
00000000-0000-0000-0000-000000000000	146	gdgmbre77mv5	cef3cefd-2849-474e-9581-8598f90b24c2	t	2026-01-27 11:26:46.428532+00	2026-01-27 12:29:19.948703+00	g74rlfutzu6m	b8e242e4-b4fc-451e-b479-bade26992dd8
00000000-0000-0000-0000-000000000000	148	7dif57ljjk33	1bed4c06-8a76-4eff-8511-80c7bc85ebcf	t	2026-01-27 12:28:44.409629+00	2026-01-27 13:26:46.393557+00	\N	89057c50-f55f-447d-b42c-06b1c2df7d9d
00000000-0000-0000-0000-000000000000	147	6byv7kzvqgau	1bed4c06-8a76-4eff-8511-80c7bc85ebcf	t	2026-01-27 12:28:30.638806+00	2026-01-27 13:26:51.56971+00	\N	e9917baf-3017-4f98-b4e9-45da34fe65e8
00000000-0000-0000-0000-000000000000	150	mm6zhcjqxj7r	1bed4c06-8a76-4eff-8511-80c7bc85ebcf	t	2026-01-27 13:26:46.394463+00	2026-01-27 14:24:48.254772+00	7dif57ljjk33	89057c50-f55f-447d-b42c-06b1c2df7d9d
00000000-0000-0000-0000-000000000000	151	hkq5a4tu3kaj	1bed4c06-8a76-4eff-8511-80c7bc85ebcf	t	2026-01-27 13:26:51.570083+00	2026-01-27 14:24:53.822791+00	6byv7kzvqgau	e9917baf-3017-4f98-b4e9-45da34fe65e8
00000000-0000-0000-0000-000000000000	152	4afmeu3djudi	1bed4c06-8a76-4eff-8511-80c7bc85ebcf	t	2026-01-27 14:24:48.256383+00	2026-01-27 15:22:49.689805+00	mm6zhcjqxj7r	89057c50-f55f-447d-b42c-06b1c2df7d9d
00000000-0000-0000-0000-000000000000	153	oyb45n3jj4h6	1bed4c06-8a76-4eff-8511-80c7bc85ebcf	t	2026-01-27 14:24:53.823186+00	2026-01-27 15:22:55.441187+00	hkq5a4tu3kaj	e9917baf-3017-4f98-b4e9-45da34fe65e8
00000000-0000-0000-0000-000000000000	154	44gatt5rsbfv	1bed4c06-8a76-4eff-8511-80c7bc85ebcf	t	2026-01-27 15:22:49.690936+00	2026-01-27 16:20:50.681073+00	4afmeu3djudi	89057c50-f55f-447d-b42c-06b1c2df7d9d
00000000-0000-0000-0000-000000000000	155	y555tz22q3ok	1bed4c06-8a76-4eff-8511-80c7bc85ebcf	t	2026-01-27 15:22:55.441625+00	2026-01-27 16:20:56.417389+00	oyb45n3jj4h6	e9917baf-3017-4f98-b4e9-45da34fe65e8
00000000-0000-0000-0000-000000000000	149	4i7lh3jxuymr	cef3cefd-2849-474e-9581-8598f90b24c2	t	2026-01-27 12:29:19.950071+00	2026-01-27 17:14:04.767526+00	gdgmbre77mv5	b8e242e4-b4fc-451e-b479-bade26992dd8
00000000-0000-0000-0000-000000000000	156	53b5fbulq35j	1bed4c06-8a76-4eff-8511-80c7bc85ebcf	t	2026-01-27 16:20:50.68205+00	2026-01-27 17:18:51.625564+00	44gatt5rsbfv	89057c50-f55f-447d-b42c-06b1c2df7d9d
00000000-0000-0000-0000-000000000000	157	zp2xynrkow72	1bed4c06-8a76-4eff-8511-80c7bc85ebcf	t	2026-01-27 16:20:56.418053+00	2026-01-27 17:18:57.95805+00	y555tz22q3ok	e9917baf-3017-4f98-b4e9-45da34fe65e8
00000000-0000-0000-0000-000000000000	159	lufdwwhovsxf	1bed4c06-8a76-4eff-8511-80c7bc85ebcf	t	2026-01-27 17:18:51.626535+00	2026-01-27 18:16:54.95528+00	53b5fbulq35j	89057c50-f55f-447d-b42c-06b1c2df7d9d
00000000-0000-0000-0000-000000000000	160	4w2bmcwfaamc	1bed4c06-8a76-4eff-8511-80c7bc85ebcf	t	2026-01-27 17:18:57.958413+00	2026-01-27 18:17:00.796191+00	zp2xynrkow72	e9917baf-3017-4f98-b4e9-45da34fe65e8
00000000-0000-0000-0000-000000000000	161	xoxanuuihpto	1bed4c06-8a76-4eff-8511-80c7bc85ebcf	t	2026-01-27 18:16:54.956434+00	2026-01-27 19:14:56.048577+00	lufdwwhovsxf	89057c50-f55f-447d-b42c-06b1c2df7d9d
00000000-0000-0000-0000-000000000000	163	lzvmgde4hd5r	1bed4c06-8a76-4eff-8511-80c7bc85ebcf	f	2026-01-27 19:14:56.049483+00	2026-01-27 19:14:56.049483+00	xoxanuuihpto	89057c50-f55f-447d-b42c-06b1c2df7d9d
00000000-0000-0000-0000-000000000000	162	2qyrzzijfwkv	1bed4c06-8a76-4eff-8511-80c7bc85ebcf	t	2026-01-27 18:17:00.796698+00	2026-01-27 19:15:01.783538+00	4w2bmcwfaamc	e9917baf-3017-4f98-b4e9-45da34fe65e8
00000000-0000-0000-0000-000000000000	164	dp5e777u3qv5	1bed4c06-8a76-4eff-8511-80c7bc85ebcf	f	2026-01-27 19:15:01.785261+00	2026-01-27 19:15:01.785261+00	2qyrzzijfwkv	e9917baf-3017-4f98-b4e9-45da34fe65e8
00000000-0000-0000-0000-000000000000	165	wbgnly55rqw5	604f3097-69a6-44e6-a437-a23a3c61f055	t	2026-01-29 01:11:08.210605+00	2026-01-29 02:08:53.343026+00	\N	d6925711-500a-4d7a-8e5f-24ed6295f787
00000000-0000-0000-0000-000000000000	166	2dtkve4yoppf	604f3097-69a6-44e6-a437-a23a3c61f055	f	2026-01-29 02:08:53.345083+00	2026-01-29 02:08:53.345083+00	wbgnly55rqw5	d6925711-500a-4d7a-8e5f-24ed6295f787
00000000-0000-0000-0000-000000000000	167	kb7xl4s5pve7	604f3097-69a6-44e6-a437-a23a3c61f055	f	2026-01-29 02:15:16.716834+00	2026-01-29 02:15:16.716834+00	\N	da7a1b3c-c1f6-42ca-84d7-19606feea137
00000000-0000-0000-0000-000000000000	168	oqkt64tz4l57	604f3097-69a6-44e6-a437-a23a3c61f055	t	2026-01-29 13:29:53.978977+00	2026-01-29 14:28:06.045648+00	\N	a0e2a69b-3708-49fd-aee6-2ad1d680e93f
00000000-0000-0000-0000-000000000000	169	gletjphhsps5	604f3097-69a6-44e6-a437-a23a3c61f055	t	2026-01-29 14:28:06.046691+00	2026-01-29 15:26:06.644061+00	oqkt64tz4l57	a0e2a69b-3708-49fd-aee6-2ad1d680e93f
00000000-0000-0000-0000-000000000000	170	436l5t7tchug	604f3097-69a6-44e6-a437-a23a3c61f055	f	2026-01-29 15:26:06.64536+00	2026-01-29 15:26:06.64536+00	gletjphhsps5	a0e2a69b-3708-49fd-aee6-2ad1d680e93f
00000000-0000-0000-0000-000000000000	135	vfdhd6t5vtnv	604f3097-69a6-44e6-a437-a23a3c61f055	t	2026-01-27 00:54:13.885243+00	2026-01-29 22:44:08.931911+00	zazatpfuzdqi	fb3b827f-957b-47a6-bf15-9321857358a5
00000000-0000-0000-0000-000000000000	172	zak36vennybs	604f3097-69a6-44e6-a437-a23a3c61f055	f	2026-01-31 21:21:36.168625+00	2026-01-31 21:21:36.168625+00	\N	f7075240-13d2-4990-a21c-b3ad29de94e0
00000000-0000-0000-0000-000000000000	171	ahbz47tgurgp	604f3097-69a6-44e6-a437-a23a3c61f055	t	2026-01-29 22:44:08.933009+00	2026-02-02 00:36:19.686564+00	vfdhd6t5vtnv	fb3b827f-957b-47a6-bf15-9321857358a5
00000000-0000-0000-0000-000000000000	173	mvcwa7flvx3l	604f3097-69a6-44e6-a437-a23a3c61f055	f	2026-02-02 00:36:19.693763+00	2026-02-02 00:36:19.693763+00	ahbz47tgurgp	fb3b827f-957b-47a6-bf15-9321857358a5
00000000-0000-0000-0000-000000000000	158	7cm7credjz74	cef3cefd-2849-474e-9581-8598f90b24c2	t	2026-01-27 17:14:04.768614+00	2026-02-02 12:09:54.978613+00	4i7lh3jxuymr	b8e242e4-b4fc-451e-b479-bade26992dd8
00000000-0000-0000-0000-000000000000	174	w7ifp64fqihw	1bed4c06-8a76-4eff-8511-80c7bc85ebcf	t	2026-02-02 12:09:48.622641+00	2026-02-02 13:08:07.000543+00	\N	fb638e00-3e47-4421-bc03-84c9dc82ba19
00000000-0000-0000-0000-000000000000	175	xbmsj5hh7ldm	cef3cefd-2849-474e-9581-8598f90b24c2	t	2026-02-02 12:09:54.979422+00	2026-02-02 13:14:44.432528+00	7cm7credjz74	b8e242e4-b4fc-451e-b479-bade26992dd8
00000000-0000-0000-0000-000000000000	176	jgtlku6qurcv	1bed4c06-8a76-4eff-8511-80c7bc85ebcf	t	2026-02-02 13:08:07.002102+00	2026-02-02 14:06:07.949397+00	w7ifp64fqihw	fb638e00-3e47-4421-bc03-84c9dc82ba19
00000000-0000-0000-0000-000000000000	177	xotsjtea35sh	cef3cefd-2849-474e-9581-8598f90b24c2	t	2026-02-02 13:14:44.433271+00	2026-02-02 14:44:59.655731+00	xbmsj5hh7ldm	b8e242e4-b4fc-451e-b479-bade26992dd8
00000000-0000-0000-0000-000000000000	178	qthm64lc6wev	1bed4c06-8a76-4eff-8511-80c7bc85ebcf	t	2026-02-02 14:06:07.95025+00	2026-02-02 15:04:08.826717+00	jgtlku6qurcv	fb638e00-3e47-4421-bc03-84c9dc82ba19
00000000-0000-0000-0000-000000000000	180	lvqwzqkebjdi	1bed4c06-8a76-4eff-8511-80c7bc85ebcf	t	2026-02-02 15:04:08.827884+00	2026-02-02 16:02:09.768202+00	qthm64lc6wev	fb638e00-3e47-4421-bc03-84c9dc82ba19
00000000-0000-0000-0000-000000000000	181	zabauzqbqytg	1bed4c06-8a76-4eff-8511-80c7bc85ebcf	t	2026-02-02 16:02:09.769275+00	2026-02-02 17:00:10.670514+00	lvqwzqkebjdi	fb638e00-3e47-4421-bc03-84c9dc82ba19
00000000-0000-0000-0000-000000000000	179	g7sbr3oy5abk	cef3cefd-2849-474e-9581-8598f90b24c2	t	2026-02-02 14:44:59.656503+00	2026-02-02 17:02:13.218739+00	xotsjtea35sh	b8e242e4-b4fc-451e-b479-bade26992dd8
00000000-0000-0000-0000-000000000000	182	73rjscm7wmeu	1bed4c06-8a76-4eff-8511-80c7bc85ebcf	t	2026-02-02 17:00:10.671999+00	2026-02-02 17:58:11.589997+00	zabauzqbqytg	fb638e00-3e47-4421-bc03-84c9dc82ba19
00000000-0000-0000-0000-000000000000	184	cflwcbtrnvcq	604f3097-69a6-44e6-a437-a23a3c61f055	t	2026-02-02 17:55:20.881263+00	2026-02-02 18:53:21.824577+00	\N	0f8066f5-6e91-470b-9d77-cb90491746dd
00000000-0000-0000-0000-000000000000	183	n7ey2uz4gmll	cef3cefd-2849-474e-9581-8598f90b24c2	t	2026-02-02 17:02:13.220055+00	2026-02-02 18:00:30.448735+00	g7sbr3oy5abk	b8e242e4-b4fc-451e-b479-bade26992dd8
00000000-0000-0000-0000-000000000000	185	ufkqvvdvow75	1bed4c06-8a76-4eff-8511-80c7bc85ebcf	t	2026-02-02 17:58:11.591136+00	2026-02-02 18:56:12.603327+00	73rjscm7wmeu	fb638e00-3e47-4421-bc03-84c9dc82ba19
00000000-0000-0000-0000-000000000000	186	brpoldzpaupg	cef3cefd-2849-474e-9581-8598f90b24c2	t	2026-02-02 18:00:30.449839+00	2026-02-02 18:58:30.548231+00	n7ey2uz4gmll	b8e242e4-b4fc-451e-b479-bade26992dd8
00000000-0000-0000-0000-000000000000	189	flzodsoavqg4	cef3cefd-2849-474e-9581-8598f90b24c2	f	2026-02-02 18:58:30.548995+00	2026-02-02 18:58:30.548995+00	brpoldzpaupg	b8e242e4-b4fc-451e-b479-bade26992dd8
\.


--
-- Data for Name: sso_providers; Type: TABLE DATA; Schema: auth; Owner: supabase_auth_admin
--

COPY "auth"."sso_providers" ("id", "resource_id", "created_at", "updated_at", "disabled") FROM stdin;
\.


--
-- Data for Name: saml_providers; Type: TABLE DATA; Schema: auth; Owner: supabase_auth_admin
--

COPY "auth"."saml_providers" ("id", "sso_provider_id", "entity_id", "metadata_xml", "metadata_url", "attribute_mapping", "created_at", "updated_at", "name_id_format") FROM stdin;
\.


--
-- Data for Name: saml_relay_states; Type: TABLE DATA; Schema: auth; Owner: supabase_auth_admin
--

COPY "auth"."saml_relay_states" ("id", "sso_provider_id", "request_id", "for_email", "redirect_to", "created_at", "updated_at", "flow_state_id") FROM stdin;
\.


--
-- Data for Name: sso_domains; Type: TABLE DATA; Schema: auth; Owner: supabase_auth_admin
--

COPY "auth"."sso_domains" ("id", "sso_provider_id", "domain", "created_at", "updated_at") FROM stdin;
\.


--
-- Data for Name: empresa; Type: TABLE DATA; Schema: public; Owner: postgres
--

COPY "public"."empresa" ("id", "cnpj", "razaosocial", "nomefantasia", "inscricaoestadual", "inscricaomunicipal", "endereco", "codigomunicipio", "regimetributario", "certificadocaminho", "cschomologacao", "cscproducao", "ambiente", "createdat", "updatedat", "bairro", "numero", "complemento", "cep", "uf", "codigopais", "nomepais", "telefone", "cnae", "inscricaoestadualst", "certificadosenha") FROM stdin;
1	12260723000109	AUTO ELETRICA DEMIR LTDA	DEMIR INJECAO ELETRONICA A DIESEL	161726542	\N	RUA JORNALISTA JOSE RAMALHO	2507507	3	certs/certificado.pfx	\N	\N	HOMOLOGACAO	2026-01-30 19:54:41.099972	2026-01-30 19:54:41.099972	COSTA E SILVA	33	SALA 05	58081110	PB	1058	BRASIL	8332337025	\N	\N	87654321
\.


--
-- Data for Name: bancoconta; Type: TABLE DATA; Schema: public; Owner: postgres
--

COPY "public"."bancoconta" ("id", "titulo", "created_at", "valorinicial", "agencia", "contanumero", "tipo", "proprietario", "empresa_id", "updated_at", "ativo") FROM stdin;
1	Nubank	2026-01-27 01:03:17.658+00	0	\N	\N	DIGITAL	Figo	\N	2026-01-27 01:03:17.658+00	t
\.


--
-- Data for Name: categoriaservico; Type: TABLE DATA; Schema: public; Owner: postgres
--

COPY "public"."categoriaservico" ("id", "nome", "descricao") FROM stdin;
\.


--
-- Data for Name: categoriatransacao; Type: TABLE DATA; Schema: public; Owner: postgres
--

COPY "public"."categoriatransacao" ("id", "nome", "descricao", "ativo", "createdat", "updatedat") FROM stdin;
1	CATEGORIA TESTE	\N	t	2026-01-27 01:14:18.043	2026-01-27 01:14:18.043
\.


--
-- Data for Name: checklist_modelo; Type: TABLE DATA; Schema: public; Owner: postgres
--

COPY "public"."checklist_modelo" ("id", "nome", "descricao", "categoria", "ativo", "criado_em", "atualizado_em") FROM stdin;
1	Checklist de Hilux		Inspeção Geral	t	2026-01-12 14:04:57.316954	2026-01-12 14:04:57.316954
\.


--
-- Data for Name: perfil; Type: TABLE DATA; Schema: public; Owner: postgres
--

COPY "public"."perfil" ("id", "nome", "descricao", "createdat", "updatedat") FROM stdin;
1	Administrador	\N	2026-01-06 21:00:47.185506	2026-01-06 21:00:47.185506
\.


--
-- Data for Name: setor; Type: TABLE DATA; Schema: public; Owner: postgres
--

COPY "public"."setor" ("id", "nome", "descricao", "responsavel", "ativo") FROM stdin;
1	Mecânica Geral	\N	\N	t
\.


--
-- Data for Name: usuario; Type: TABLE DATA; Schema: public; Owner: postgres
--

COPY "public"."usuario" ("id", "email", "nome", "setorid", "perfilid", "createdat", "updatedat", "ativo", "salario", "comissao_percent", "data_admissao", "data_demissao", "is_root") FROM stdin;
1bed4c06-8a76-4eff-8511-80c7bc85ebcf	brunolima@figosoftwares.com.br	Bruno Lima	\N	1	2026-01-06 20:59:01.082826	2026-01-06 20:59:01.082826	t	\N	\N	\N	\N	f
cef3cefd-2849-474e-9581-8598f90b24c2	brunoblima1@gmail.com	brunoblima1@gmail.com	\N	\N	2026-01-19 20:21:03.12876	2026-01-19 20:21:03.12876	t	\N	\N	\N	\N	f
604f3097-69a6-44e6-a437-a23a3c61f055	lucasrawlison@figosoftwares.com.br	Lucas Rawlison	1	1	2026-01-06 23:19:44.420935	2026-01-06 23:19:44.420935	t	\N	\N	\N	\N	t
\.


--
-- Data for Name: cliente; Type: TABLE DATA; Schema: public; Owner: postgres
--

COPY "public"."cliente" ("id", "tipopessoa", "cpfcnpj", "nomerazaosocial", "email", "telefone", "endereco", "cidade", "estado", "cep", "inscricaoestadual", "inscricaomunicipal", "codigomunicipio", "createdat", "updatedat", "status", "endereconumero", "enderecocomplemento", "bairro", "created_by", "updated_by", "is_deleted", "deleted_at", "deleted_by", "rank", "ranked_by", "ranked_at", "user_id") FROM stdin;
343	JURIDICA	2682263000153	TRANSPORTES RODWAY LTDA	transportesrodwayltda@provisorio.com.br	\N	AVENIDA CAETANO RUGGIERI	Ituaçu	BA	13310600	387086484110	\N	\N	2026-01-10 05:39:24.2243	2026-01-10 05:39:24.2243	ATIVO	SN	\N	PARQUE DAS ROSAS	\N	\N	f	\N	\N	\N	\N	\N	\N
344	JURIDICA	10919934006035	CCB - CIMPOR CIMENTOS DO BRASIL LTDA	ccbcimporcimentosdobrasilltda@provisorio.com.br	8332465802	RUA VIA LOCAL 12	Cabedelo	PB	58310000	161464483	\N	\N	2026-01-10 05:39:24.2243	2026-01-10 05:39:24.2243	ATIVO	60	\N	LOTEAMENTO MORADA NOVA	\N	\N	f	\N	\N	\N	\N	\N	\N
345	JURIDICA	30740773000841	PRINCIPAL COMERCIO E INDUSTRIA DE CAFE LTDA	nfe@3coracoes.com.br	\N	RUA MARIA MONTEIRO MAUL	João Pessoa	PB	58028020	161443478	\N	\N	2026-01-10 05:39:24.2243	2026-01-10 05:39:24.2243	ATIVO	33	\N	IPES	\N	\N	f	\N	\N	\N	\N	\N	\N
346	JURIDICA	11895927000153	NORDESA LOGISTICA E DISTRIBUICAO LTDA	financeiroitacoatiara@bol.com.br	8332333333	AVENIDA CRUZ DAS ARMAS	João Pessoa	PB	58085000	160371376	\N	\N	2026-01-10 05:39:24.2243	2026-01-10 05:39:24.2243	ATIVO	2222	\N	CRUZ DAS ARMAS	\N	\N	f	\N	\N	\N	\N	\N	\N
347	JURIDICA	7820262000141	TRANSFEITOSA CARGAS E LOGISTICA LTDA	transfeitosacargaselogisticaltda@provisorio.com.br	8332321210	RUA SEBASTIAO MADRUGA	Santa Rita	PB	58300350	161477640	\N	\N	2026-01-10 05:39:24.2243	2026-01-10 05:39:24.2243	ATIVO	250	\N	CENTRO	\N	\N	f	\N	\N	\N	\N	\N	\N
348	JURIDICA	70175260001589	ELETRO SHOPPING CASA AMARELA LTDA	eletroshoppingcasaamarelaltda@provisorio.com.br	\N	BR 101  KM 99	Conde	PB	58322000	161337503	\N	\N	2026-01-10 05:39:24.2243	2026-01-10 05:39:24.2243	ATIVO	SN	\N	DISTRITO INDUSTRIAL	\N	\N	f	\N	\N	\N	\N	\N	\N
349	JURIDICA	2357659000206	ELIZABETH PORCELANATO LTDA	figueiragenivalfrancisco@gmail.com.br	8321072090	RUA CAPITAO JOSE RODRIGUES DO O	João Pessoa	PB	58082050	162904398	\N	\N	2026-01-10 05:39:24.2243	2026-01-10 05:39:24.2243	ATIVO	870	\N	INDUSTRIAS	\N	\N	f	\N	\N	\N	\N	\N	\N
350	JURIDICA	2357659000125	MOHAWK REVESTIMENTOS PARAIBA LTDA	contabilidade@mohawkbr.com	83987238977	BR 101 KM 98	Conde	PB	58322000	161235506	\N	\N	2026-01-10 05:39:24.2243	2026-01-10 05:39:24.2243	ATIVO	SN	\N	DIST INDUSTRIAL	\N	\N	f	\N	\N	\N	\N	\N	\N
351	JURIDICA	70120662000180	ATACADAO DOS ELETRODOMESTICOS DO NORDESTE LTDA	juciefreitas@hotmail.com	\N	RODOVIA BR 101	João Pessoa	PB	58082000	161040160	\N	\N	2026-01-10 05:39:24.2243	2026-01-10 05:39:24.2243	ATIVO	SN	\N	DISTRITO INDUSTRIAL	\N	\N	f	\N	\N	\N	\N	\N	\N
352	JURIDICA	11523313000221	TRANSLOS LTDA	cincera@uol.com.br	8332415742	ROD BR 101	Conde	PB	58322000	160826918	\N	\N	2026-01-10 05:39:24.2243	2026-01-10 05:39:24.2243	ATIVO	SN	\N	ZONA RURAL	\N	\N	f	\N	\N	\N	\N	\N	\N
353	JURIDICA	1446719000113	IANE INDUSTRIA DE ALIMENTOS NORDESTE LTDA	ianeindustriadealimentosnordesteltda@provisorio.com.br	8391628265	AVENIDA CHESF	João Pessoa	PB	58082010	161143113	\N	\N	2026-01-10 05:39:24.2243	2026-01-10 05:39:24.2243	ATIVO	970	\N	DISTRITO INDUSTRIAL	\N	\N	f	\N	\N	\N	\N	\N	\N
354	JURIDICA	7199061000330	TRANSAGIO TRANSPORTES LTDA - EPP	transagiotransportesltdaepp@provisorio.com.br	\N	ROD BR 101	Conde	PB	58322000	161631959	\N	\N	2026-01-10 05:39:24.2243	2026-01-10 05:39:24.2243	ATIVO	SN	\N	ZONA RURAL	\N	\N	f	\N	\N	\N	\N	\N	\N
355	JURIDICA	9098419000100	GRAFICA SANTA MARTA LTDA	nfe@graficasantamarta.com.br	8332332200	RUA HORTENCIO RIBEIRO DE LUNA	João Pessoa	PB	58081400	160158257	\N	\N	2026-01-10 05:39:24.2243	2026-01-10 05:39:24.2243	ATIVO	3333	\N	DISTRITO INDUSTRIAL	\N	\N	f	\N	\N	\N	\N	\N	\N
356	JURIDICA	27701564005258	CONCRETO REDIMIX DO BRASIL SA	faturamentopb@redimix.com.br	8332331965	RUA ESTEVAO BRETT	João Pessoa	PB	58082001	160164540	\N	\N	2026-01-10 05:39:24.2243	2026-01-10 05:39:24.2243	ATIVO	170	\N	DISTRITO INDUSTRIAL	\N	\N	f	\N	\N	\N	\N	\N	\N
357	JURIDICA	4782925000192	DISTRIBUIDORA DE BEBIDAS E ALIMENTOS PARAHYBA LTDA	distribuidoradebebidasealimentosparahybaltda@provisorio.com.br	8332320070	AVENIDA LIBERDADE	Bayeux	PB	58305006	161336620	\N	\N	2026-01-10 05:39:24.2243	2026-01-10 05:39:24.2243	ATIVO	1391	\N	SAO BENTO	\N	\N	f	\N	\N	\N	\N	\N	\N
358	JURIDICA	9094905000142	SIDNEY C DORE INDUSTRIA DE REFRIGERANTES LTDA	sidneycdoreindustriaderefrigerantesltda@provisorio.com.br	8332335567	AVENIDA PARQUE	João Pessoa	PB	58082030	160007224	\N	\N	2026-01-10 05:39:24.2243	2026-01-10 05:39:24.2243	ATIVO	SN	\N	DISTRITO INDUSTRIAL	\N	\N	f	\N	\N	\N	\N	\N	\N
359	JURIDICA	6980064000697	NACIONAL GAS BUTANO DISTRIBUIDORA LTDA	alexsandroalves@geq.com.br	8332289650	RUA ENIVALDO DE FIGUEIREDO MIRANDA	Cabedelo	PB	58100460	160674824	\N	\N	2026-01-10 05:39:24.2243	2026-01-10 05:39:24.2243	ATIVO	93	\N	SANTA CATARINA	\N	\N	f	\N	\N	\N	\N	\N	\N
360	JURIDICA	3225625000140	KENIA S/A - TRANSPORTES E LOGISTICAS	keniasatransporteselogisticas@provisorio.com.br	\N	RUA SANTA ANGELINA	Guarulhos	SP	7053122	336688361119	\N	\N	2026-01-10 05:39:24.2243	2026-01-10 05:39:24.2243	ATIVO	256	\N	VILA SAO RAFAEL	\N	\N	f	\N	\N	\N	\N	\N	\N
361	JURIDICA	2949016000170	CONTROL CONSTRUCOES LTDA	dysorvet@gmail.com	8332430032	AVENIDA MINAS GERAIS	João Pessoa	PB	58030090	161237185	\N	\N	2026-01-10 05:39:24.2243	2026-01-10 05:39:24.2243	ATIVO	671	\N	ESTADOS	\N	\N	f	\N	\N	\N	\N	\N	\N
362	JURIDICA	322908000111	F RODRIGUES E CIA LTDA  ME	frodriguesecialtdame@provisorio.com.br	4432683215	AVENIDA FLANKLIN DELANO ROOSEVELT	Maringá	PR	87047420	9023815548	\N	\N	2026-01-10 05:39:24.2243	2026-01-10 05:39:24.2243	ATIVO	4005	\N	CONJUNTO HABITACIONAL REQUIAO	\N	\N	f	\N	\N	\N	\N	\N	\N
363	JURIDICA	1744885000953	ECLIPSE TRANSPORTES LTDA	eclipsetransportesltda@provisorio.com.br	8332235816	RUA PROJETADA RODOVIA BR 101	João Pessoa	PB	58082000	161572936	\N	\N	2026-01-10 05:39:24.2243	2026-01-10 05:39:24.2243	ATIVO	SN	\N	DISTRITO INDUSTRIAL	\N	\N	f	\N	\N	\N	\N	\N	\N
364	JURIDICA	41196734000175	LIMP FORT ENGENHARIA AMBIENTAL LTDA	limpfortengenhariaambientalltda@provisorio.com.br	8321069700	ROD BR 230 KM 23	João Pessoa	PB	58000000	161563279	\N	\N	2026-01-10 05:39:24.2243	2026-01-10 05:39:24.2243	ATIVO	SN	\N	AGUA FRIA	\N	\N	f	\N	\N	\N	\N	\N	\N
365	JURIDICA	3652969000992	MULTDIA INDUSTRIA E COMERCIO SA	pereira@multdia.com.br	\N	AVENIDA CHESF	João Pessoa	PB	58082010	160998913	\N	\N	2026-01-10 05:39:24.2243	2026-01-10 05:39:24.2243	ATIVO	500	\N	DISTRITO INDUSTRIAL	\N	\N	f	\N	\N	\N	\N	\N	\N
366	JURIDICA	85459857000127	COMERCIO E TRANSPORTES RAMTHUN	comercioetransportesramthun@provisorio.com.br	\N	RUA LUIZ ABRY	Pomerode	SC	89107000	250139421	\N	\N	2026-01-10 05:39:24.2243	2026-01-10 05:39:24.2243	ATIVO	422	\N	CENTRO	\N	\N	f	\N	\N	\N	\N	\N	\N
367	JURIDICA	8263965000189	FORTGIRO DISTRIBUIDORA DE AUTO PECAS	gerenciajpa@transportadoraesmeralda.com.br	8331331770	RUA SA ANDRADE	João Pessoa	PB	58010380	161494994	\N	\N	2026-01-10 05:39:24.2243	2026-01-10 05:39:24.2243	ATIVO	SN	\N	VARADOURO	\N	\N	f	\N	\N	\N	\N	\N	\N
368	JURIDICA	2131595000220	VLAMIR DE SOUZA SOARES	vlamirdesouzasoares@provisorio.com.br	8332227975	VISCONDE DE INHAUMA	João Pessoa	PB	58010550	161233830	\N	\N	2026-01-10 05:39:24.2243	2026-01-10 05:39:24.2243	ATIVO	SN	\N	VARADOURO	\N	\N	f	\N	\N	\N	\N	\N	\N
369	JURIDICA	2030715002247	AGENCIA NACIONAL DE TELECOMUNICACOES	juniorecoman@gmail.com	8332144812	AV JOAO DOMINGOS	João Pessoa	PB	58000000	\N	\N	\N	2026-01-10 05:39:24.2243	2026-01-10 05:39:24.2243	ATIVO	SN	\N	MIRAMAR	\N	\N	f	\N	\N	\N	\N	\N	\N
370	JURIDICA	2896003001071	TC LOGISTICA INTEGRADA LTDA	jpalog@hotmail.com	8336030336	AV  ESTEVAO BRETT	João Pessoa	PB	58082001	161644457	\N	\N	2026-01-10 05:39:24.2243	2026-01-10 05:39:24.2243	ATIVO	314	\N	DISTRITO INDUSTRIAL	\N	\N	f	\N	\N	\N	\N	\N	\N
371	JURIDICA	3424615000133	PAULO SERGIO DA SILVA	paulosergiodasilva@provisorio.com.br	\N	RODOVIA BR 101	João Pessoa	PB	58088200	161275559	\N	\N	2026-01-10 05:39:24.2243	2026-01-10 05:39:24.2243	ATIVO	SN	\N	MARES	\N	\N	f	\N	\N	\N	\N	\N	\N
372	JURIDICA	4308849000188	TRANSPORTADORA ESMERALDA	financeirocp@transportadoraesmeralda.com.br	\N	RUA PASTOR MANOEL LEAO	Natal	RN	59066240	200881566	\N	\N	2026-01-10 05:39:24.2243	2026-01-10 05:39:24.2243	ATIVO	SN	\N	CANDELARIA	\N	\N	f	\N	\N	\N	\N	\N	\N
373	JURIDICA	8208024000142	DISTRIBUIDORA DE ALIMENTOS GALDINO LTDA	distribuidoradealimentosgaldinoltda@provisorio.com.br	8332380352	VALDEMAR GALDINO NAZIAZENO	João Pessoa	PB	58075000	161492061	\N	\N	2026-01-10 05:39:24.2243	2026-01-10 05:39:24.2243	ATIVO	SN	\N	ERNESTO GEISEL	\N	\N	f	\N	\N	\N	\N	\N	\N
374	JURIDICA	40778748000134	DISTRIBUIDORA EXTRA DE BEBIDAS LTDA	distribuidoraextradebebidasltda@provisorio.com.br	8433512888	MANOEL ALEXANDRE	Pau dos Ferros	RN	59900000	200736620	\N	\N	2026-01-10 05:39:24.2243	2026-01-10 05:39:24.2243	ATIVO	856	\N	SAO BENEDITO	\N	\N	f	\N	\N	\N	\N	\N	\N
375	JURIDICA	777858000590	TRANSLOG TRANSPORTE E LOGISTICA LTDA	magicarspl@gmail.com	\N	DR  WALTER BELIAN	João Pessoa	PB	58028055	161390714	\N	\N	2026-01-10 05:39:24.2243	2026-01-10 05:39:24.2243	ATIVO	2230	\N	DISTRITO INDUSTRIAL	\N	\N	f	\N	\N	\N	\N	\N	\N
376	JURIDICA	9100371000110	EMPRESA VIACAO BOMFIM S/A	empresaviacaobomfimsa@provisorio.com.br	8332219922	AVENIDA CRUZ DAS ARMAS	João Pessoa	PB	58085000	160819326	\N	\N	2026-01-10 05:39:24.2243	2026-01-10 05:39:24.2243	ATIVO	SN	\N	CRUZ DAS ARMAS	\N	\N	f	\N	\N	\N	\N	\N	\N
377	JURIDICA	934152000161	LOGICA TRANSPORTE  E CONSTRUCOES LTDA	logicatransporteeconstrucoesltda@provisorio.com.br	\N	AVENIDA GOVERNADOR ARGEMIRO DE FIGUEIREDO	João Pessoa	PB	58037030	161568211	\N	\N	2026-01-10 05:39:24.2243	2026-01-10 05:39:24.2243	ATIVO	2957	\N	BESSA	\N	\N	f	\N	\N	\N	\N	\N	\N
378	JURIDICA	10589480000121	NIVELLE BRASIL -TECNOLOGIA EM CONSTRUCOES LTDA	suprimentos@nivelle.com.br	8496383222	PAULO DE GOIS	Natal	RN	59064630	202180301	\N	\N	2026-01-10 05:39:24.2243	2026-01-10 05:39:24.2243	ATIVO	SN	\N	LAGOA NOVA	\N	\N	f	\N	\N	\N	\N	\N	\N
379	JURIDICA	1062142000227	MARCA DIESEL COMERCIO DE PECAS LTDA	mercosulestilomme@gmail.com	\N	MAL MASCARANHAS DE MORAIS	Recife	PE	51150004	35967374	\N	\N	2026-01-10 05:39:24.2243	2026-01-10 05:39:24.2243	ATIVO	4455	\N	IMBIRIBEIRA	\N	\N	f	\N	\N	\N	\N	\N	\N
380	JURIDICA	1358109000168	GRANJA JOAVES LTDA	granjajoavesltda@provisorio.com.br	\N	ESTRADA DE GRAMAME	Conde	PB	58322000	161131620	\N	\N	2026-01-10 05:39:24.2243	2026-01-10 05:39:24.2243	ATIVO	SN	\N	CENTRO	\N	\N	f	\N	\N	\N	\N	\N	\N
381	JURIDICA	12658967000144	MULTIMARCAS CIMENTAO COM DE MAT DE CONSTRUCAO LTDA	manutencao@etp-transparana.com.br	\N	AVENIDA ARAGAO E MELO	João Pessoa	PB	58040100	161778968	\N	\N	2026-01-10 05:39:24.2243	2026-01-10 05:39:24.2243	ATIVO	SN	\N	TORRE	\N	\N	f	\N	\N	\N	\N	\N	\N
382	JURIDICA	9268517000564	FS VASCONCELOS E CIA LTDA	fsvasconcelosecialtda@provisorio.com.br	\N	ESTBR 230	João Pessoa	PB	58310000	160576490	\N	\N	2026-01-10 05:39:24.2243	2026-01-10 05:39:24.2243	ATIVO	SN	\N	CENTRO	\N	\N	f	\N	\N	\N	\N	\N	\N
383	JURIDICA	69970838000104	LOGISTICA SEVAGCARGO LTDA	logisticasevagcargoltda@provisorio.com.br	8134623590	RODOVIA BR 101	Jaboatão dos Guararapes	PE	54325650	27136086	\N	\N	2026-01-10 05:39:24.2243	2026-01-10 05:39:24.2243	ATIVO	SN	\N	PRAZERES	\N	\N	f	\N	\N	\N	\N	\N	\N
384	JURIDICA	2529901000109	TCA TRANSPORTES DE  CARCAS LTDA -ME	tcatransportesdecarcasltdame@provisorio.com.br	\N	RUA  DA  MASSANGANA 198	João Pessoa	PB	55900000	34991891	\N	\N	2026-01-10 05:39:24.2243	2026-01-10 05:39:24.2243	ATIVO	198	\N	CIDADE NOVA	\N	\N	f	\N	\N	\N	\N	\N	\N
385	JURIDICA	4698760000175	SALOG SERVICOS AUXILIARES DE LOGISTICA LTDA	salogservicosauxiliaresdelogisticaltda@provisorio.com.br	8332337865	RUA CAPITAO JOSE RODRIGUES DO O	João Pessoa	PB	58082060	161330339	\N	\N	2026-01-10 05:39:24.2243	2026-01-10 05:39:24.2243	ATIVO	100	\N	DISTRITO INDUSTRIAL	\N	\N	f	\N	\N	\N	\N	\N	\N
386	JURIDICA	8562308000132	DISTRIBUIDORA  DE BEBIDAS  CAICO LTDA	distribuidoradebebidascaicoltda@provisorio.com.br	\N	CORONEL  MARTINIANO	Caicó	RN	59300000	200160583	\N	\N	2026-01-10 05:39:24.2243	2026-01-10 05:39:24.2243	ATIVO	3020	\N	JARDIM SATEL	\N	\N	f	\N	\N	\N	\N	\N	\N
387	JURIDICA	10447097000139	VIVAZ DISTRIBUICAO DE PECAS LTDA	vivazdistribuicaodepecasltda@provisorio.com.br	\N	RUA PEDRO ALVES DE ANDRADE	João Pessoa	PB	58053024	161588395	\N	\N	2026-01-10 05:39:24.2243	2026-01-10 05:39:24.2243	ATIVO	SN	\N	AGUA FRIA	\N	\N	f	\N	\N	\N	\N	\N	\N
388	JURIDICA	69970838000295	LOGISTICA SEVAGCARGO LTDA 2	logisticasevagcargoltda1@provisorio.com.br	8334744629	RUA GENERAL AURELIO DE LYRA TAVARES	João Pessoa	PB	58011600	161619037	\N	\N	2026-01-10 05:39:24.2243	2026-01-10 05:39:24.2243	ATIVO	SN	\N	ILHA DO BISPO	\N	\N	f	\N	\N	\N	\N	\N	\N
389	JURIDICA	13047843000276	MANOS IMPORTADORA E EXPORTADORA LTDA	manosimportadoraeexportadoraltda@provisorio.com.br	\N	ROD BR 230 KM 06	Cabedelo	PB	58310000	161794157	\N	\N	2026-01-10 05:39:24.2243	2026-01-10 05:39:24.2243	ATIVO	SN	\N	PONTA DE CAMPINA	\N	\N	f	\N	\N	\N	\N	\N	\N
390	JURIDICA	12260723000109	AUTO ELETRICA DEMIR LTDA	autoeletricademirltda@provisorio.com.br	8332337025	RUA LUIZ CARLOS CRISPIM PIMENTEL	João Pessoa	PB	58082020	161726542	\N	\N	2026-01-10 05:39:24.2243	2026-01-10 05:39:24.2243	ATIVO	SN	\N	DISTRITO INDUSTRIAL	\N	\N	f	\N	\N	\N	\N	\N	\N
391	JURIDICA	4014358000124	TRANSMED TRANSPORTADORA DE CARGAS	transmedtransportadoradecargas@provisorio.com.br	8332281512	MNS JOSE DA SILVA  COUTINHO	Cabedelo	PB	58310000	161292488	\N	\N	2026-01-10 05:39:24.2243	2026-01-10 05:39:24.2243	ATIVO	85	\N	PRAIA FORMOSA	\N	\N	f	\N	\N	\N	\N	\N	\N
392	JURIDICA	7132332000179	TRANSPIAU  TRANSPORTES DE CARGAS LTDA -EPP	transpiautransportesdecargasltdaepp@provisorio.com.br	\N	RUA MAR DO CARIBE	Cabedelo	PB	58310000	161441726	\N	\N	2026-01-10 05:39:24.2243	2026-01-10 05:39:24.2243	ATIVO	SN	\N	PORTAL DO POCO	\N	\N	f	\N	\N	\N	\N	\N	\N
393	JURIDICA	10529813000127	NUTRI MAIS DISTRIBUIDORA DE ALIMENTOS	nutrimaisdistribuidoradealimentos@provisorio.com.br	8332336516	JOSE ANTONIO FERREIRA DE MIRANDA	João Pessoa	PB	58082797	161593429	\N	\N	2026-01-10 05:39:24.2243	2026-01-10 05:39:24.2243	ATIVO	1351	\N	DISTRITO INDSTRIAL	\N	\N	f	\N	\N	\N	\N	\N	\N
394	JURIDICA	9193036000103	RS  DISTRIBUIDORA DE PECAS LTDA	rsdistribuidoradepecasltda@provisorio.com.br	\N	AVENIDA DOM PEDRO II	João Pessoa	PB	58040440	161542379	\N	\N	2026-01-10 05:39:24.2243	2026-01-10 05:39:24.2243	ATIVO	2091	\N	TORRE	\N	\N	f	\N	\N	\N	\N	\N	\N
395	JURIDICA	23314594002740	ALESAT COMBUSTIVEIS SA	alesatcombustiveissa@provisorio.com.br	\N	POMPEU HENRIQUE CAVALCANTE	Cabedelo	PB	58310000	161462502	\N	\N	2026-01-10 05:39:24.2243	2026-01-10 05:39:24.2243	ATIVO	SN	\N	CENTRO	\N	\N	f	\N	\N	\N	\N	\N	\N
396	JURIDICA	41080722000180	DISLUB COMBUSTIVEL LTDA	dislubcombustivelltda@provisorio.com.br	\N	AV PORTUARIA	Ipojuca	PE	55590000	18154501842064	\N	\N	2026-01-10 05:39:24.2243	2026-01-10 05:39:24.2243	ATIVO	SN	\N	PORTO DE SUAPE	\N	\N	f	\N	\N	\N	\N	\N	\N
397	JURIDICA	8348692000175	FROTALOG  TRANPORTES  LTDA	frotalogtranportesltda@provisorio.com.br	\N	AV INDEPENDENCIA	Garibaldi	RS	95720000	500064768	\N	\N	2026-01-10 05:39:24.2243	2026-01-10 05:39:24.2243	ATIVO	SN	\N	CENTRO	\N	\N	f	\N	\N	\N	\N	\N	\N
398	JURIDICA	22777692000200	RODOVIARIO LIDER LTDA	rodoviarioliderltda@provisorio.com.br	\N	ROD BR 356	Muriaé	MG	36880000	4390323890001	\N	\N	2026-01-10 05:39:24.2243	2026-01-10 05:39:24.2243	ATIVO	SN	\N	SAO PEDRO	\N	\N	f	\N	\N	\N	\N	\N	\N
399	JURIDICA	35583475000132	LIMPARAIBA  LIMPADORA  E  DESENTUPIDORA PARAIBANA LTDA ME	limparaibalimpadoraedesentupidoraparaibanaltdame@provisorio.com.br	\N	ETELVINA M  DE MENDONCA	João Pessoa	PB	58040530	\N	\N	\N	2026-01-10 05:39:24.2243	2026-01-10 05:39:24.2243	ATIVO	SN	\N	TORRE	\N	\N	f	\N	\N	\N	\N	\N	\N
400	JURIDICA	1599101001327	SETE  ESTRADAS LOGISTICA LTDA 	seteestradaslogisticaltda@provisorio.com.br	\N	EST COMENDADOR  ORLANDO GRANDE	Embu	SP	68330750	\N	\N	\N	2026-01-10 05:39:24.2243	2026-01-10 05:39:24.2243	ATIVO	95	\N	EMBU  MIRIM	\N	\N	f	\N	\N	\N	\N	\N	\N
401	JURIDICA	9609595000151	VIACAO SAO JORGE LTDA	somamineracao@hotmail.com	8332331928	RUA LUIZ CARLOS CRISPIM PIMENTEL	João Pessoa	PB	58081300	164826025	\N	\N	2026-01-10 05:39:24.2243	2026-01-10 05:39:24.2243	ATIVO	79	\N	DISTRITO INDUSTRIAL	\N	\N	f	\N	\N	\N	\N	\N	\N
402	JURIDICA	5359132000128	TRP OPERADORA LOGISTICA LTDA	trpoperadoralogisticaltda@provisorio.com.br	\N	ROD BR-060	Anápolis	GO	75095475	103570233	\N	\N	2026-01-10 05:39:24.2243	2026-01-10 05:39:24.2243	ATIVO	SN	\N	JOQUEI CLUB	\N	\N	f	\N	\N	\N	\N	\N	\N
403	JURIDICA	1247098000149	JAILSON DE SOUZA -ME	fortgio_pb@hotmail.com	8130927878	RUA FERNANDO DE NORONHA	Jaboatão dos Guararapes	PE	54350355	\N	\N	\N	2026-01-10 05:39:24.2243	2026-01-10 05:39:24.2243	ATIVO	51	\N	MURIBECA DOS GUARARAPES	\N	\N	f	\N	\N	\N	\N	\N	\N
404	JURIDICA	31565104029310	PEPSICO DO BRASIL LTDA	pepsicodobrasilltda@provisorio.com.br	8135274062	ROD PE-60 - ZI3 - GLEBA OESTE	Cabo de Santo Agostinho	PE	54590000	\N	\N	\N	2026-01-10 05:39:24.2243	2026-01-10 05:39:24.2243	ATIVO	SN	\N	ZONA INDUSTRIAL	\N	\N	f	\N	\N	\N	\N	\N	\N
405	JURIDICA	73034746000190	RUMOS ENGENHARIA AMBIENTAL LTDA	oficinacristoreipecaseservicos@gmail.com	8332462060	RUA MANOEL ARRUDA CAVALCANTE	João Pessoa	PB	58038680	161403875	\N	\N	2026-01-10 05:39:24.2243	2026-01-10 05:39:24.2243	ATIVO	SN	\N	MANAIRA	\N	\N	f	\N	\N	\N	\N	\N	\N
406	JURIDICA	5403418000163	SERQUIP TRATAMENTO DE RESIDUOS  PB LTDA	serquiptratamentoderesiduospbltda@provisorio.com.br	8332331569	RUA PROJETADA  QUADRA 491 LOTE	João Pessoa	PB	58088025	\N	\N	\N	2026-01-10 05:39:24.2243	2026-01-10 05:39:24.2243	ATIVO	SN	\N	DISTRITO INDUSTRIAL	\N	\N	f	\N	\N	\N	\N	\N	\N
407	JURIDICA	116695000171	REDE ENGENHARIA E SONDAGENS S/A	francapaiva@hotmail.com	3136819399	RUA DAS GOIABEIRAS	Lagoa Santa	MG	33400000	3768888590020	\N	\N	2026-01-10 05:39:24.2243	2026-01-10 05:39:24.2243	ATIVO	333	\N	DISTRITO INDUSTRIAL	\N	\N	f	\N	\N	\N	\N	\N	\N
408	JURIDICA	3005274000161	TRANSPORTES LDR LTDA	transportesldrltda@provisorio.com.br	\N	AVENIDA  SANTA  TEREZINHA	Joaçaba	SC	89600000	253800706	\N	\N	2026-01-10 05:39:24.2243	2026-01-10 05:39:24.2243	ATIVO	SN	\N	MENINO  DEUS	\N	\N	f	\N	\N	\N	\N	\N	\N
409	JURIDICA	8897417000291	FW DISTRIBUIDORA LTDA	fwdistribuidoraltda@provisorio.com.br	\N	RUA ALTINO ARANTES	Campinas	SP	13051110	244753530118	\N	\N	2026-01-10 05:39:24.2243	2026-01-10 05:39:24.2243	ATIVO	1250	\N	JARDIM DAS BANDEIRAS II	\N	\N	f	\N	\N	\N	\N	\N	\N
410	JURIDICA	7052795000120	ELIANA FILHA DE LACERDA	elianafilhadelacerda@provisorio.com.br	8334522636	JOSE  AMERICO DE ALMEIDA	Piancó	PB	58765000	161641571	\N	\N	2026-01-10 05:39:24.2243	2026-01-10 05:39:24.2243	ATIVO	271	\N	CENTRO	\N	\N	f	\N	\N	\N	\N	\N	\N
411	JURIDICA	8924011000170	MONTE  HOREB  PREFEITURA 	montehorebprefeitura@provisorio.com.br	\N	JOAO  AGRIPINO	Monte Horebe	PB	58950000	\N	\N	\N	2026-01-10 05:39:24.2243	2026-01-10 05:39:24.2243	ATIVO	SN	\N	MONTE  HOREB	\N	\N	f	\N	\N	\N	\N	\N	\N
412	JURIDICA	9111618000101	COMPAINHA ESTADUAL DE HABILITACAO POPULAR CEHAP	compainhaestadualdehabilitacaopopularcehap@provisorio.com.br	\N	CONJUNTO TARCISIO BURITY	João Pessoa	PB	58057500	160558824	\N	\N	2026-01-10 05:39:24.2243	2026-01-10 05:39:24.2243	ATIVO	SN	\N	MANGABEIRA	\N	\N	f	\N	\N	\N	\N	\N	\N
413	JURIDICA	8675829000104	PRIMEIRA IGREJA EVANGELICA CONGREGACIONAL DE JOAO PESSOA	primeiraigrejaevangelicacongregacionaldejoaopessoa@provisorio.com.br	\N	AV CRUZ DAS ARMAS	João Pessoa	PB	58085000	\N	\N	\N	2026-01-10 05:39:24.2243	2026-01-10 05:39:24.2243	ATIVO	669	\N	CRUZ DAS ARMAS	\N	\N	f	\N	\N	\N	\N	\N	\N
414	JURIDICA	976147000111	PARELHAS TRANSPOTE RODOVIARIO DE CARGAS LTDA	parelhastranspoterodoviariodecargasltda@provisorio.com.br	84999651527	AIRTONS SENA	Natal	RN	58080100	200753894	\N	\N	2026-01-10 05:39:24.2243	2026-01-10 05:39:24.2243	ATIVO	1400	\N	NEOPOLIS	\N	\N	f	\N	\N	\N	\N	\N	\N
415	JURIDICA	76627330000173	BRAF TRANSPORTES E LOGISTICA LTDA	pneusmoura@hotmail.com	8332324822	RUA CAROLINA MANAFFES LIGOKI	São José dos Pinhais	PR	83015805	9055192046	\N	\N	2026-01-10 05:39:24.2243	2026-01-10 05:39:24.2243	ATIVO	SN	\N	BARRO PRETO	\N	\N	f	\N	\N	\N	\N	\N	\N
416	JURIDICA	976147000383	PARELHAS TRANSPORTES RODOVIARIO DE CARGAS LTDA	hotgaspb@gmail.com	83988021294	LUIZ AMARO DA COSTA	Cabedelo	PB	58310000	161347720	\N	\N	2026-01-10 05:39:24.2243	2026-01-10 05:39:24.2243	ATIVO	SN	\N	CENTRO	\N	\N	f	\N	\N	\N	\N	\N	\N
417	JURIDICA	4132930000150	RODOVIARIO TEIXEIRA LTDA	rodoviarioteixeiraltda@provisorio.com.br	\N	AVNORTE 6674	Recife	PE	52081000	\N	\N	\N	2026-01-10 05:39:24.2243	2026-01-10 05:39:24.2243	ATIVO	6674	\N	CASA AMRELA	\N	\N	f	\N	\N	\N	\N	\N	\N
418	JURIDICA	13727932000182	NORDESTE SERVICOS AUXILIARES DA CONSTRUCAO CIVIL	nordesteservicosauxiliaresdaconstrucaocivil@provisorio.com.br	\N	R ASCENDINO CARDOSO DE ARAUJO	João Pessoa	PB	58074040	161866174	\N	\N	2026-01-10 05:39:24.2243	2026-01-10 05:39:24.2243	ATIVO	SN	\N	JOSE AMERICO DE ALMEIDA	\N	\N	f	\N	\N	\N	\N	\N	\N
419	JURIDICA	4308849000340	TRANSPORTADORA ESMERALDA LTDA	gualbertocorretorjp@hotmail.com	8332333242	CONJUNTO DISTRITO INDUSTRIAL	João Pessoa	PB	58082040	161372988	\N	\N	2026-01-10 05:39:24.2243	2026-01-10 05:39:24.2243	ATIVO	SN	\N	DISTRITO INDUSTRIAL	\N	\N	f	\N	\N	\N	\N	\N	\N
420	JURIDICA	3656804000808	CARAJAS MATERIAL DE CONSTRUCAO LTDA	manutencao@tbtransporte.com.br	8388987379	RUA PROJETADA	João Pessoa	PB	58075010	161651925	\N	\N	2026-01-10 05:39:24.2243	2026-01-10 05:39:24.2243	ATIVO	SN	\N	ERNESTO GEISEL	\N	\N	f	\N	\N	\N	\N	\N	\N
421	JURIDICA	71473653487	LUIZ ANDRE DE AZEVEDO COSTA	luizandredeazevedocosta@provisorio.com.br	8332641279	RUA PETRARCA GRISI	João Pessoa	PB	58071710	\N	\N	\N	2026-01-10 05:39:24.2243	2026-01-10 05:39:24.2243	ATIVO	261	\N	CRISTO REDENTOR	\N	\N	f	\N	\N	\N	\N	\N	\N
422	JURIDICA	1610798002108	TECMAR TRANSPORTES  LTDA	financeiro@sondagens.com.br	83998550142	RUA MARTINHO LUTERO	João Pessoa	PB	58084000	161432891	\N	\N	2026-01-10 05:39:24.2243	2026-01-10 05:39:24.2243	ATIVO	SN	\N	JARDIM VENEZA	\N	\N	f	\N	\N	\N	\N	\N	\N
423	JURIDICA	10299932000130	NATURAL GURT LATICINIOS LTDA	naturalgurtlaticiniosltda@provisorio.com.br	\N	COMENDADOR NAPOLEAO	Pilar	PB	58338000	161586554	\N	\N	2026-01-10 05:39:24.2243	2026-01-10 05:39:24.2243	ATIVO	SN	\N	CENTRO	\N	\N	f	\N	\N	\N	\N	\N	\N
424	FISICA	5857212464	MARCILIO MENDES DO NASCIMENTO	marciliomendesdonascimento@provisorio.com.br	8236218112	RUA DOMINGOS ACACIO	Santana do Ipanema	AL	57500000	\N	\N	\N	2026-01-10 05:39:24.2243	2026-01-10 05:39:24.2243	ATIVO	331	\N	DOMINGOS ACACIO	\N	\N	f	\N	\N	\N	\N	\N	\N
425	JURIDICA	32405650649	VERA LUCIA RIBEIRO CALIXTO	veraluciaribeirocalixto@provisorio.com.br	3535364573	RUA 1	Itaú de Minas	MG	37975000	\N	\N	\N	2026-01-10 05:39:24.2243	2026-01-10 05:39:24.2243	ATIVO	550	\N	SAO LUCAS	\N	\N	f	\N	\N	\N	\N	\N	\N
426	JURIDICA	79663241000170	TRANSPORTES  CRUZADO  LTDA	comercialrodonordeste@gmail.com	\N	RUA DOS BOROROS	Joinville	SC	89239290	251933369	\N	\N	2026-01-10 05:39:24.2243	2026-01-10 05:39:24.2243	ATIVO	SN	\N	DISTRITO PIRABEIRABA	\N	\N	f	\N	\N	\N	\N	\N	\N
427	JURIDICA	51325721468	JOSE LUIZ DA CUNHA BARROS	joseluizdacunhabarros@provisorio.com.br	\N	JOSE RODRIGUES  DE MEDEIROS	Parnamirim	RN	59150000	\N	\N	\N	2026-01-10 05:39:24.2243	2026-01-10 05:39:24.2243	ATIVO	SN	\N	VALE DO SOL	\N	\N	f	\N	\N	\N	\N	\N	\N
428	JURIDICA	7184426000191	MAIN  LINE BUS PECAS E ACESSORIOS LTDA EPP	mainlinebuspecaseacessoriosltdaepp@provisorio.com.br	\N	RUA CAMPO COMPRIDO	São Paulo	SP	2469120	116973556110	\N	\N	2026-01-10 05:39:24.2243	2026-01-10 05:39:24.2243	ATIVO	SN	\N	VILA ROMERO	\N	\N	f	\N	\N	\N	\N	\N	\N
429	JURIDICA	7524710000160	3 BATALHAO DE ENGENHARIA DE CONSTRUCAO	3batalhaodeengenhariadeconstrucao@provisorio.com.br	8934151600	RODOVIA  BR 230 - KM 06	Picos	PI	64600000	\N	\N	\N	2026-01-10 05:39:24.2243	2026-01-10 05:39:24.2243	ATIVO	SN	\N	UNHA DE GATO	\N	\N	f	\N	\N	\N	\N	\N	\N
430	JURIDICA	3503388000131	COMPECC ENGENHARIA COMERCIO E CONS LTDA	mb_jp@hotmail.com	8332241496	RUA CORONEL JOAO COSTA E SILVA	João Pessoa	PB	58080410	161261230	\N	\N	2026-01-10 05:39:24.2243	2026-01-10 05:39:24.2243	ATIVO	555	\N	ERNANI SATIRO	\N	\N	f	\N	\N	\N	\N	\N	\N
431	JURIDICA	13931287000115	RODOVIARIO ALVAR LTDA-ME	rodoviarioalvarltdame@provisorio.com.br	\N	R CLOTILDES AUGUSTA DA COSTA	João Pessoa	PB	36660000	18005750021	\N	\N	2026-01-10 05:39:24.2243	2026-01-10 05:39:24.2243	ATIVO	162	\N	GRANJA TRES DE OUTUBRO	\N	\N	f	\N	\N	\N	\N	\N	\N
432	JURIDICA	159174000100	RODANLOG  LTDA-ME	adm@jiretransportes.com	\N	R EUFRASIA VIESI BONALUME	Cambé	PR	86183660	6110323156	\N	\N	2026-01-10 05:39:24.2243	2026-01-10 05:39:24.2243	ATIVO	SN	\N	CAMBE	\N	\N	f	\N	\N	\N	\N	\N	\N
433	JURIDICA	32438772000104	TRANSPORTADORA JOLIVAN LTDA	transportadorajolivanltda@provisorio.com.br	\N	AV DANILO MONTEIRO DE CASTRO	Iconha	ES	29280000	81319541	\N	\N	2026-01-10 05:39:24.2243	2026-01-10 05:39:24.2243	ATIVO	SN	\N	ICONHA	\N	\N	f	\N	\N	\N	\N	\N	\N
434	JURIDICA	70120167000171	TABAJARA  PRODUTOS  CERAMICOS LTDA	tabajaraprodutosceramicosltda@provisorio.com.br	8332339292	RUA DAS INDUSTRIAS	João Pessoa	PB	58083050	161238114	\N	\N	2026-01-10 05:39:24.2243	2026-01-10 05:39:24.2243	ATIVO	SN	\N	INDUSTRIAS	\N	\N	f	\N	\N	\N	\N	\N	\N
435	JURIDICA	2896003000180	TC  LOGISTICA  INTEGRADA LTDA	tclogisticaintegradaltda@provisorio.com.br	\N	AV ANTONIO THOMAZ FERREIRA DE REZENDE	Uberlândia	MG	38405153	7020001890027	\N	\N	2026-01-10 05:39:24.2243	2026-01-10 05:39:24.2243	ATIVO	2251	\N	ESPERANCA	\N	\N	f	\N	\N	\N	\N	\N	\N
436	JURIDICA	13277986000193	TRANSPORTADORA ONZE DE JUNHO LTDA	pb@braftransportes.com.br	\N	RODOVIA BR-101 / KM 126 / 127	Escada	PE	55500000	\N	\N	\N	2026-01-10 05:39:24.2243	2026-01-10 05:39:24.2243	ATIVO	SN	\N	JAGUARIBE	\N	\N	f	\N	\N	\N	\N	\N	\N
437	JURIDICA	11601184000242	ARLINDO DA FONSECA LINS E CIA LTDA	arlindodafonsecalinsecialtda@provisorio.com.br	\N	RODOVIA BR 101	João Pessoa	PB	58088200	161115209	\N	\N	2026-01-10 05:39:24.2243	2026-01-10 05:39:24.2243	ATIVO	SN	\N	DISTRITO	\N	\N	f	\N	\N	\N	\N	\N	\N
438	JURIDICA	16163057000141	VS DISTRIBUIDORA LTDA	vsdistribuidoraltda@provisorio.com.br	7734551320	AV CONEGO MIGUEL MONTEIRO	Caculé	BA	46300000	25449817	\N	\N	2026-01-10 05:39:24.2243	2026-01-10 05:39:24.2243	ATIVO	646	\N	CENTRO	\N	\N	f	\N	\N	\N	\N	\N	\N
440	JURIDICA	3652969000488	MULTIDIA  INDUSTRIAL E COMERCIO  S/A	multidiaindustrialecomerciosa@provisorio.com.br	\N	AV VASCO  RODRIGUES	Olinda	PE	53220375	\N	\N	\N	2026-01-10 05:39:24.2243	2026-01-10 05:39:24.2243	ATIVO	SN	\N	PEIXINHOS	\N	\N	f	\N	\N	\N	\N	\N	\N
441	JURIDICA	8558108000106	JEOKAR AUTO PECAS LTDA	jeokarautopecasltda@provisorio.com.br	8332211802	RUA MACIEL PINHEIRO	João Pessoa	PB	58010130	160244609	\N	\N	2026-01-10 05:39:24.2243	2026-01-10 05:39:24.2243	ATIVO	SN	\N	VARADOURO	\N	\N	f	\N	\N	\N	\N	\N	\N
442	FISICA	990473813	DAMIAO FRANCISCO LEITE	damiaofranciscoleite@provisorio.com.br	\N	RUA ICOR	Guarulhos	SP	4713002	\N	\N	\N	2026-01-10 05:39:24.2243	2026-01-10 05:39:24.2243	ATIVO	SN	\N	SAPE	\N	\N	f	\N	\N	\N	\N	\N	\N
443	JURIDICA	7354308000184	TRANS  M A R   LTDA	transmarltda@provisorio.com.br	2281523461	R PROF ROSA ALVES LIMA E SILVA	Além Paraíba	MG	36660000	\N	\N	\N	2026-01-10 05:39:24.2243	2026-01-10 05:39:24.2243	ATIVO	SN	\N	SAO JOSE	\N	\N	f	\N	\N	\N	\N	\N	\N
444	JURIDICA	56338236991	MARCELO  BATISTA RAMOS	marcelobatistaramos@provisorio.com.br	8433184767	RUA SATURNINO PAULO PERERA	Mossoró	RN	59600000	\N	\N	\N	2026-01-10 05:39:24.2243	2026-01-10 05:39:24.2243	ATIVO	SN	\N	SANTA DELMIRA	\N	\N	f	\N	\N	\N	\N	\N	\N
445	JURIDICA	12257684000190	TRANSP RODO NORDESTE LTDA	transprodonordesteltda@provisorio.com.br	8135542632	AV PROFESSOR MORAES REGO	Recife	PE	50670420	\N	\N	\N	2026-01-10 05:39:24.2243	2026-01-10 05:39:24.2243	ATIVO	SN	\N	CIDADE UNIVERSITARIA	\N	\N	f	\N	\N	\N	\N	\N	\N
446	JURIDICA	3231422000166	MILLENIUM LOGIS TRANS E DISTR LTDA	milleniumlogistransedistrltda@provisorio.com.br	\N	ROD BR 101	João Pessoa	PB	58070000	161247431	\N	\N	2026-01-10 05:39:24.2243	2026-01-10 05:39:24.2243	ATIVO	SN	\N	DISTRITO INDUSTRIAL	\N	\N	f	\N	\N	\N	\N	\N	\N
447	JURIDICA	2287694000115	CINDEAS- COOP DE PRO E IND DA AQUIE AGRI FAM  DA PB	cindeasfamiliar@gmail.com	8391175375	AV COMENDADOR RENATO RIBEIRO COUTINHO	Sapé	PB	58340000	161469345	\N	\N	2026-01-10 05:39:24.2243	2026-01-10 05:39:24.2243	ATIVO	SN	\N	CENTRO	\N	\N	f	\N	\N	\N	\N	\N	\N
448	JURIDICA	4618302000340	MELO DISTRIBUIDORA DE PECAS LTDA	melodistribuidoradepecasltda@provisorio.com.br	8140097600	R  ALMEIDA JUNIOR	Recife	PE	51150333	\N	\N	\N	2026-01-10 05:39:24.2243	2026-01-10 05:39:24.2243	ATIVO	SN	\N	IMBIRIBEIRA	\N	\N	f	\N	\N	\N	\N	\N	\N
449	JURIDICA	8968665000103	SAO FRANCISCO SERVICOS FUNERARIOS LTDA	saofranciscoservicosfunerariosltda@provisorio.com.br	8332472966	AVENIDA JOAO MACHADO	João Pessoa	PB	58013520	161548997	\N	\N	2026-01-10 05:39:24.2243	2026-01-10 05:39:24.2243	ATIVO	SN	\N	CENTRO	\N	\N	f	\N	\N	\N	\N	\N	\N
450	JURIDICA	8718444000179	TAC- TERRAPLENAGEM ALUGUEIS E CONS LTDA	tacterraplenagemalugueiseconsltda@provisorio.com.br	8332330111	RUA DAS INDUSTRIAS	João Pessoa	PB	58082050	161520456	\N	\N	2026-01-10 05:39:24.2243	2026-01-10 05:39:24.2243	ATIVO	SN	\N	DISTRITO INDUSTRIAL	\N	\N	f	\N	\N	\N	\N	\N	\N
451	JURIDICA	8181087000152	FRONTEIRA INDUSTRIA  E COMERCIO DE MINERAIS LTDA 	fronteiraindustriaecomerciodemineraisltda@provisorio.com.br	8332551063	SIT BELA  ROSA	Pedras de Fogo	PB	58328000	161502466	\N	\N	2026-01-10 05:39:24.2243	2026-01-10 05:39:24.2243	ATIVO	SN	\N	ZONA RURAL	\N	\N	f	\N	\N	\N	\N	\N	\N
452	JURIDICA	13304193000116	TRANSMINUTO TRANSP E COM E LOCACOES  LTDA EPP	transminutotranspecomelocacoesltdaepp@provisorio.com.br	3138295475	RUA SANTA EFIGENIA	Belo Oriente	MG	35195000	17388340009	\N	\N	2026-01-10 05:39:24.2243	2026-01-10 05:39:24.2243	ATIVO	SN	\N	SANTA TEREZINHA	\N	\N	f	\N	\N	\N	\N	\N	\N
453	JURIDICA	25989716000194	TRANSPORTADORA CABRAL E CABRAL LTDA	transportadoracabralecabralltda@provisorio.com.br	3432138221	RUA NIVALDO GUERREIRO NUNES	Uberlândia	MG	38405438	7026289970004	\N	\N	2026-01-10 05:39:24.2243	2026-01-10 05:39:24.2243	ATIVO	SN	\N	DISTRITO INDUSTRIAL	\N	\N	f	\N	\N	\N	\N	\N	\N
454	JURIDICA	1375753000144	RODOBORGES EXPRESS LOGISTICA INTEGRADA LTDA	rodoborgesexpresslogisticaintegradaltda@provisorio.com.br	8335133101	RUA EDELZITA BORGES BATISTA	Osasco	SP	6186197	492325322114	\N	\N	2026-01-10 05:39:24.2243	2026-01-10 05:39:24.2243	ATIVO	SN	\N	VILA QUITAUNA	\N	\N	f	\N	\N	\N	\N	\N	\N
455	JURIDICA	909327000261	POLYBALAS DIST DE PROD ALIMENTICIOS LTDA	rafaelcymbrabr@gmail.com	8330494100	ROD BR 230 KM 25	João Pessoa	PB	58000000	161241980	\N	\N	2026-01-10 05:39:24.2243	2026-01-10 05:39:24.2243	ATIVO	SN	\N	AGUA FRIA	\N	\N	f	\N	\N	\N	\N	\N	\N
456	JURIDICA	10366780000141	CENTRAIS ELETRICAS DA PARAIBA SA- EPASA	transportemarinamanutencao@gmail.com	8335334481	R PROJETADA - KM 1	João Pessoa	PB	58000000	161834388	\N	\N	2026-01-10 05:39:24.2243	2026-01-10 05:39:24.2243	ATIVO	SN	\N	DISTRITO INDUSTRIAL	\N	\N	f	\N	\N	\N	\N	\N	\N
457	JURIDICA	2104928000141	ENOC ELIAS CHAVES	enoceliaschaves@provisorio.com.br	8332313155	MANOEL L DE CARVALHO	João Pessoa	PB	58053000	161377874	\N	\N	2026-01-10 05:39:24.2243	2026-01-10 05:39:24.2243	ATIVO	SN	\N	AGUA FRIA	\N	\N	f	\N	\N	\N	\N	\N	\N
458	JURIDICA	16670085004657	LOCALIZA RENT A CAR S/A	localizarentacarsa@provisorio.com.br	8330443416	AVENIDA PRESIDENTE EPITACIO PESSOA	João Pessoa	PB	58040000	160343640	\N	\N	2026-01-10 05:39:24.2243	2026-01-10 05:39:24.2243	ATIVO	2640	\N	CABO BRANCO	\N	\N	f	\N	\N	\N	\N	\N	\N
459	JURIDICA	460120000171	ROGER TURISMO LTDA	gilvany@coopmix.com.br	8332188800	AVENIDA ANTONIO LIRA	João Pessoa	PB	58039050	\N	\N	\N	2026-01-10 05:39:24.2243	2026-01-10 05:39:24.2243	ATIVO	458	\N	TAMBAU	\N	\N	f	\N	\N	\N	\N	\N	\N
460	JURIDICA	4631076000176	MARGARIDA MATIAS DE SOUZA	automecanicanogueira@hotmail.com	8332718221	AV PADRE INACIO DE ALMEIDA	Guarabira	PB	58200000	161334466	\N	\N	2026-01-10 05:39:24.2243	2026-01-10 05:39:24.2243	ATIVO	SN	\N	CENTRO	\N	\N	f	\N	\N	\N	\N	\N	\N
461	FISICA	1295355671	JOAO PAULO GOMES DE CARVALHO	joaopaulogomesdecarvalho@provisorio.com.br	\N	RUA LUIZ SERQUEIRA	Manhuaçu	MG	36900000	\N	\N	\N	2026-01-10 05:39:24.2243	2026-01-10 05:39:24.2243	ATIVO	101	\N	CENTRO	\N	\N	f	\N	\N	\N	\N	\N	\N
462	JURIDICA	11570107000191	FUNDO MUNICIPAL DE SAUDE	fundomunicipaldesaude@provisorio.com.br	8332981081	R MANOEL ALVES	Conde	PB	58322000	\N	\N	\N	2026-01-10 05:39:24.2243	2026-01-10 05:39:24.2243	ATIVO	205	\N	CONDE	\N	\N	f	\N	\N	\N	\N	\N	\N
463	JURIDICA	8995631000108	NCLAUDINO E CIA LTDA	transportes@nordil.com.br	83988020029	R PADRE MANOEL MARIANO	Cajazeiras	PB	58900000	160648300	\N	\N	2026-01-10 05:39:24.2243	2026-01-10 05:39:24.2243	ATIVO	21	\N	CENTRO	\N	\N	f	\N	\N	\N	\N	\N	\N
464	JURIDICA	5505924000163	TUBRAS INDUSTRIA DE TUBOS DO BRASIL LTDA	tubrasindustriadetubosdobrasilltda@provisorio.com.br	8332336002	R DAS INDUSTRIAS	João Pessoa	PB	58082050	161378943	\N	\N	2026-01-10 05:39:24.2243	2026-01-10 05:39:24.2243	ATIVO	SN	\N	DISTRITO INDUSTRIAL 445	\N	\N	f	\N	\N	\N	\N	\N	\N
465	FISICA	5241858407	MATHEUS ANDRADE RIBEIRO	matheusandraderibeiro@provisorio.com.br	83991062204	RUA HORTENCIO RIBEIRO DE LUNA	João Pessoa	PB	58081400	\N	\N	\N	2026-01-10 05:39:24.2243	2026-01-10 05:39:24.2243	ATIVO	3333	\N	DISTRITO INDUSTRIAL	\N	\N	f	\N	\N	\N	\N	\N	\N
466	JURIDICA	3721769000359	MASTERBOI  LTDA	gerencialpb@redimix.com.br	8132314708	RUA ESTEVAO BRETT	João Pessoa	PB	58082001	161484565	\N	\N	2026-01-10 05:39:24.2243	2026-01-10 05:39:24.2243	ATIVO	314	\N	DISTRITO INDUSTRIAL	\N	\N	f	\N	\N	\N	\N	\N	\N
467	JURIDICA	9476666000195	WBF TRANSPORTES TURISTICOS LTDA	wbftransportesturisticosltda@provisorio.com.br	8332412535	RUA GOUVEIA NOBREGA	João Pessoa	PB	58020100	161559611	\N	\N	2026-01-10 05:39:24.2243	2026-01-10 05:39:24.2243	ATIVO	SN	\N	ROGER	\N	\N	f	\N	\N	\N	\N	\N	\N
468	JURIDICA	76627330000416	BRAF TRANSPORTE E LOGISTICA LTDA 	transpetrol@transpetrol.com.br	\N	ROD  BR 230	Bayeux	PB	58305000	161912737	\N	\N	2026-01-10 05:39:24.2243	2026-01-10 05:39:24.2243	ATIVO	31	\N	CENTRO	\N	\N	f	\N	\N	\N	\N	\N	\N
469	JURIDICA	10890917000162	NEWS - TRANSPORTES ESPECIALIZADOS LTDA	gabardo@transgabardo.com.br	7136259995	TRAVESSA JOTA SIMOES	Simões Filho	BA	43700000	\N	\N	\N	2026-01-10 05:39:24.2243	2026-01-10 05:39:24.2243	ATIVO	4	\N	PALMARES	\N	\N	f	\N	\N	\N	\N	\N	\N
470	JURIDICA	3708046000158	CROP AGRICOLA LTDA	cropagricolaltda@provisorio.com.br	84999720449	AV ALBERTO MARANHAO	Mossoró	RN	59610000	200855034	\N	\N	2026-01-10 05:39:24.2243	2026-01-10 05:39:24.2243	ATIVO	SN	\N	PARAIBA	\N	\N	f	\N	\N	\N	\N	\N	\N
471	JURIDICA	7525119000127	COURA E FIRMINO LTDA	couraefirminoltda@provisorio.com.br	8335211823	ROD RODOVIA BR 230	Sousa	PB	58805290	161486649	\N	\N	2026-01-10 05:39:24.2243	2026-01-10 05:39:24.2243	ATIVO	SN	\N	RODOVIA	\N	\N	f	\N	\N	\N	\N	\N	\N
472	JURIDICA	9644801000164	ISABELLY E PROCOPIO TRANS LTDA-EPP	isabellyeprocopiotransltdaepp@provisorio.com.br	1136543733	R DR CARLOS DE BARROS MONTEIRO	Carapicuíba	SP	6321100	\N	\N	\N	2026-01-10 05:39:24.2243	2026-01-10 05:39:24.2243	ATIVO	267	\N	JD JANETE	\N	\N	f	\N	\N	\N	\N	\N	\N
473	JURIDICA	5233618000115	MEGA TRANSPORTES E TERRAPLANAGEM LTDA	nilvanalves@ig.com.br	8136262522	R INACIO CERVANTES	São Paulo	SP	5572000	\N	\N	\N	2026-01-10 05:39:24.2243	2026-01-10 05:39:24.2243	ATIVO	858	\N	PARQUE IPE	\N	\N	f	\N	\N	\N	\N	\N	\N
474	JURIDICA	12681144000130	PROJECTA MATERIAL DE CONS LTDA	projectamaterialdeconsltda@provisorio.com.br	8321063600	BR 230	Cabedelo	PB	58310000	160454697	\N	\N	2026-01-10 05:39:24.2243	2026-01-10 05:39:24.2243	ATIVO	SN	\N	RENASCER	\N	\N	f	\N	\N	\N	\N	\N	\N
475	JURIDICA	1778112000130	FAZENDA SANTA TEREZINHA LTDA	fazendasantaterezinhaltda@provisorio.com.br	8332922944	RODOVIA BR 101	Mamanguape	PB	58280000	161095640	\N	\N	2026-01-10 05:39:24.2243	2026-01-10 05:39:24.2243	ATIVO	SN	\N	CENTRO	\N	\N	f	\N	\N	\N	\N	\N	\N
476	JURIDICA	9579609000131	ELEOMAR ROMAO DA SILVA	eleomarromaodasilva@provisorio.com.br	8332238541	AVENIDA MOURAO RANGEL	João Pessoa	PB	58070240	161575480	\N	\N	2026-01-10 05:39:24.2243	2026-01-10 05:39:24.2243	ATIVO	876	\N	RANGEL	\N	\N	f	\N	\N	\N	\N	\N	\N
477	JURIDICA	5003604000105	GILOG GESTAO INTEGRADA DE LOGISTICA LTDA	LEONARDO.GOMES@GILOG.COM.BR	83988404352	AV LIBERDADE	Bayeux	PB	58306000	161376266	\N	\N	2026-01-10 05:39:24.2243	2026-01-10 05:39:24.2243	ATIVO	SN	\N	SESI	\N	\N	f	\N	\N	\N	\N	\N	\N
478	JURIDICA	8932351000142	ATACADAN DISTRIBUIDORA DE ALIMENTOS LTDA	atacadan@ymail.com	\N	AV COMENDADOR RENATO COUTINHO	Sapé	PB	58340000	161525938	\N	\N	2026-01-10 05:39:24.2243	2026-01-10 05:39:24.2243	ATIVO	SN	\N	CENTRO	\N	\N	f	\N	\N	\N	\N	\N	\N
479	JURIDICA	2277097000452	SAO JOSE CARGO LTDA	saojosecargoltda@provisorio.com.br	\N	AV JOSE PEDRO 471	São José dos Campos	SP	12224370	\N	\N	\N	2026-01-10 05:39:24.2243	2026-01-10 05:39:24.2243	ATIVO	471	\N	JARDIM SAO VICENTE	\N	\N	f	\N	\N	\N	\N	\N	\N
480	JURIDICA	8606055000151	EMPRESA DE TRANS MANDACARUENSE LTDA	empresadetransmandacaruenseltda@provisorio.com.br	8332147510	RUA SERGIO MEIRA	João Pessoa	PB	58027140	\N	\N	\N	2026-01-10 05:39:24.2243	2026-01-10 05:39:24.2243	ATIVO	403	\N	MANDACARU	\N	\N	f	\N	\N	\N	\N	\N	\N
481	JURIDICA	1387400000750	SP INDUSTRIA E DIS DE PETROLEO LTDA	jose@comtermica.com.br	8332283211	Rua Pastor José Alves de Oliveira	Cabedelo	PB	58100724	161423019	\N	\N	2026-01-10 05:39:24.2243	2026-01-10 05:39:24.2243	ATIVO	89	\N	Ponta de Matos	\N	\N	f	\N	\N	\N	\N	\N	\N
482	JURIDICA	4471605000111	FAGNER MAGNO CABRAL DOS SANTOS-ME	fagnermagnocabraldossantosme@provisorio.com.br	8336221099	AV SAO SEBASTIAO	Capim	PB	58287000	161319432	\N	\N	2026-01-10 05:39:24.2243	2026-01-10 05:39:24.2243	ATIVO	SN	\N	CENTRO	\N	\N	f	\N	\N	\N	\N	\N	\N
483	JURIDICA	73343480444	JOSINALDO CHAVES CORREIA	josinaldochavescorreia@provisorio.com.br	8332371055	RUA DOMINGOS JOSE DA PAIXAO	João Pessoa	PB	58066100	\N	\N	\N	2026-01-10 05:39:24.2243	2026-01-10 05:39:24.2243	ATIVO	1605	\N	MUSSUMAGO	\N	\N	f	\N	\N	\N	\N	\N	\N
484	JURIDICA	7227527000100	MAJONAV NAVEGACAO LTDA	majonavnavegacaoltda@provisorio.com.br	9137215387	LOT 8 E 9 QD I ST A	Belém	PA	66630505	\N	\N	\N	2026-01-10 05:39:24.2243	2026-01-10 05:39:24.2243	ATIVO	SN	\N	ICOARACI	\N	\N	f	\N	\N	\N	\N	\N	\N
485	JURIDICA	10417698000107	FUNDO MUNICIPAL DE SAUDE DE ITAMBE	fundomunicipaldesaudedeitambe@provisorio.com.br	\N	R JOSUE DE CASTRO	Itambé	PE	55920000	\N	\N	\N	2026-01-10 05:39:24.2243	2026-01-10 05:39:24.2243	ATIVO	SN	\N	CENTRO	\N	\N	f	\N	\N	\N	\N	\N	\N
486	JURIDICA	41217894000153	SEVERINO LEANDRO DOS SANTOS	severinoleandrodossantos@provisorio.com.br	8332912575	R DO TAMBOR	Rio Tinto	PB	58297000	161001130	\N	\N	2026-01-10 05:39:24.2243	2026-01-10 05:39:24.2243	ATIVO	211	\N	CENTRO	\N	\N	f	\N	\N	\N	\N	\N	\N
487	JURIDICA		RM TRANSPORTES E CARREGAMENTOS LTDA	rmtransportesecarregamentosltda@provisorio.com.br	\N	RUA LUIZ CARLOS CRISPIM PIMENTEL	João Pessoa	PB	58000000	\N	\N	\N	2026-01-10 05:39:24.2243	2026-01-10 05:39:24.2243	ATIVO	SN	\N	DISTRITO INDUSTRIAL	\N	\N	f	\N	\N	\N	\N	\N	\N
488	JURIDICA	8605032000122	COPESOLO ESTACAS E FUNDACOES LTDA	copesoloestacasefundacoesltda@provisorio.com.br	8322201000	R PROFESSOR BATISTA LEITE	João Pessoa	PB	58020600	160280052	\N	\N	2026-01-10 05:39:24.2243	2026-01-10 05:39:24.2243	ATIVO	229	\N	ROGER	\N	\N	f	\N	\N	\N	\N	\N	\N
489	JURIDICA	10373575000103	AGM - TRANSPORTES SERVICOS E REPRESENTACAO LTDA	agmtransportesservicoserepresentacaoltda@provisorio.com.br	8134712800	R JORNALISTA EDSON REGIS	Recife	PE	51220000	\N	\N	\N	2026-01-10 05:39:24.2243	2026-01-10 05:39:24.2243	ATIVO	456	\N	IBURA	\N	\N	f	\N	\N	\N	\N	\N	\N
490	JURIDICA	10150050000109	ITAMBE PREFEITURA	itambeprefeitura@provisorio.com.br	\N	R JOSUE DE CASTRO	Itambé	PE	55920000	\N	\N	\N	2026-01-10 05:39:24.2243	2026-01-10 05:39:24.2243	ATIVO	SN	\N	CENTRO	\N	\N	f	\N	\N	\N	\N	\N	\N
491	FISICA	1308957688	SIDEI CHAVES PEREIRA	trafego@frutasdocemel.com.br	\N	R MIAIPE	Governador Valadares	MG	35041290	\N	\N	\N	2026-01-10 05:39:24.2243	2026-01-10 05:39:24.2243	ATIVO	391	\N	VILA MISSAO 2	\N	\N	f	\N	\N	\N	\N	\N	\N
492	JURIDICA	92890555968	ROGERIO ADELIO DA SILVA	rogerioadeliodasilva@provisorio.com.br	81997888331	AV NUNES MACHADO	Goiana	PE	55900000	\N	\N	\N	2026-01-10 05:39:24.2243	2026-01-10 05:39:24.2243	ATIVO	390	\N	CENTRO	\N	\N	f	\N	\N	\N	\N	\N	\N
493	JURIDICA	850507000134	POLIMASSA ARGAMASSAS LTDA	polimassaargamassasltda@provisorio.com.br	8323452524	FAZENDA RIACHO DOCE BR 101 KM 106	Alhandra	PB	58320000	161098924	\N	\N	2026-01-10 05:39:24.2243	2026-01-10 05:39:24.2243	ATIVO	SN	\N	ZONA RURAL	\N	\N	f	\N	\N	\N	\N	\N	\N
494	JURIDICA	4525822000570	MOTOLINER AMAZONAS LTDA	executhe@outlook.com	8340090692	RUA MANOEL CESAR DE MELO	Alhandra	PB	58320000	161566030	\N	\N	2026-01-10 05:39:24.2243	2026-01-10 05:39:24.2243	ATIVO	SN	\N	DISTRITO INDU	\N	\N	f	\N	\N	\N	\N	\N	\N
495	JURIDICA	6880808000197	JOSE PEREIRA DE LIMA TRANSPORTE EPP	josepereiradelimatransporteepp@provisorio.com.br	8332335500	R MARIA INES BORBA GUERRA	João Pessoa	PB	58000000	161499740	\N	\N	2026-01-10 05:39:24.2243	2026-01-10 05:39:24.2243	ATIVO	SN	\N	DISTRITO INDUSTRIAL	\N	\N	f	\N	\N	\N	\N	\N	\N
496	JURIDICA	12727145000178	GUARAVES GUARABIRA AVES LTDA	financeiro01@grupoelizabeth.com.br	8332714000	SIT SANTIAGO	Guarabira	PB	58200000	160466016	\N	\N	2026-01-10 05:39:24.2243	2026-01-10 05:39:24.2243	ATIVO	SN	\N	ZONA RURAL	\N	\N	f	\N	\N	\N	\N	\N	\N
497	JURIDICA	12257684000271	TRANSPORTADORA RODO NORDESTE LTDA	transportadorarodonordesteltda@provisorio.com.br	8332330537	RUA LUIZ CARLOS CRISPIM PIMENTEL	João Pessoa	PB	58082020	161728359	\N	\N	2026-01-10 05:39:24.2243	2026-01-10 05:39:24.2243	ATIVO	661	\N	DISTRITO INDUSTRIAL	\N	\N	f	\N	\N	\N	\N	\N	\N
498	JURIDICA	889304000151	C R DE ABREU E CIA LTDA	claudiojpa83@gmail.com	8136352001	RUA PASCOAL CARRAZZONE	Itambé	PE	55920000	21715114	\N	\N	2026-01-10 05:39:24.2243	2026-01-10 05:39:24.2243	ATIVO	252	\N	CENTRO	\N	\N	f	\N	\N	\N	\N	\N	\N
499	JURIDICA	8293785000573	CENTRAL DA CONSTRUCAO LTDA	centraldaconstrucaoltda@provisorio.com.br	8330494000	AV ARAGAO E MELO	João Pessoa	PB	58040330	161569714	\N	\N	2026-01-10 05:39:24.2243	2026-01-10 05:39:24.2243	ATIVO	150	\N	TORRE	\N	\N	f	\N	\N	\N	\N	\N	\N
500	JURIDICA	53712535000151	ESCAD RENTAL LOC DE EQUIPAMENTOS P TERRAPLENAGEM LTDA	escadrentallocdeequipamentospterraplenagemltda@provisorio.com.br	1121285688	AV UTINGA	Santo André	SP	9220611	\N	\N	\N	2026-01-10 05:39:24.2243	2026-01-10 05:39:24.2243	ATIVO	1501	\N	UTINGA	\N	\N	f	\N	\N	\N	\N	\N	\N
501	JURIDICA	86447224000919	TRANSULINA TRANSPORTES LTDA	transulinatransportesltda@provisorio.com.br	7933651191	ROD BR101 - KM 23	Malhada dos Bois	SE	49940000	\N	\N	\N	2026-01-10 05:39:24.2243	2026-01-10 05:39:24.2243	ATIVO	SN	\N	ZONA RURAL	\N	\N	f	\N	\N	\N	\N	\N	\N
502	JURIDICA	5238398000112	NORDESTE SERVICOS MEDICOS LTDA	hresidencial@hotmail.com	8341412205	RUA DOUTOR HERMANCE PAIVA	João Pessoa	PB	58043120	\N	\N	\N	2026-01-10 05:39:24.2243	2026-01-10 05:39:24.2243	ATIVO	SN	\N	MIRAMAR	\N	\N	f	\N	\N	\N	\N	\N	\N
503	JURIDICA	9306085000105	JAIME MIRANDA GOMES - EPP	mirautoparaiba@terra.com.br	8388870200	AVENIDA CRUZ DAS ARMAS	João Pessoa	PB	58085000	\N	\N	\N	2026-01-10 05:39:24.2243	2026-01-10 05:39:24.2243	ATIVO	1902	\N	CRUZ DAS ARMAS	\N	\N	f	\N	\N	\N	\N	\N	\N
504	JURIDICA	23314594002405	ALESAT COMBUSTIVEIS S/A	alesatcombustiveissa1@provisorio.com.br	7136257898	VIA MADRE DE DEUS	São Francisco do Conde	BA	43900000	67121500	\N	\N	2026-01-10 05:39:24.2243	2026-01-10 05:39:24.2243	ATIVO	SN	\N	CAIPE	\N	\N	f	\N	\N	\N	\N	\N	\N
505	JURIDICA	24807471000921	SETIMA DO BRASIL LTDA	setimadobrasilltda@provisorio.com.br	8132028777	AV ASSEDIPE	Abreu e Lima	PE	53520785	40212580	\N	\N	2026-01-10 05:39:24.2243	2026-01-10 05:39:24.2243	ATIVO	15	\N	DISTRITO INDUSTRIAL	\N	\N	f	\N	\N	\N	\N	\N	\N
506	JURIDICA	9256546000182	J CARNEIRO COMERCIO E REPRESENTACOES LTDA	jcarneirocomercioerepresentacoesltda@provisorio.com.br	8332251907	AVENIDA PRESIDENTE EPITACIO PESSOA	João Pessoa	PB	58040000	160292239	\N	\N	2026-01-10 05:39:24.2243	2026-01-10 05:39:24.2243	ATIVO	SN	\N	TORRE	\N	\N	f	\N	\N	\N	\N	\N	\N
507	JURIDICA	3317169000168	VITRIUM INDUSTRIA E COMERCIO DE VIDROS LTDA	vitriumindustriaecomerciodevidrosltda@provisorio.com.br	8332481173	MAR DO CARIBE	Cabedelo	PB	58106282	161246320	\N	\N	2026-01-10 05:39:24.2243	2026-01-10 05:39:24.2243	ATIVO	206	\N	PORTAL DO POCO	\N	\N	f	\N	\N	\N	\N	\N	\N
508	JURIDICA	7228282000128	CONCREFORT INDUSTRIA E COMERCIO DE PREFORMADOS LTDA EPP	culturainglesajp@culturainglesapb.com.br	\N	R X 1 QUADRA 06 LOTE 01	João Pessoa	PB	58082040	161443842	\N	\N	2026-01-10 05:39:24.2243	2026-01-10 05:39:24.2243	ATIVO	310	\N	DISTRITO INDUSTRIAL	\N	\N	f	\N	\N	\N	\N	\N	\N
509	JURIDICA	5266210000140	PORTELA DISTRIBUIDORA LTDA	porteladistribuidoraltda@provisorio.com.br	8191462965	ROD BR-101	João Pessoa	PB	58082000	161371221	\N	\N	2026-01-10 05:39:24.2243	2026-01-10 05:39:24.2243	ATIVO	SN	\N	DISTRITO INDUSTRIAL	\N	\N	f	\N	\N	\N	\N	\N	\N
510	FISICA	6348634442	THIAGO ANDRADE RIBEIRO	thiagoandraderibeiro@provisorio.com.br	\N	RUA HORTENCIO RIBEIRO DE LUNA	João Pessoa	PB	58081400	\N	\N	\N	2026-01-10 05:39:24.2243	2026-01-10 05:39:24.2243	ATIVO	3333	\N	DISTRITO INDUSTRIAL	\N	\N	f	\N	\N	\N	\N	\N	\N
511	JURIDICA	10318858000152	RESSLER E DA VEIGA TRANSPORTES LTDA	ressleredaveigatransportesltda@provisorio.com.br	5433582619	R HIL DE ANDRADE	Lagoa Vermelha	RS	95300000	\N	\N	\N	2026-01-10 05:39:24.2243	2026-01-10 05:39:24.2243	ATIVO	90	\N	NUNES	\N	\N	f	\N	\N	\N	\N	\N	\N
512	JURIDICA	8833333000103	FT LOG TRANSPORTES E LOGISTICA LTDA - ME	ftlogtransporteselogisticaltdame@provisorio.com.br	1139419913	R KOBE	São Paulo	SP	2137010	\N	\N	\N	2026-01-10 05:39:24.2243	2026-01-10 05:39:24.2243	ATIVO	1063	\N	JARDIM JAPAO	\N	\N	f	\N	\N	\N	\N	\N	\N
513	JURIDICA	296549000507	CARLOS ANTONIO DE OLIVEIRA PEREIRA	carlosantoniodeoliveirapereira@provisorio.com.br	8135343873	AV IVISON AMARO DA SILVEIRA COSTA	Escada	PE	55500000	\N	\N	\N	2026-01-10 05:39:24.2243	2026-01-10 05:39:24.2243	ATIVO	189	\N	LT BOSQUE DO IPOJUCA	\N	\N	f	\N	\N	\N	\N	\N	\N
514	FISICA	3979288404	RAIMUNDO NONATO SIQUEIRA	raimundononatosiqueira@provisorio.com.br	83991442113	FAZENDA MARACANA	João Pessoa	PB	58030000	\N	\N	\N	2026-01-10 05:39:24.2243	2026-01-10 05:39:24.2243	ATIVO	SN	\N	ZONA RURAL	\N	\N	f	\N	\N	\N	\N	\N	\N
515	JURIDICA	4277525000120	CENTRAL MIX DISTRIBUIDORA LTDA	centralmixdistribuidoraltda@provisorio.com.br	8332086614	RUA  DAS INDUSTRIAS	João Pessoa	PB	58082050	161309330	\N	\N	2026-01-10 05:39:24.2243	2026-01-10 05:39:24.2243	ATIVO	SN	\N	DISTRITO INDUSTRIAL	\N	\N	f	\N	\N	\N	\N	\N	\N
516	JURIDICA	3313979000146	FALCAO GAS LTDA	falcaogasltda@provisorio.com.br	8300000000	RUA EMPRESARIO MANOEL DE BRITO	João Pessoa	PB	58073345	\N	\N	\N	2026-01-10 05:39:24.2243	2026-01-10 05:39:24.2243	ATIVO	483	\N	JOSE AMERICO DE ALMEIDA	\N	\N	f	\N	\N	\N	\N	\N	\N
517	JURIDICA	8057729000106	ABREU E LIMA LOGISTICA ARMAZENAGEM TRANS E DISTRI LTDA	abreuelimalogisticaarmazenagemtransedistriltda@provisorio.com.br	8135421957	AV ASSEDIPE	Abreu e Lima	PE	53520785	\N	\N	\N	2026-01-10 05:39:24.2243	2026-01-10 05:39:24.2243	ATIVO	SN	\N	DISTR IND DE ABREU E LIMA	\N	\N	f	\N	\N	\N	\N	\N	\N
518	JURIDICA	25861063000163	JFW TRANSPORTADORA LTDA	jfwtransportadoraltda@provisorio.com.br	3532956060	AV RICARDO ANONI FILHO	Machado	MG	37750000	3906322260052	\N	\N	2026-01-10 05:39:24.2243	2026-01-10 05:39:24.2243	ATIVO	1754	\N	JARDIM PATRICIA	\N	\N	f	\N	\N	\N	\N	\N	\N
519	JURIDICA	79172130997	ANA DE FATIMA CAVALHEIRO EDUARDO	anadefatimacavalheiroeduardo@provisorio.com.br	4732271026	R PROF THEODORO BOLING	Joinville	SC	89237305	\N	\N	\N	2026-01-10 05:39:24.2243	2026-01-10 05:39:24.2243	ATIVO	115	\N	VILLA NOVA	\N	\N	f	\N	\N	\N	\N	\N	\N
520	JURIDICA	7925406000124	CEREALISTA OITIZEIRO COMERCIO DE ALIMENTOS E BEBIDAS LTDA	cerealistaoitizeirocomerciodealimentosebebidasltda@provisorio.com.br	8332628039	AV CRUZ DAS ARMAS	João Pessoa	PB	58087000	161481230	\N	\N	2026-01-10 05:39:24.2243	2026-01-10 05:39:24.2243	ATIVO	3314	\N	OITIZEIRO	\N	\N	f	\N	\N	\N	\N	\N	\N
521	JURIDICA	5374977000192	ECOTEC ENGENHARIA AMBIENTAL LTDA	ecotecengenhariaambientalltda@provisorio.com.br	8332462060	RUA MANOEL ARRUDA CAVALCANTI	João Pessoa	PB	58038680	\N	\N	\N	2026-01-10 05:39:24.2243	2026-01-10 05:39:24.2243	ATIVO	110	\N	MANAIRA	\N	\N	f	\N	\N	\N	\N	\N	\N
522	JURIDICA	8706145000114	CAMPINENSE TRANSPORTE DE CARGAS LTDA	campinensetransportedecargasltda@provisorio.com.br	8331823400	AVJORNALISTA  ASSIS  CHATEAUBRIAND	Campina Grande	PB	58414060	160303141	\N	\N	2026-01-10 05:39:24.2243	2026-01-10 05:39:24.2243	ATIVO	3055	\N	LIBERDADE	\N	\N	f	\N	\N	\N	\N	\N	\N
523	JURIDICA	10862458000103	IDEMIX SERVICOS DE CONCRETO LTDA	idemixservicosdeconcretoltda@provisorio.com.br	8130936866	TRAVESSA CORONEL WALDEMAR BASGAL	Jaboatão dos Guararapes	PE	54400171	\N	\N	\N	2026-01-10 05:39:24.2243	2026-01-10 05:39:24.2243	ATIVO	1037	\N	PIEDADE	\N	\N	f	\N	\N	\N	\N	\N	\N
524	JURIDICA	8947699000103	JACARAU  PREFEITURA	renatodorta@hotmail.com	8332951880	R AUGUSTO LUNA	Jacaraú	PB	58278000	\N	\N	\N	2026-01-10 05:39:24.2243	2026-01-10 05:39:24.2243	ATIVO	45	\N	CENTRO	\N	\N	f	\N	\N	\N	\N	\N	\N
525	JURIDICA	85505212000183	MAI COMERCIO  E TRANSPORTE LTDA	maicomercioetransporteltda@provisorio.com.br	4136080691	RUA -CESAR CARELLI	Fazenda Rio Grande	PR	83833054	9043648788	\N	\N	2026-01-10 05:39:24.2243	2026-01-10 05:39:24.2243	ATIVO	SN	\N	PIONEIROS	\N	\N	f	\N	\N	\N	\N	\N	\N
526	JURIDICA	7614181000195	SUPRI DIESEL COMERCIO IMPORTACAO E ESPORTACAO DE PECAS LTDA	supridieselcomercioimportacaoeesportacaodepecasltda@provisorio.com.br	1932275800	R JOAO DE SOUSA COELHO	Campinas	SP	13065703	\N	\N	\N	2026-01-10 05:39:24.2243	2026-01-10 05:39:24.2243	ATIVO	186	\N	PARQUE VIA NORTE	\N	\N	f	\N	\N	\N	\N	\N	\N
527	JURIDICA	10802512000125	MRTRANSPORTE E DISTRIBUIDOR LTDA 	mrtransporteedistribuidorltda@provisorio.com.br	\N	RUA  SAO SALVADOR	Araguari	MG	38446130	11556080026	\N	\N	2026-01-10 05:39:24.2243	2026-01-10 05:39:24.2243	ATIVO	681	\N	SAO LUIZ	\N	\N	f	\N	\N	\N	\N	\N	\N
528	JURIDICA	35512722000100	REDIESEL RECIFE AUTODIESEL LTDA	devolucao01@rediesel.com.br	8121015050	BR 101	Jaboatão dos Guararapes	PE	54355010	16616634	\N	\N	2026-01-10 05:39:24.2243	2026-01-10 05:39:24.2243	ATIVO	SN	\N	MURIBECA	\N	\N	f	\N	\N	\N	\N	\N	\N
529	JURIDICA	24356347000130	TRASNPARENTE AUTO PECAS LTDA	trasnparenteautopecasltda@provisorio.com.br	8738712770	AV CORONEL VEREMUNDO SOARES	Salgueiro	PE	56000000	14440423	\N	\N	2026-01-10 05:39:24.2243	2026-01-10 05:39:24.2243	ATIVO	SN	\N	PLANALTO	\N	\N	f	\N	\N	\N	\N	\N	\N
530	JURIDICA	3172398000131	QSERVLOG SERVICOS AUXILIARES DE LOGISTICA LTDA	qservlogservicosauxiliaresdelogisticaltda@provisorio.com.br	8130745930	R PERDIZ	Olinda	PE	53370370	42462843	\N	\N	2026-01-10 05:39:24.2243	2026-01-10 05:39:24.2243	ATIVO	19	\N	OURO PRETO	\N	\N	f	\N	\N	\N	\N	\N	\N
531	JURIDICA	11845207000183	ANNIFLEX TRAVESSEIROS INDUSTRIA E COMERCIO LTDA	anniflextravesseirosindustriaecomercioltda@provisorio.com.br	8332293642	R JOSE VITALINO DA ROCHA	Santa Rita	PB	58300000	161687016	\N	\N	2026-01-10 05:39:24.2243	2026-01-10 05:39:24.2243	ATIVO	SN	\N	JARDIM MIRASOL	\N	\N	f	\N	\N	\N	\N	\N	\N
532	JURIDICA	10940525000160	NAZA EX TRANSPORTE E LOGISTICA LTDA	nazaextransporteelogisticaltda@provisorio.com.br	\N	R JORNAL DA PARAIBA	Santa Rita	PB	58300000	\N	\N	\N	2026-01-10 05:39:24.2243	2026-01-10 05:39:24.2243	ATIVO	102	\N	MARCOS MOURA	\N	\N	f	\N	\N	\N	\N	\N	\N
533	JURIDICA	35586858000164	DUTRA SERVICOS HIDRAULICOS E ELETRICOS LTDA	dutraservicoshidraulicoseeletricosltda@provisorio.com.br	8330420476	RUA MARECHAL ALMEIDA BARRETO	João Pessoa	PB	58013460	\N	\N	\N	2026-01-10 05:39:24.2243	2026-01-10 05:39:24.2243	ATIVO	222	\N	CENTRO	\N	\N	f	\N	\N	\N	\N	\N	\N
534	JURIDICA	10571149000184	PALACIO DAS BATERIAS LTDA	palaciodasbateriasltda@provisorio.com.br	8121281188	AV MAL MASCARENHAS DE MORAIS	Recife	PE	51170000	\N	\N	\N	2026-01-10 05:39:24.2243	2026-01-10 05:39:24.2243	ATIVO	1288	\N	IMBIRIBEIRA	\N	\N	f	\N	\N	\N	\N	\N	\N
535	JURIDICA	10820874000149	TRANSFORTVALE TRANSPORTES DE CARGAS LTDA	transfortvaletransportesdecargasltda@provisorio.com.br	8332861013	ROD PB 004	Caaporã	PB	58326000	161616763	\N	\N	2026-01-10 05:39:24.2243	2026-01-10 05:39:24.2243	ATIVO	SN	\N	CENTRO	\N	\N	f	\N	\N	\N	\N	\N	\N
536	JURIDICA	7323203000168	JP LIMA TRANSPORTES LTDA - ME	lamarquemedeiros@hotmail.com	4199911079	R EMILIA GOMES COSTA	Curitiba	PR	82600420	\N	\N	\N	2026-01-10 05:39:24.2243	2026-01-10 05:39:24.2243	ATIVO	107	\N	BACACHERI	\N	\N	f	\N	\N	\N	\N	\N	\N
537	JURIDICA	12457564000137	COMERCIO DE PECAS PESADAS E SERVICOS LTDA	comerciodepecaspesadaseservicosltda@provisorio.com.br	8335158066	RUA LUIZ CARLOS CRISPIM PIMENTEL	João Pessoa	PB	58082020	161739504	\N	\N	2026-01-10 05:39:24.2243	2026-01-10 05:39:24.2243	ATIVO	309	\N	DISTRITO INDUSTRIAL	\N	\N	f	\N	\N	\N	\N	\N	\N
538	JURIDICA	2019761000110	Lojao Duferro LTDA	lojaoduferroltda@provisorio.com.br	83996309937	AVENIDA PRESIDENTE TANCREDO NEVES	João Pessoa	PB	58028840	161168973	\N	\N	2026-01-10 05:39:24.2243	2026-01-10 05:39:24.2243	ATIVO	203	\N	IPES	\N	\N	f	\N	\N	\N	\N	\N	\N
539	JURIDICA	8917080000156	PREFEITURA MUNICIPAL DE SAPE	prefeituramunicipaldesape@provisorio.com.br	\N	R ORCINE FERNANDES	Sapé	PB	58340000	\N	\N	\N	2026-01-10 05:39:24.2243	2026-01-10 05:39:24.2243	ATIVO	153	\N	CENTRO	\N	\N	f	\N	\N	\N	\N	\N	\N
540	JURIDICA	12361753000535	PSO ENGENHARIA DE INFRAESTRUTURA LTDA	psoengenhariadeinfraestruturaltda@provisorio.com.br	8332244399	RUA SAFFA SAID ABEL DA CUNHA	João Pessoa	PB	58042220	161965415	\N	\N	2026-01-10 05:39:24.2243	2026-01-10 05:39:24.2243	ATIVO	256	\N	TAMBAUZINHO	\N	\N	f	\N	\N	\N	\N	\N	\N
541	JURIDICA	40976334000110	WELL RENT A CAR LTDA	wellrentacarltda@provisorio.com.br	8332441001	AVENIDA PRESIDENTE EPITACIO PESSOA	João Pessoa	PB	58040000	161022030	\N	\N	2026-01-10 05:39:24.2243	2026-01-10 05:39:24.2243	ATIVO	SN	\N	TAMBAUZINHO	\N	\N	f	\N	\N	\N	\N	\N	\N
542	JURIDICA	31275084000108	MILA TRANSPORTES LTDA	milatransportesltda@provisorio.com.br	2740090300	ROD BR 262 - KM 09	Viana	ES	29135000	81142366	\N	\N	2026-01-10 05:39:24.2243	2026-01-10 05:39:24.2243	ATIVO	SN	\N	MARCILIO DE NORONHA	\N	\N	f	\N	\N	\N	\N	\N	\N
543	JURIDICA	10851464000165	PETTERSON TRUCKS MANUTENCAO LTDA ME	pettersontrucksmanutencaoltdame@provisorio.com.br	4788277273	RODOVIA BR 101	Joinville	SC	89213215	256251967	\N	\N	2026-01-10 05:39:24.2243	2026-01-10 05:39:24.2243	ATIVO	SN	\N	NOVA BRASILIA	\N	\N	f	\N	\N	\N	\N	\N	\N
544	JURIDICA	778553000170	O MESTRE MATERIAS DE CONSTRUCAO LTDA	omestremateriasdeconstrucaoltda@provisorio.com.br	8332253131	AVENIDA BARAO DE MAMANGUAPE	João Pessoa	PB	58040330	161090940	\N	\N	2026-01-10 05:39:24.2243	2026-01-10 05:39:24.2243	ATIVO	SN	\N	TORRE	\N	\N	f	\N	\N	\N	\N	\N	\N
545	JURIDICA	7151008000106	ANISIO MARIA DA SILVA	magcreditos@hotmail.com	8332171837	RUA VEREADOR SEVERINO RODRIGO	Santa Rita	PB	58303350	161448887	\N	\N	2026-01-10 05:39:24.2243	2026-01-10 05:39:24.2243	ATIVO	SN	\N	MUNICIPIOS	\N	\N	f	\N	\N	\N	\N	\N	\N
546	JURIDICA	8706145000467	CAMPINENSE TRANSPORTE DE CARGA	financeirocd3@armazempb.com.br	8330483600	RUA SEM DENOMINACAO	João Pessoa	PB	58305000	160813832	\N	\N	2026-01-10 05:39:24.2243	2026-01-10 05:39:24.2243	ATIVO	28	\N	DISTRITO INDUSTRIAL	\N	\N	f	\N	\N	\N	\N	\N	\N
547	JURIDICA	35423979000195	HC COMERCIO DE ALIMENTOS LTDA	gerenteadministrativo@hcfrios.com.br	8332335153	AV DOIS DE FEVEREIRO	João Pessoa	PB	58070000	161543227	\N	\N	2026-01-10 05:39:24.2243	2026-01-10 05:39:24.2243	ATIVO	559	\N	RANGEL	\N	\N	f	\N	\N	\N	\N	\N	\N
549	JURIDICA	1033954000163	TRANSPORTADORA RODOJUN LTDA	transportadorarodojunltda@provisorio.com.br	1145321265	AV ANTONIO FREDERICO OZANAN	Jundiaí	SP	13219001	\N	\N	\N	2026-01-10 05:39:24.2243	2026-01-10 05:39:24.2243	ATIVO	SN	\N	VI AGOSTINHO	\N	\N	f	\N	\N	\N	\N	\N	\N
550	JURIDICA	10761969000139	LUKDIESEL COMERCIO DE PECAS P CAMINHOES LTDA	lukdieselcomerciodepecaspcaminhoesltda@provisorio.com.br	1123037308	AV SANTOS DUMONT	Guarulhos	SP	7220000	336879404113	\N	\N	2026-01-10 05:39:24.2243	2026-01-10 05:39:24.2243	ATIVO	2495	\N	CID INDUSTRIAL	\N	\N	f	\N	\N	\N	\N	\N	\N
551	JURIDICA	3537803000178	MISSILENE GERONIMO DA SILVA	missilenegeronimodasilva@provisorio.com.br	8332832997	AV RIO BRANCO	Sapé	PB	58340000	161260985	\N	\N	2026-01-10 05:39:24.2243	2026-01-10 05:39:24.2243	ATIVO	49	\N	CENTRO	\N	\N	f	\N	\N	\N	\N	\N	\N
552	JURIDICA	3225625000220	KENYA S/A TRANSPORTE E LOGISTICA	kenyasatransporteelogistica@provisorio.com.br	8321068400	R PROJETADA	João Pessoa	PB	58082000	\N	\N	\N	2026-01-10 05:39:24.2243	2026-01-10 05:39:24.2243	ATIVO	450	\N	DISTRITO INDUSTRIAL	\N	\N	f	\N	\N	\N	\N	\N	\N
553	JURIDICA	7917488000165	POSTO CALVACANTI COMERCIO DE COMBUSTIVES LTDA	postocalvacanticomerciodecombustivesltda@provisorio.com.br	8330499000	ROD BR 101 KM 40	Mamanguape	PB	58280000	161484506	\N	\N	2026-01-10 05:39:24.2243	2026-01-10 05:39:24.2243	ATIVO	2	\N	SATELITE	\N	\N	f	\N	\N	\N	\N	\N	\N
554	JURIDICA	5614665000109	AGB TRANSPORTES DE CARGAS LOCACOES E SERVICOS LTDA	agbtransportesdecargaslocacoeseservicosltda@provisorio.com.br	8135421957	AV ASSEDIPE	Abreu e Lima	PE	53520785	30110971	\N	\N	2026-01-10 05:39:24.2243	2026-01-10 05:39:24.2243	ATIVO	SN	\N	DISTITO IND DE ABREU E LIMA	\N	\N	f	\N	\N	\N	\N	\N	\N
555	JURIDICA	91361613815	JOSE CICERO DA SILVA 	josecicerodasilva@provisorio.com.br	\N	R JUANA CHEROBINA	Sumaré	SP	15110342	\N	\N	\N	2026-01-10 05:39:24.2243	2026-01-10 05:39:24.2243	ATIVO	224	\N	PORTAL BORDON	\N	\N	f	\N	\N	\N	\N	\N	\N
556	JURIDICA	9072455000197	PREFEITURA MUNICIPAL DE PEDRAS DE FOGO	prefeituramunicipaldepedrasdefogo@provisorio.com.br	8136351064	R DR MANOEL ALVES	Pedras de Fogo	PB	58328000	\N	\N	\N	2026-01-10 05:39:24.2243	2026-01-10 05:39:24.2243	ATIVO	140	\N	CENTRO	\N	\N	f	\N	\N	\N	\N	\N	\N
557	JURIDICA	8981924000128	MUNDO DA CONSTRUCAO LTDA	brandao2711@gmail.com	8332220642	AVENIDA SOUZA RANGEL	João Pessoa	PB	58070070	161528490	\N	\N	2026-01-10 05:39:24.2243	2026-01-10 05:39:24.2243	ATIVO	437	\N	RANGEL	\N	\N	f	\N	\N	\N	\N	\N	\N
558	JURIDICA	8146882000100	SUZLON ENERGIA EOLICA DO BRAXIL LTDA	suzlonenergiaeolicadobraxilltda@provisorio.com.br	\N	AV SEN VIRGILIO TAVORA	Fortaleza	CE	60170250	62008471	\N	\N	2026-01-10 05:39:24.2243	2026-01-10 05:39:24.2243	ATIVO	195	\N	MEIRELES	\N	\N	f	\N	\N	\N	\N	\N	\N
559	FISICA	3899213947	JAYSON GOVANNY CAMILO	jaysongovannycamilo@provisorio.com.br	\N	IND LUIZ CARLOS CRISPIM PIMENTEL	João Pessoa	PB	58082020	\N	\N	\N	2026-01-10 05:39:24.2243	2026-01-10 05:39:24.2243	ATIVO	SN	\N	DISTRITO INDUSTRIAL	\N	\N	f	\N	\N	\N	\N	\N	\N
560	JURIDICA	1918378001960	EUROFLEX INDSTURIA E COMERCIO DE COLCHOES LTDA	edmilsonvitorianort@gmail.com	8133757122	RODOVIA BR 101	Jaboatão dos Guararapes	PE	54335000	27447405	\N	\N	2026-01-10 05:39:24.2243	2026-01-10 05:39:24.2243	ATIVO	SN	\N	PRAZERES	\N	\N	f	\N	\N	\N	\N	\N	\N
561	JURIDICA	7443817000183	CARAVAN MULTMARCAS DE VEICULOS  LTDA	hamiltonfoliveira@bol.com.br	8332225086	RUA CATURITE	João Pessoa	PB	58040420	161454780	\N	\N	2026-01-10 05:39:24.2243	2026-01-10 05:39:24.2243	ATIVO	374	\N	TORRE	\N	\N	f	\N	\N	\N	\N	\N	\N
562	JURIDICA	37595580978	ODAIR ANTONIO RIGO	odairantoniorigo@provisorio.com.br	4836328961	RUA WENCESLAU CORREA DE SOUZA	Tubarão	SC	88705738	\N	\N	\N	2026-01-10 05:39:24.2243	2026-01-10 05:39:24.2243	ATIVO	244	\N	VILA MOEMA	\N	\N	f	\N	\N	\N	\N	\N	\N
563	JURIDICA	5440711000109	RAPIDO MAXEXPRESS LTDA - EPP	rapidomaxexpressltdaepp@provisorio.com.br	3234018507	AUGUSTO BOALENTO	Laranjal	MG	36760000	\N	\N	\N	2026-01-10 05:39:24.2243	2026-01-10 05:39:24.2243	ATIVO	113	\N	CENTRO	\N	\N	f	\N	\N	\N	\N	\N	\N
564	JURIDICA	47960950075725	MAGAZINE LUIZA  S/A	magazineluizasa@provisorio.com.br	8332149008	R MANUEL CESAR DE MELO	Alhandra	PB	58320000	162005750	\N	\N	2026-01-10 05:39:24.2243	2026-01-10 05:39:24.2243	ATIVO	SN	\N	DISTRITO INDUSTRIAL	\N	\N	f	\N	\N	\N	\N	\N	\N
565	FISICA	3058856938	PAULO CESAR DA SILVA	paulocesardasilva@provisorio.com.br	4299156888	TRAVESSA DOS BANCARIOS	Candói	PR	85140000	\N	\N	\N	2026-01-10 05:39:24.2243	2026-01-10 05:39:24.2243	ATIVO	SN	\N	CENTRO	\N	\N	f	\N	\N	\N	\N	\N	\N
566	JURIDICA	5548077000114	REDE DIGITAL SISTEMAS ELETRONICOS LTDA	rededigitalsistemaseletronicosltda@provisorio.com.br	8332454955	AV MINISTRO JOSE AMERICO DE ALMEIDA	João Pessoa	PB	58040302	161381235	\N	\N	2026-01-10 05:39:24.2243	2026-01-10 05:39:24.2243	ATIVO	1234	\N	TORRE	\N	\N	f	\N	\N	\N	\N	\N	\N
567	JURIDICA	2280459000111	CILMARA DE FATIMA COSTA	cilmaradefatimacosta@provisorio.com.br	8399824458	AVENIDA PRESIDENTE AFONSO PENA	João Pessoa	PB	58035030	161189989	\N	\N	2026-01-10 05:39:24.2243	2026-01-10 05:39:24.2243	ATIVO	SN	\N	BESSA	\N	\N	f	\N	\N	\N	\N	\N	\N
568	JURIDICA	1592448000376	STAR AMBIENTAL LTDA	starambientalltda@provisorio.com.br	\N	ROD BR 101 KM 158	Escada	PE	55500000	\N	\N	\N	2026-01-10 05:39:24.2243	2026-01-10 05:39:24.2243	ATIVO	SN	\N	LOTEAMENTO NOVA CIDADE ESCADA	\N	\N	f	\N	\N	\N	\N	\N	\N
569	FISICA	2505436487	ARI CAVALCANTE PIMENTEL	aricavalcantepimentel@provisorio.com.br	8332218770	RUA FELINTO SANTOS A ESCOLACHO	João Pessoa	PB	58000000	\N	\N	\N	2026-01-10 05:39:24.2243	2026-01-10 05:39:24.2243	ATIVO	SN	\N	CRISTO	\N	\N	f	\N	\N	\N	\N	\N	\N
570	JURIDICA	8884053000124	EDUARDO HLATKI DOS SANTOS -ME	eduardohlatkidossantosme@provisorio.com.br	1338565512	RODOVIA REGIS BITTENCOURT	Pariquera-Açu	SP	11930000	\N	\N	\N	2026-01-10 05:39:24.2243	2026-01-10 05:39:24.2243	ATIVO	SN	\N	CONCHAL	\N	\N	f	\N	\N	\N	\N	\N	\N
571	JURIDICA	92579325000199	RODO MOVEL TRANAPORTES LTDA	rodomoveltranaportesltda@provisorio.com.br	5421089999	BR116 KM 142	Caxias do Sul	RS	95059250	290182115	\N	\N	2026-01-10 05:39:24.2243	2026-01-10 05:39:24.2243	ATIVO	11760	\N	JD ELDORADO	\N	\N	f	\N	\N	\N	\N	\N	\N
572	JURIDICA	1551272000142	ASA INDUSTRIA E COMERCIO LTDA	asaindustriaecomercioltda@provisorio.com.br	8130735000	RUA DA PAZ	Recife	PE	50770000	\N	\N	\N	2026-01-10 05:39:24.2243	2026-01-10 05:39:24.2243	ATIVO	82	\N	AFOGADOS	\N	\N	f	\N	\N	\N	\N	\N	\N
573	JURIDICA	16666525000109	NIVALDO JOSE DE FRANCA	nivaldojosedefranca@provisorio.com.br	8134367510	RUA DOUTOR LUIS IGNACIO DE ANDRADE LIMA	Paulista	PE	53435455	49673300	\N	\N	2026-01-10 05:39:24.2243	2026-01-10 05:39:24.2243	ATIVO	SN	\N	JANGA	\N	\N	f	\N	\N	\N	\N	\N	\N
574	JURIDICA	3389477000280	VERTICAL GREEN DO BRASIL LTDA	verticalgreendobrasilltda@provisorio.com.br	8332571054	RODOVIA PB 032 KM 1	Pedras de Fogo	PB	58328000	161516688	\N	\N	2026-01-10 05:39:24.2243	2026-01-10 05:39:24.2243	ATIVO	SN	\N	DISTRITO AGRO INDUSTRIAL	\N	\N	f	\N	\N	\N	\N	\N	\N
575	JURIDICA	68645120968	EDOZILDO MICHELINE	erick@potiguarcontrutora.com.br	41999229950	RUA SINFRONIO MESA NETO	Curitiba	PR	81470045	\N	\N	\N	2026-01-10 05:39:24.2243	2026-01-10 05:39:24.2243	ATIVO	876	\N	TATUQUARA	\N	\N	f	\N	\N	\N	\N	\N	\N
576	FISICA	6404961482	DANILO XAVIER DIAS	daniloxavierdias@provisorio.com.br	8332661013	AV SAO SEBASTIAO	Capim	PB	58000000	\N	\N	\N	2026-01-10 05:39:24.2243	2026-01-10 05:39:24.2243	ATIVO	SN	\N	CENTRO	\N	\N	f	\N	\N	\N	\N	\N	\N
577	JURIDICA	2437279000109	LUBRICENTER COMERCIO DE LUBRIFICANTES LTDA	lubricentercomerciodelubrificantesltda@provisorio.com.br	83991348999	RUA ANISIO SALATIEL	João Pessoa	PB	58020000	161256929	\N	\N	2026-01-10 05:39:24.2243	2026-01-10 05:39:24.2243	ATIVO	1	\N	ROGER	\N	\N	f	\N	\N	\N	\N	\N	\N
578	JURIDICA	73660957372	ANA C ARRAES DE OLIVEIRA	anacarraesdeoliveira@provisorio.com.br	\N	HORTENCIO R DE LUNA	João Pessoa	PB	58088400	\N	\N	\N	2026-01-10 05:39:24.2243	2026-01-10 05:39:24.2243	ATIVO	3333	\N	DISTRITO INDUSTRIAL	\N	\N	f	\N	\N	\N	\N	\N	\N
579	JURIDICA	8568537000164	MOHAWK REVESTIMENTOS PEDRA LAVRADA LTDA	contabilidade1@mohawkbr.com	8321072000	SITIO SITIO CANTA GALO	Pedra Lavrada	PB	58180000	160308208	\N	\N	2026-01-10 05:39:24.2243	2026-01-10 05:39:24.2243	ATIVO	SN	\N	ZONA RURAL	\N	\N	f	\N	\N	\N	\N	\N	\N
580	JURIDICA	15028337000184	T E R TRANSPORTES LTDA ME	tertransportesltdame@provisorio.com.br	8433447000	R AGOSTINHO ALMEIDA	Natal	RN	59054660	\N	\N	\N	2026-01-10 05:39:24.2243	2026-01-10 05:39:24.2243	ATIVO	1861	\N	LAGOA NOVA	\N	\N	f	\N	\N	\N	\N	\N	\N
581	JURIDICA	76828201000143	IND E COM DE ARROZ FUMACENSE LTDA	indecomdearrozfumacenseltda@provisorio.com.br	8334348888	ROD SC 443	Morro da Fumaça	SC	88830000	\N	\N	\N	2026-01-10 05:39:24.2243	2026-01-10 05:39:24.2243	ATIVO	2244	\N	BARRACAO	\N	\N	f	\N	\N	\N	\N	\N	\N
582	JURIDICA	10369741000106	MAPLAST COMERCIO ATACADISTA LTDA	maplastcomercioatacadistaltda@provisorio.com.br	8332234766	RUA ANTONIA GOMES DA SILVEIRA	João Pessoa	PB	58071200	161583660	\N	\N	2026-01-10 05:39:24.2243	2026-01-10 05:39:24.2243	ATIVO	413	\N	CRISTO REDENTOR	\N	\N	f	\N	\N	\N	\N	\N	\N
583	FISICA	1346362440	JOSE AUGUSTO ASFORA SOUZA	joseaugustoasforasouza@provisorio.com.br	\N	RUA VICENTE IELPE	João Pessoa	PB	58035060	\N	\N	\N	2026-01-10 05:39:24.2243	2026-01-10 05:39:24.2243	ATIVO	SN	\N	BESSA	\N	\N	f	\N	\N	\N	\N	\N	\N
584	JURIDICA	13958950400	JOSE EUCLIDES BC DANTAS	joseeuclidesbcdantas@provisorio.com.br	8391067943	AVENIDA GUARABIRA	João Pessoa	PB	58038140	\N	\N	\N	2026-01-10 05:39:24.2243	2026-01-10 05:39:24.2243	ATIVO	773	\N	MANAIRA	\N	\N	f	\N	\N	\N	\N	\N	\N
585	JURIDICA	4756161000160	BETINARDI TERRAPLANAGEM LTDA	betinarditerraplanagemltda@provisorio.com.br	4136661615	ESTRADA DA RIBEIRA	Colombo	PR	83408000	\N	\N	\N	2026-01-10 05:39:24.2243	2026-01-10 05:39:24.2243	ATIVO	225	\N	GUARAITUBA	\N	\N	f	\N	\N	\N	\N	\N	\N
586	JURIDICA	7621117000131	KAROL BALAS DISTRIBUIDORA DE BALAS E DESCARTAVEIS LTDA	karolbalasdistribuidoradebalasedescartaveisltda@provisorio.com.br	8332331012	AVENIDA CRUZ DAS ARMAS	João Pessoa	PB	58085000	161464793	\N	\N	2026-01-10 05:39:24.2243	2026-01-10 05:39:24.2243	ATIVO	SN	\N	CRUZ DAS ARMAS	\N	\N	f	\N	\N	\N	\N	\N	\N
587	JURIDICA	1840291000199	AMBIENTAL SOLUCOES LTDA	ambientalsolucoesltda@provisorio.com.br	8332222120	AV CAMILO DE HOLANDA	João Pessoa	PB	58040340	161166458	\N	\N	2026-01-10 05:39:24.2243	2026-01-10 05:39:24.2243	ATIVO	SN	\N	TORRE	\N	\N	f	\N	\N	\N	\N	\N	\N
588	JURIDICA	12186380000180	ELIZABETH CIMENTOS LTDA	elizabethcimentosltda@provisorio.com.br	8321072000	RUA A GLEBA ANDREZA MUCATU	Alhandra	PB	58320000	161921094	\N	\N	2026-01-10 05:39:24.2243	2026-01-10 05:39:24.2243	ATIVO	SN	\N	ZONA RURAL	\N	\N	f	\N	\N	\N	\N	\N	\N
589	FISICA	3419419481	WAGNER DE SOUZA SILVA	wagnerdesouzasilva@provisorio.com.br	83988941349	AVENIDA PRESIDENTE FELIX ANTONIO	João Pessoa	PB	58085460	\N	\N	\N	2026-01-10 05:39:24.2243	2026-01-10 05:39:24.2243	ATIVO	SN	\N	CRUZ DAS ARMAS	\N	\N	f	\N	\N	\N	\N	\N	\N
590	JURIDICA	15353336000105	TRUCKFER COM E DISTRIB DE AUTO PECAS LTDA	truckfercomedistribdeautopecasltda@provisorio.com.br	1125061651	RUA CURUPIRA	São Paulo	SP	3179140	\N	\N	\N	2026-01-10 05:39:24.2243	2026-01-10 05:39:24.2243	ATIVO	27	\N	MOOCA	\N	\N	f	\N	\N	\N	\N	\N	\N
591	JURIDICA	12231871000103	FERNANDO TEIXEIRA LOURO 	fernandoteixeiralouro@provisorio.com.br	3335162553	R CARLOS PRATES	Capelinha	MG	39680000	\N	\N	\N	2026-01-10 05:39:24.2243	2026-01-10 05:39:24.2243	ATIVO	215	\N	VILA OPERARIA	\N	\N	f	\N	\N	\N	\N	\N	\N
592	JURIDICA	82125618000142	RODOVIARIO DIAMANTE LTDA	rodoviariodiamanteltda@provisorio.com.br	4933538800	ROD SC 453	Videira	SC	89560000	251974669	\N	\N	2026-01-10 05:39:24.2243	2026-01-10 05:39:24.2243	ATIVO	SN	\N	DISTRITO VIDEIRA	\N	\N	f	\N	\N	\N	\N	\N	\N
593	JURIDICA	12683592000172	F A RAMOS TRANS E LOC DE MAQUINAS E EQUIP LTDA	faramostranselocdemaquinaseequipltda@provisorio.com.br	8130374040	AVENIDA CONSELHEIRO AGUIAR	Recife	PE	51110020	44607156	\N	\N	2026-01-10 05:39:24.2243	2026-01-10 05:39:24.2243	ATIVO	2333	\N	BOA VIAGEM	\N	\N	f	\N	\N	\N	\N	\N	\N
594	JURIDICA	4067463000121	PORTAL ADMINISTRADORA DE BENS LTDA	compras3@manairashopping.com	8321066407	AVENIDA GOVERNADOR FLAVIO RIBEIRO COUTINHO	João Pessoa	PB	58037000	161293204	\N	\N	2026-01-10 05:39:24.2243	2026-01-10 05:39:24.2243	ATIVO	805	\N	MANAIRA	\N	\N	f	\N	\N	\N	\N	\N	\N
595	JURIDICA	41933877472	DANIEL EPAMINONDAS DE LIRA	danielepaminondasdelira@provisorio.com.br	8399841997	RUA CORDELIA VELLOSO FRADE	João Pessoa	PB	58052430	\N	\N	\N	2026-01-10 05:39:24.2243	2026-01-10 05:39:24.2243	ATIVO	383	\N	JARDIM CIDADE UNIVERSITARIA	\N	\N	f	\N	\N	\N	\N	\N	\N
596	JURIDICA	8786865000307	PREFEITURA MUNICIPAL DE MULUNGU	prefeituramunicipaldemulungu@provisorio.com.br	\N	R PRES JOAO PESSOA	Mulungu	PB	58354000	\N	\N	\N	2026-01-10 05:39:24.2243	2026-01-10 05:39:24.2243	ATIVO	SN	\N	CENTRO	\N	\N	f	\N	\N	\N	\N	\N	\N
597	JURIDICA	6173370000107	TECNO MOTOR PECAS E SERVICOS LTDA	williana@saobraz.com.br	4333752200	R NASSIM JABUR	Londrina	PR	86079050	\N	\N	\N	2026-01-10 05:39:24.2243	2026-01-10 05:39:24.2243	ATIVO	521	\N	JD PAULISTA	\N	\N	f	\N	\N	\N	\N	\N	\N
598	JURIDICA	8924848000119	VANDELUCIA BATISTA DA SILVA	patosturbodiesel1@hotmail.com	8332211014	AVENIDA ALBERTO DE BRITO	João Pessoa	PB	58015320	161523927	\N	\N	2026-01-10 05:39:24.2243	2026-01-10 05:39:24.2243	ATIVO	749	\N	JAGUARIBE	\N	\N	f	\N	\N	\N	\N	\N	\N
599	JURIDICA	47427653000549	MAKRO ATACADISTA	makroatacadista@provisorio.com.br	8332155400	RUA LOURENCO CESAR	João Pessoa	PB	58080000	\N	\N	\N	2026-01-10 05:39:24.2243	2026-01-10 05:39:24.2243	ATIVO	SN	\N	ESPLANADA	\N	\N	f	\N	\N	\N	\N	\N	\N
600	JURIDICA	7677704000142	AUTOPORT TRANSPORTES DE VEICULOS LTDA	autoporttransportesdeveiculosltda@provisorio.com.br	2733869105	ROD BR 101	Cariacica	ES	29148640	\N	\N	\N	2026-01-10 05:39:24.2243	2026-01-10 05:39:24.2243	ATIVO	SN	\N	INDEPENDENCIA	\N	\N	f	\N	\N	\N	\N	\N	\N
601	JURIDICA	976179000117	LINK ENGENHARIA INDUSTRIA E COMERCIO LTDA	linkengenhariaindustriaecomercioltda@provisorio.com.br	8332588687	RUA MARIA LEOPOLDINA DO EGITO	João Pessoa	PB	58058650	161110878	\N	\N	2026-01-10 05:39:24.2243	2026-01-10 05:39:24.2243	ATIVO	SN	\N	MANGABEIRA	\N	\N	f	\N	\N	\N	\N	\N	\N
602	JURIDICA	2923650000134	ELO CENTRAL DE LOGISTICA E TRANSPORTES LTDA	elocentraldelogisticaetransportesltda@provisorio.com.br	8340090654	R MANOEL CESAR DE MELO	Alhandra	PB	58320000	161225217	\N	\N	2026-01-10 05:39:24.2243	2026-01-10 05:39:24.2243	ATIVO	SN	\N	D INDUSTRIAL	\N	\N	f	\N	\N	\N	\N	\N	\N
603	JURIDICA	8933360000158	SEMALT SERVICOS E MATERIAIS PARA AUTOS LTDA	patrimonio@verticalgreen.com.br	8332411730	AVENIDA JOAO MACHADO	João Pessoa	PB	58013520	161525644	\N	\N	2026-01-10 05:39:24.2243	2026-01-10 05:39:24.2243	ATIVO	125	\N	CENTRO	\N	\N	f	\N	\N	\N	\N	\N	\N
605	JURIDICA	8215964000592	RODANTE PECAS E SERVICOS LTDA	clodoaldonascimento@riograndense.com	8332680415	SANTA PAULO	Cabedelo	PB	58310000	161816274	\N	\N	2026-01-10 05:39:24.2243	2026-01-10 05:39:24.2243	ATIVO	SN	\N	COSTA VERDE	\N	\N	f	\N	\N	\N	\N	\N	\N
606	JURIDICA	5634733000100	MULLER DIESEL - COM DE PECAS LTDA 	mullerdieselcomdepecasltda@provisorio.com.br	4333720200	AVENIDA WALDEMAR SPRANGER	Londrina	PR	86047300	9028188630	\N	\N	2026-01-10 05:39:24.2243	2026-01-10 05:39:24.2243	ATIVO	820	\N	JD RECANTO COLONIAL II	\N	\N	f	\N	\N	\N	\N	\N	\N
607	JURIDICA	22193460000116	QUEIROZ TRANSPORTES E REPRESENTACOES LTDA	queiroztransporteserepresentacoesltda@provisorio.com.br	8343213298	RUA AFONSO EGYDIO DE SOUZA	Uberlândia	MG	38402332	7026284580038	\N	\N	2026-01-10 05:39:24.2243	2026-01-10 05:39:24.2243	ATIVO	SN	\N	DISTRITO INDUSTRIAL	\N	\N	f	\N	\N	\N	\N	\N	\N
608	JURIDICA	11283762000169	TRANSFREITAS TRANSP E REPRESENTACOES LTDA	leandro@tqr.com.br	8386901689	R JOSE LAFAETTE	São Sebastião do Umbuzeiro	PB	58510000	\N	\N	\N	2026-01-10 05:39:24.2243	2026-01-10 05:39:24.2243	ATIVO	171	\N	CENTRO	\N	\N	f	\N	\N	\N	\N	\N	\N
609	JURIDICA	11754722000158	TRANSPORTES GUARAMIRIM LTDA	transportesguaramirimltda@provisorio.com.br	4733730110	ROD 280	Guaramirim	SC	89270000	256066108	\N	\N	2026-01-10 05:39:24.2243	2026-01-10 05:39:24.2243	ATIVO	SN	\N	CENTRO	\N	\N	f	\N	\N	\N	\N	\N	\N
610	JURIDICA	24221368000229	TRANSPORTES NACIONAL LTDA	transportesnacionalltda@provisorio.com.br	8332315005	RUA DANILO DA PENHA PAIVA	João Pessoa	PB	58071550	161337090	\N	\N	2026-01-10 05:39:24.2243	2026-01-10 05:39:24.2243	ATIVO	454	\N	CRISTO REDENTOR	\N	\N	f	\N	\N	\N	\N	\N	\N
611	JURIDICA	8867780000183	PREFEITURA DE PILAR	prefeituradepilar@provisorio.com.br	8300000000	PC JOAO JOSE MAROJA	Pilar	PB	58338000	\N	\N	\N	2026-01-10 05:39:24.2243	2026-01-10 05:39:24.2243	ATIVO	259	\N	CENTRO	\N	\N	f	\N	\N	\N	\N	\N	\N
612	JURIDICA	6101470000128	ANDALUZ LOGISTICA E TRANSPORTES LTDA	andaluzlogisticaetransportesltda@provisorio.com.br	\N	RODOVIA PE - 60	Ipojuca	PE	55590000	31114318	\N	\N	2026-01-10 05:39:24.2243	2026-01-10 05:39:24.2243	ATIVO	SN	\N	ENGENHO MASSANGANA	\N	\N	f	\N	\N	\N	\N	\N	\N
613	JURIDICA	8609712000467	CDM DO BRASIL IND E COMERCIO DE CEREAIS LTDA	cdmdobrasilindecomerciodecereaisltda@provisorio.com.br	5534313110	R PATRULHEIRO SEBASTIAO FERNANDES	João Pessoa	PB	58088050	161631290	\N	\N	2026-01-10 05:39:24.2243	2026-01-10 05:39:24.2243	ATIVO	1137	\N	JARDIM PLANALTO	\N	\N	f	\N	\N	\N	\N	\N	\N
614	JURIDICA	44997264415	ENIO LAZARO DE SOUZA	eniolazarodesouza@provisorio.com.br	\N	RUA SEVERINO MASSA SPINELLI	João Pessoa	PB	58039210	\N	\N	\N	2026-01-10 05:39:24.2243	2026-01-10 05:39:24.2243	ATIVO	160	\N	TAMBAU	\N	\N	f	\N	\N	\N	\N	\N	\N
615	JURIDICA	8916645000180	CONDE PREFEITURA	condeprefeitura@provisorio.com.br	\N	LCO RODOVIA PB 18	Conde	PB	58322000	\N	\N	\N	2026-01-10 05:39:24.2243	2026-01-10 05:39:24.2243	ATIVO	SN	\N	RODOVIA	\N	\N	f	\N	\N	\N	\N	\N	\N
616	JURIDICA	4436873000100	CONSTRUTORA DE OBRAS PROGRESSO LTDA	construtoradeobrasprogressoltda@provisorio.com.br	8434172343	ROD BR 434	Uiraúna	PB	58915000	161729908	\N	\N	2026-01-10 05:39:24.2243	2026-01-10 05:39:24.2243	ATIVO	SN	\N	ALTO BELA VISTA	\N	\N	f	\N	\N	\N	\N	\N	\N
617	JURIDICA	1612967000197	PREFEITURA MUNICIPAL DE PEDRO REGIS	FINANCEIROPEDROREGIS@GMAIL.COM	83981665223	AV SENADOR RUI CARNEIRO	Pedro Régis	PB	58273000	\N	\N	\N	2026-01-10 05:39:24.2243	2026-01-10 05:39:24.2243	ATIVO	SN	\N	CENTRO	\N	\N	f	\N	\N	\N	\N	\N	\N
618	JURIDICA	22541783000404	MGM PRODUTOS SIDERURGICOS LTDA	mgmprodutossiderurgicosltda@provisorio.com.br	8332337600	RUA Y DOIS	João Pessoa	PB	58082025	161483356	\N	\N	2026-01-10 05:39:24.2243	2026-01-10 05:39:24.2243	ATIVO	SN	\N	DISTRITO INDUSTRIAL	\N	\N	f	\N	\N	\N	\N	\N	\N
619	JURIDICA	84039299434	PAULO PAULINO DA SILVA  	paulopaulinodasilva@provisorio.com.br	8332971370	RUA  DANIEL  TOSCANO	Mataraca	PB	58292000	\N	\N	\N	2026-01-10 05:39:24.2243	2026-01-10 05:39:24.2243	ATIVO	192	\N	CENTRO	\N	\N	f	\N	\N	\N	\N	\N	\N
620	JURIDICA	7551279000140	QUALITA TRANSPORTES E LOGISTICAS LTDA-EPP	qualitatransporteselogisticasltdaepp@provisorio.com.br	5434536334	RUA ORESTE FRANZONI	Bento Gonçalves	RS	95700000	\N	\N	\N	2026-01-10 05:39:24.2243	2026-01-10 05:39:24.2243	ATIVO	87	\N	UNIVERSITARIO	\N	\N	f	\N	\N	\N	\N	\N	\N
621	JURIDICA	47959697002725	AMAZONAS PRODUTOS P CALCADOS LTDA	amazonasprodutospcalcadosltda@provisorio.com.br	1631111600	AV RIO BRANCO	Franca	SP	14405901	\N	\N	\N	2026-01-10 05:39:24.2243	2026-01-10 05:39:24.2243	ATIVO	747	\N	VILA SANTOS DUMONT	\N	\N	f	\N	\N	\N	\N	\N	\N
622	JURIDICA	7638110000122	GRUPO MONTE SINAI LOCACAO LTDA-EPP	grupomontesinailocacaoltdaepp@provisorio.com.br	\N	RUA QUATRO	Ipojuca	PE	55592000	\N	\N	\N	2026-01-10 05:39:24.2243	2026-01-10 05:39:24.2243	ATIVO	20	\N	NOSSA SENHORA DO O	\N	\N	f	\N	\N	\N	\N	\N	\N
623	FISICA	8080062404	JOSE NATAL DE FARIAS 	josenataldefarias@provisorio.com.br	8192379295	RUA LOURIVAL DE ALBUQUERQUE	Abreu e Lima	PE	53560180	\N	\N	\N	2026-01-10 05:39:24.2243	2026-01-10 05:39:24.2243	ATIVO	78	\N	CENTRO	\N	\N	f	\N	\N	\N	\N	\N	\N
624	JURIDICA	15667448000130	SBS - SISTEMA BRASILEIROS DE PROC DE SOLIDOS LTDA-EPP	filialparaiba@tsguincho.com.br	8332440008	RUA ANTIGA ESTRADA PARA O RECIFE	João Pessoa	PB	58082000	162145071	\N	\N	2026-01-10 05:39:24.2243	2026-01-10 05:39:24.2243	ATIVO	SN	\N	DISTRITO INDUSTRIAL	\N	\N	f	\N	\N	\N	\N	\N	\N
625	JURIDICA	14233397000176	TB TRANSPORTE RODOVIARIO LTDA	markdiesel2014@gmail.com	8530113775	RUA ANTERO DA COSTA GADELHA	Caucaia	CE	61616025	\N	\N	\N	2026-01-10 05:39:24.2243	2026-01-10 05:39:24.2243	ATIVO	10	\N	GENIPAPU	\N	\N	f	\N	\N	\N	\N	\N	\N
626	JURIDICA	10721688000152	FRIGORIFICO BELA VISTA LTDA-EPP	megatranster@gmail.com	8332356262	RUA EMPRESARIO JOAO RODRIGUES ALVES	João Pessoa	PB	58051000	\N	\N	\N	2026-01-10 05:39:24.2243	2026-01-10 05:39:24.2243	ATIVO	692	\N	JARDIM SAO PAULO	\N	\N	f	\N	\N	\N	\N	\N	\N
627	JURIDICA	6148344000129	CBM CONSTRUCOES LTDA	cbmconstrucoesltda@provisorio.com.br	8332468671	AVENIDA NEGO	João Pessoa	PB	58039101	161414524	\N	\N	2026-01-10 05:39:24.2243	2026-01-10 05:39:24.2243	ATIVO	520	\N	TAMBAU	\N	\N	f	\N	\N	\N	\N	\N	\N
628	JURIDICA	1203383000168	RCR LOCACAO LTDA	financeiro@autopecascolatina.com.br	8121289898	RODOVIA BR-101	Jaboatão dos Guararapes	PE	54335000	23098074	\N	\N	2026-01-10 05:39:24.2243	2026-01-10 05:39:24.2243	ATIVO	SN	\N	PRAZERES	\N	\N	f	\N	\N	\N	\N	\N	\N
629	JURIDICA	584755001071	VIA ENGENHARIA  SA	viaengenhariasa@provisorio.com.br	8387377837	AVENIDA ALMIRANTE BARROSO	João Pessoa	PB	58013120	160451442	\N	\N	2026-01-10 05:39:24.2243	2026-01-10 05:39:24.2243	ATIVO	438	\N	CENTRO	\N	\N	f	\N	\N	\N	\N	\N	\N
630	JURIDICA	24201253000191	SL TANSPORTES  LTDA-EPP	thamyfigueiredo@utepasa.com.br	8332233104	R ELIAS C DE ALBUQUERQUE	João Pessoa	PB	58020388	\N	\N	\N	2026-01-10 05:39:24.2243	2026-01-10 05:39:24.2243	ATIVO	SN	\N	CRISTO REDENTOR	\N	\N	f	\N	\N	\N	\N	\N	\N
631	JURIDICA	12988743000109	ROTA 9 TRANSPORTE E LOGISTICA LTDA	financeirontd@gmail.com	8332154203	RODOVIA BR 101  SUL KM 88	João Pessoa	PB	58082000	161777074	\N	\N	2026-01-10 05:39:24.2243	2026-01-10 05:39:24.2243	ATIVO	SN	\N	DISTRITO INDUSTRIAL	\N	\N	f	\N	\N	\N	\N	\N	\N
632	JURIDICA	96991046604	WAGNER FERREIRA VASCONCELOS	wagnerferreiravasconcelos@provisorio.com.br	3199440390	R DIANA	Contagem	MG	32143140	\N	\N	\N	2026-01-10 05:39:24.2243	2026-01-10 05:39:24.2243	ATIVO	197	\N	MILANES	\N	\N	f	\N	\N	\N	\N	\N	\N
633	JURIDICA	17522792000167	QUEROZ TRANSPORTES EIREU	queroztransporteseireu@provisorio.com.br	8334217045	AV P 5 QUADRA 6	Patos	PB	58701090	\N	\N	\N	2026-01-10 05:39:24.2243	2026-01-10 05:39:24.2243	ATIVO	SN	\N	DISTRITO INDUSTRIAL	\N	\N	f	\N	\N	\N	\N	\N	\N
634	JURIDICA	46201083001664	LWART LUBRIFICANTES LTDA 	lwartlubrificantesltda@provisorio.com.br	7536146500	RUA DOS INDUSTRIARIOS	Feira de Santana	BA	44010565	53571973	\N	\N	2026-01-10 05:39:24.2243	2026-01-10 05:39:24.2243	ATIVO	SN	\N	TOMBA	\N	\N	f	\N	\N	\N	\N	\N	\N
635	JURIDICA	13456318472	RENILDO  SANTOS DA ROCHA 	renildosantosdarocha@provisorio.com.br	8188024409	RUA JOAO MANOEL PONTUAL	Escada	PE	55500000	\N	\N	\N	2026-01-10 05:39:24.2243	2026-01-10 05:39:24.2243	ATIVO	SN	\N	CENTRO	\N	\N	f	\N	\N	\N	\N	\N	\N
636	JURIDICA	40760217000114	TRANSP - TRANSPORTES DE PETROLEO LTDA	transptransportesdepetroleoltda@provisorio.com.br	8421073395	RUA PASTOR MANOEL LEAO	Natal	RN	58067060	200345621	\N	\N	2026-01-10 05:39:24.2243	2026-01-10 05:39:24.2243	ATIVO	1902	\N	NEOPOLIS	\N	\N	f	\N	\N	\N	\N	\N	\N
637	JURIDICA	1976714000100	JEAN CARLOS SILVA DE MELO	jeancarlossilvademelo@provisorio.com.br	8332319007	RUA PRESIDENTE RANIERE MAZILLI	João Pessoa	PB	58071000	161179169	\N	\N	2026-01-10 05:39:24.2243	2026-01-10 05:39:24.2243	ATIVO	2350	\N	CRISTO REDENTOR	\N	\N	f	\N	\N	\N	\N	\N	\N
638	JURIDICA	4203988000147	HWJ LOCACOES E SERVICOS LTDA	linedieseljjs@hotmail.com	8332213966	PC ALCINDO LEITE	Santa Luzia	MG	58600000	\N	\N	\N	2026-01-10 05:39:24.2243	2026-01-10 05:39:24.2243	ATIVO	1	\N	CENTRO	\N	\N	f	\N	\N	\N	\N	\N	\N
639	JURIDICA	6368042000166	THIAGO LINS RESENDE - ME 	thiagolinsresendeme@provisorio.com.br	8388660253	RUA CELERINA PAIVA	João Pessoa	PB	58027390	\N	\N	\N	2026-01-10 05:39:24.2243	2026-01-10 05:39:24.2243	ATIVO	224	\N	MANDACARU	\N	\N	f	\N	\N	\N	\N	\N	\N
640	JURIDICA	44098332434	ERIMEA CRISTINA DO NASCIMENTO 	erimeacristinadonascimento@provisorio.com.br	8399715224	RUA SINDA FELIX DE LIMA	João Pessoa	PB	58051821	\N	\N	\N	2026-01-10 05:39:24.2243	2026-01-10 05:39:24.2243	ATIVO	84	\N	JARDIM CIDADE UNIVERSITARIA	\N	\N	f	\N	\N	\N	\N	\N	\N
641	JURIDICA	9290453000174	CONSTRUCOES E PREMOLDADOS MODULO LTDA	construcoesepremoldadosmoduloltda@provisorio.com.br	8332331457	AV DAS INDUSTRIAS	João Pessoa	PB	58082050	160768047	\N	\N	2026-01-10 05:39:24.2243	2026-01-10 05:39:24.2243	ATIVO	1750	\N	DISTRITO INDUSTRIAL	\N	\N	f	\N	\N	\N	\N	\N	\N
642	JURIDICA	13393057472	JOSE CARMELITO DA ROCHA	josecarmelitodarocha@provisorio.com.br	8596249582	RUA JOSE PEREIRA DOIS	Fortaleza	CE	60874380	\N	\N	\N	2026-01-10 05:39:24.2243	2026-01-10 05:39:24.2243	ATIVO	601	\N	MESSEJANA	\N	\N	f	\N	\N	\N	\N	\N	\N
643	FISICA	1184795479	GERMANO SOUZA DE ANDRADE	germanosouzadeandrade@provisorio.com.br	\N	RUA LUIZ CARLOS CRISPIM PIMENTEL	João Pessoa	PB	58082020	\N	\N	\N	2026-01-10 05:39:24.2243	2026-01-10 05:39:24.2243	ATIVO	SN	\N	DISTRITO INDUSTRIAL	\N	\N	f	\N	\N	\N	\N	\N	\N
644	JURIDICA	23646080744	SEBASTIAO MEDEIROS DA SILVA	sebastiaomedeirosdasilva@provisorio.com.br	\N	LINO DE OLIVEIRA CAVALCANTE NETO	João Pessoa	PB	58064040	\N	\N	\N	2026-01-10 05:39:24.2243	2026-01-10 05:39:24.2243	ATIVO	SN	\N	VALENTINA FIGUEIREDO	\N	\N	f	\N	\N	\N	\N	\N	\N
645	JURIDICA	16066888000103	EMPRESA DE TRANSPORTES E LOGISTICA PARANA LTDA	ecolatinaparaiba1@hotmail.com	7136448100	Rodovia BA-535 - Via Parafuso	Camaçari	BA	42802041	25971736	\N	\N	2026-01-10 05:39:24.2243	2026-01-10 05:39:24.2243	ATIVO	SN	\N	Morro da Manteiga	\N	\N	f	\N	\N	\N	\N	\N	\N
646	JURIDICA	17600028000162	EDVALDO BARRETO COUTINHO ME	edvaldobarretocoutinhome@provisorio.com.br	8330311440	AVENIDA ARAGAO E MELO	João Pessoa	PB	58040100	162114524	\N	\N	2026-01-10 05:39:24.2243	2026-01-10 05:39:24.2243	ATIVO	1090	\N	TORRE	\N	\N	f	\N	\N	\N	\N	\N	\N
647	JURIDICA	8427008000140	FONTANELLA LOGISTICA E TRANSPORTES LTDA	paraibablocos@gmail.com	4834643191	R ORLEANS	Lauro Müller	SC	88880000	255360568	\N	\N	2026-01-10 05:39:24.2243	2026-01-10 05:39:24.2243	ATIVO	148	\N	CENTRO	\N	\N	f	\N	\N	\N	\N	\N	\N
648	JURIDICA	8811226001903	SAO BRAZ S A INDUSTRIA E COMERCIO DE ALIMENTOS	saobrazsaindustriaecomerciodealimentos@provisorio.com.br	8332164776	BR 230	Cabedelo	PB	58310000	160726301	\N	\N	2026-01-10 05:39:24.2243	2026-01-10 05:39:24.2243	ATIVO	1211	\N	MORADA NOVA	\N	\N	f	\N	\N	\N	\N	\N	\N
649	JURIDICA	91875943404	FRED HORTENCIO DUTRA RIBEIRO	fredhortenciodutraribeiro@provisorio.com.br	8321262200	HORTENCIO RIBEIRO DE LUNA	João Pessoa	PB	58088400	\N	\N	\N	2026-01-10 05:39:24.2243	2026-01-10 05:39:24.2243	ATIVO	3333	\N	DISTRITO INDUSTRIAL	\N	\N	f	\N	\N	\N	\N	\N	\N
650	JURIDICA	9071622000185	PREFEITURA MUNICIPAL DE LAGOA DE DENTRO	prefeituramunicipaldelagoadedentro@provisorio.com.br	8332631046	R ALFREDO CHAVES	Lagoa de Dentro	PB	58205000	\N	\N	\N	2026-01-10 05:39:24.2243	2026-01-10 05:39:24.2243	ATIVO	SN	\N	CENTRO	\N	\N	f	\N	\N	\N	\N	\N	\N
651	JURIDICA	12613006000113	TRANSNACIONAL TRANSPORTE NACIONAL DE PASSAGEIROS LTDA	transnacionaltransportenacionaldepassageirosltda@provisorio.com.br	8332311601	RUA DIOGENES CHIANCA	João Pessoa	PB	58053000	\N	\N	\N	2026-01-10 05:39:24.2243	2026-01-10 05:39:24.2243	ATIVO	SN	\N	AGUA FRIA	\N	\N	f	\N	\N	\N	\N	\N	\N
652	JURIDICA	14571073000148	PREMACON PRE-MOLDADOS E LO9CACOES LTDA	premaconpremoldadoselo9cacoesltda@provisorio.com.br	8388192374	R WALFRIDO DE ALMEIDA E SILVA	Mamanguape	PB	58280000	161915426	\N	\N	2026-01-10 05:39:24.2243	2026-01-10 05:39:24.2243	ATIVO	330	\N	PLANALTO	\N	\N	f	\N	\N	\N	\N	\N	\N
653	JURIDICA	4013633000195	MILLENIUM LOCACOES LTDA	milleniumlocacoesltda@provisorio.com.br	8432311558	R SAO JANUARIO	Natal	RN	59065580	200916122	\N	\N	2026-01-10 05:39:24.2243	2026-01-10 05:39:24.2243	ATIVO	1788	\N	CANDELARIA	\N	\N	f	\N	\N	\N	\N	\N	\N
654	JURIDICA	4462326000191	SIGABEM AUTO PECAS E SERVICOS LTDA	sigabemautopecaseservicosltda@provisorio.com.br	8333430290	RUA PRESIDENTE JOAO PESSOA	Campina Grande	PB	58400034	161319602	\N	\N	2026-01-10 05:39:24.2243	2026-01-10 05:39:24.2243	ATIVO	760	\N	CENTRO	\N	\N	f	\N	\N	\N	\N	\N	\N
655	JURIDICA	16525954000158	REMAL LOGISTICA E TRANSPORTES LTDA	remallogisticaetransportesltda@provisorio.com.br	8332482255	R GUARARAPES	Arcoverde	PE	56503615	49446070	\N	\N	2026-01-10 05:39:24.2243	2026-01-10 05:39:24.2243	ATIVO	1110	\N	SAO CRISTOVAO	\N	\N	f	\N	\N	\N	\N	\N	\N
656	JURIDICA	11512944000407	FAAB ENGENHARIA LTDA	faabengenharialtda@provisorio.com.br	\N	AV PRES GETULIO VARGAS	Campina Grande	PB	58400052	161706231	\N	\N	2026-01-10 05:39:24.2243	2026-01-10 05:39:24.2243	ATIVO	118	\N	CENTRO	\N	\N	f	\N	\N	\N	\N	\N	\N
657	JURIDICA	1401630000483	TBS TRAVEL BUS SERVICE LTDA	tbstravelbusserviceltda@provisorio.com.br	8332311601	AV DIOGENES CHIANCA	João Pessoa	PB	58053000	161653324	\N	\N	2026-01-10 05:39:24.2243	2026-01-10 05:39:24.2243	ATIVO	SN	\N	AGUA FRIA	\N	\N	f	\N	\N	\N	\N	\N	\N
658	JURIDICA	684777000112	AFRISIO MARINHO FILHO - EPP	natallocadora@digi.com.br	8432314421	AV AMINTAS BARROS	Natal	RN	59062250	200723995	\N	\N	2026-01-10 05:39:24.2243	2026-01-10 05:39:24.2243	ATIVO	2577	\N	LAGOA NOVA	\N	\N	f	\N	\N	\N	\N	\N	\N
659	JURIDICA	3857930000405	INTECOM SERVICOS DE LOGISTICA LTDA	intecomservicosdelogisticaltda@provisorio.com.br	8332340611	BR 101	Conde	PB	58322000	161617727	\N	\N	2026-01-10 05:39:24.2243	2026-01-10 05:39:24.2243	ATIVO	SN	\N	DISTRITO INDUSTRIAL	\N	\N	f	\N	\N	\N	\N	\N	\N
660	JURIDICA	10706567000131	GMC TRUCKS PECAS AUTOMOTIVAS LTDA	gmctruckspecasautomotivasltda@provisorio.com.br	4132821833	AV RUI BARBOSA	São José dos Pinhais	PR	83055320	9055232951	\N	\N	2026-01-10 05:39:24.2243	2026-01-10 05:39:24.2243	ATIVO	37	\N	GUATUPE	\N	\N	f	\N	\N	\N	\N	\N	\N
661	JURIDICA	3777995000190	NORDECE NORDESTE REPR E DIST LTDA	nordecenordesterepredistltda@provisorio.com.br	83999612841	AVENIDA LIBERDADE	Bayeux	PB	58306000	161290337	\N	\N	2026-01-10 05:39:24.2243	2026-01-10 05:39:24.2243	ATIVO	2738	\N	CENTRO	\N	\N	f	\N	\N	\N	\N	\N	\N
662	JURIDICA	4650488000153	COOPERATIVA DOS CAMINHOES AUTONOMOS DE OTACILIO COSTA LTDA	cooperativadoscaminhoesautonomosdeotaciliocostaltda@provisorio.com.br	4932753800	RODOVIA SC	Otacílio Costa	SC	88540000	\N	\N	\N	2026-01-10 05:39:24.2243	2026-01-10 05:39:24.2243	ATIVO	425	\N	ADOLFO FLORIANI	\N	\N	f	\N	\N	\N	\N	\N	\N
663	JURIDICA	6040676000195	PROSPERITY LOGISTICA E TRANSPORTE LTDA	prosperitylogisticaetransporteltda@provisorio.com.br	1139516169	RUA AMEDEA CENTINI	São Paulo	SP	2710100	116751553115	\N	\N	2026-01-10 05:39:24.2243	2026-01-10 05:39:24.2243	ATIVO	SN	\N	JARDIM PEREIRA LEITE	\N	\N	f	\N	\N	\N	\N	\N	\N
664	JURIDICA	21735972991	ALDIR STUART	aldirstuart@provisorio.com.br	\N	R ALVORO MAIA	Joinville	SC	89230610	\N	\N	\N	2026-01-10 05:39:24.2243	2026-01-10 05:39:24.2243	ATIVO	293	\N	CENTRO	\N	\N	f	\N	\N	\N	\N	\N	\N
665	JURIDICA	1612341000180	CUITE DE MAMANGUAPE PREFEITURA	cuitedemamanguapeprefeitura@provisorio.com.br	8336231162	RUA SEVERINO JORGE DE SENA	Cuité de Mamanguape	PB	58289000	\N	\N	\N	2026-01-10 05:39:24.2243	2026-01-10 05:39:24.2243	ATIVO	SN	\N	CENTRO	\N	\N	f	\N	\N	\N	\N	\N	\N
666	JURIDICA	7181851000127	OURO BRANCO TRANSPORTADORA LTDA	manutencaopb@bonanza.com.br	8393422422	RUA HORTENCIO RIBEIRO DE LUNA	João Pessoa	PB	58081400	161441360	\N	\N	2026-01-10 05:39:24.2243	2026-01-10 05:39:24.2243	ATIVO	SN	\N	DISTRITO INDUSTRIAL	\N	\N	f	\N	\N	\N	\N	\N	\N
667	JURIDICA	15759440000102	AX4COMPONENTES AUTOMOTIVOS LTDA	ax4componentesautomotivosltda@provisorio.com.br	1143271775	RUA ANTONIO TERTULIANO	São Paulo	SP	3804030	\N	\N	\N	2026-01-10 05:39:24.2243	2026-01-10 05:39:24.2243	ATIVO	207	\N	PQ BOTURUSSU	\N	\N	f	\N	\N	\N	\N	\N	\N
668	JURIDICA	1612372000131	CURRAL DE CIMA PREFEITURA	ocearensecg@hotmail.com	\N	RUA PRINCIPAL	Curral de Cima	PB	58291000	\N	\N	\N	2026-01-10 05:39:24.2243	2026-01-10 05:39:24.2243	ATIVO	SN	\N	CENTRO	\N	\N	f	\N	\N	\N	\N	\N	\N
669	JURIDICA	60156090449	EDVAN DOS SANTOS GONCALVES	edvandossantosgoncalves@provisorio.com.br	83987877455	RUA PRF MARIA DO CARMO MARTINS	Bayeux	PB	58305000	\N	\N	\N	2026-01-10 05:39:24.2243	2026-01-10 05:39:24.2243	ATIVO	150	\N	JARDIM AEROPORTO	\N	\N	f	\N	\N	\N	\N	\N	\N
670	JURIDICA	7551279000302	QUALITA TRANSPORTES E LOGISTICA LTDA EPP	qualitatransporteselogisticaltdaepp@provisorio.com.br	\N	\N			\N	162103956	\N	\N	2026-01-10 05:39:24.2243	2026-01-10 05:39:24.2243	ATIVO	SN	\N	\N	\N	\N	f	\N	\N	\N	\N	\N	\N
671	FISICA	12345678910	Este é um teste	lucas@lucas.com.br	87946541651	Rua José Rodrigues Matos	João Pessoa	PB	58065198	\N	\N	\N	2026-01-12 13:13:23.925998	2026-01-12 13:13:23.925998	ATIVO	\N	\N	\N	\N	\N	f	\N	\N	\N	\N	\N	\N
673	FISICA	12345676455	Este é um teste2	lucas@lucas.com.br	87946541651	Rua José Rodrigues Matos	João Pessoa	PB	58065198	\N	\N	\N	2026-01-12 13:14:17.353331	2026-01-12 13:14:17.353331	ATIVO	\N	\N	\N	\N	\N	f	\N	\N	\N	\N	\N	\N
674	FISICA	12345676946	Este é um teste24	lucas@lucas.com.br	87946541651	Rua José Rodrigues Matos	João Pessoa	PB	58065198	\N	\N	\N	2026-01-12 13:15:02.413472	2026-01-12 13:15:02.413472	ATIVO	\N	\N	\N	\N	\N	f	\N	\N	\N	\N	\N	\N
548	JURIDICA	10964290472	VALDEMAR RODRIGUES DA SILVA	jp@transprintsrvbr.com.br	\N	R TRAGANO PIRES DA NOBREGA	João Pessoa	PB	58075290	\N	\N	\N	2026-01-10 05:39:24.2243	2026-01-10 05:39:24.2243	ATIVO	106	\N	GEISEL	\N	\N	f	\N	\N	\N	\N	\N	\N
604	JURIDICA	2343047000426	PEDREIRA POTIGUAR  LTDA 	financas@catoledorochapb.gov.br	8432711737	ROD PB 55 - KM 05	Sobrado	PB	58342000	161629725	\N	\N	2026-01-10 05:39:24.2243	2026-01-10 05:39:24.2243	ATIVO	SN	\N	ZONA RURAL	\N	\N	f	\N	\N	\N	\N	\N	\N
675	FISICA	45678912322	estsadfsdf	asdfasdf@sdfsdf.com.br	16516549849	Rua José Rodrigues Matos	João Pessoa	PB	58065198	\N	\N	\N	2026-01-12 13:17:55.142128	2026-01-12 13:17:55.142128	ATIVO	\N	\N	\N	\N	\N	f	\N	\N	\N	\N	\N	\N
439	JURIDICA	10605356000102	BRUNO FRASSON BEGUETO	contato@dieseltech.com.br	1433727751	BOA VISTA	Santa Cruz do Rio Pardo	SP	18919899	\N	\N	\N	2026-01-10 05:39:24.2243	2026-01-29 01:59:28.796	ATIVO	SN	\N	ESTR MUNIC SCD - 080	\N	\N	f	\N	\N	\N	\N	\N	\N
681	FISICA	70303429410	Lucas Rawlison de Souza Gomes	contato@leiloespb.com.br	8330459205	Rua José Rodrigues Matos	João Pessoa	PB	58065198	\N	\N	2507507	2026-02-01 02:38:38.847223	2026-02-01 02:44:44.448	ATIVO	\N	\N	Planalto Boa Esperança	\N	\N	f	\N	\N	\N	\N	\N	\N
680	FISICA	70869037447	Bruno Lucas Batista de Lima	brunoblima1@gmail.com	(83) 99873-7170	Rodovia BR-101	Bayeux	PB	58111001	\N	\N	2501807	2026-01-19 20:21:03.463993	2026-02-01 19:18:11.664	ATIVO	\N	\N	Imaculada	\N	\N	f	\N	\N	\N	\N	\N	cef3cefd-2849-474e-9581-8598f90b24c2
\.


--
-- Data for Name: veiculo; Type: TABLE DATA; Schema: public; Owner: postgres
--

COPY "public"."veiculo" ("id", "clienteid", "placa", "modelo", "marca", "ano", "cor", "kmatual", "createdat", "updatedat", "tipo") FROM stdin;
1	439	MNY7177	UNO WAY CELEB. 1.4 EVO FIRE FLEX 8V 5P	FIAT	2013	AZUL	125000	2026-01-14 23:23:17.123934	2026-01-14 23:23:17.123934	CARROS
\.


--
-- Data for Name: peca; Type: TABLE DATA; Schema: public; Owner: postgres
--

COPY "public"."peca" ("id", "clienteid", "veiculoid", "titulo", "descricao", "fabricante", "modelo", "lacre", "createdat", "updatedat") FROM stdin;
1	670	\N	Bomba d'Água	\N	\N	\N	\N	2026-01-12 14:06:47.961585	2026-01-12 14:06:47.961585
2	666	\N	Bombda d'Água	\N	\N	\N	\N	2026-01-12 16:32:41.363391	2026-01-12 16:32:41.363391
3	674	\N	teste	\N	\N	\N	\N	2026-01-13 11:33:10.619625	2026-01-13 11:33:10.619625
4	674	\N	asdfalsdkfj	kjlj	\N	\N	\N	2026-01-13 11:35:24.8907	2026-01-13 11:35:24.8907
5	675	\N	Motor	\N	\N	\N	\N	2026-01-13 13:54:56.777987	2026-01-13 13:54:56.777987
6	674	\N	asdfdsadf	asdfasdf	\N	\N	\N	2026-01-13 22:41:27.18674	2026-01-13 22:41:27.18674
10	673	\N	sdfsdf	sdfsdf	\N	\N	\N	2026-01-20 00:01:18.335251	2026-01-20 00:01:18.335251
11	674	\N	asdfasd	asdf	\N	\N	\N	2026-01-20 00:04:23.491971	2026-01-20 00:04:23.491971
12	680	\N	Bomba d'Água	do Ford Ka 2021	\N	\N	A1B2C3D4	2026-01-27 13:07:25.738693	2026-01-27 13:07:25.738693
9	680	\N	tes	tes	\N	\N	aabb	2026-01-19 23:51:25.552879	2026-01-19 23:51:25.552879
13	680	\N	Motor	Ford Ká 2021	\N	\N	522325665	2026-01-28 13:37:00.458252	2026-01-28 13:37:00.458252
\.


--
-- Data for Name: ordemservico; Type: TABLE DATA; Schema: public; Owner: postgres
--

COPY "public"."ordemservico" ("id", "clienteid", "veiculoid", "usuariocriadorid", "setorid", "status", "statusaprovacao", "descricao", "dataentrada", "datasaida", "orcamentototal", "observacoes", "createdat", "updatedat", "checklist_modelo_id", "prioridade", "alvo_tipo", "pecaid", "execucao_inicio_em", "execucao_fim_em", "created_by", "updated_by", "deleted_at", "deleted_by", "is_deleted", "motivo_cancelamento", "motivo_sem_cobranca") FROM stdin;
7	439	1	604f3097-69a6-44e6-a437-a23a3c61f055	1	PAGAMENTO	APROVADA	O veículo chegou à oficina com problemas mecânicos na suspensão\n\nEste é um teste de espaçamento na descrição do problema\n\nEste é um teste de espaçamento na descrição do problema\n\nEste é um teste de espaçamento na descrição do problema\n\nEste é um teste de espaçamento na descrição do problema\n\nEste é um teste de espaçamento na descrição do problema	2026-01-14 23:24:41.215825	\N	2745.5	Este é um teste de espaçamento com muito texto nas observações da OS\n\nEste é um teste de espaçamento com muito texto nas observações da OS\n\nEste é um teste de espaçamento com muito texto nas observações da OS\n\nEste é um teste de espaçamento com muito texto nas observações da OS\n\nEste é um teste de espaçamento com muito texto nas observações da OS	2026-01-14 23:24:41.215825	2026-01-14 23:24:41.215825	1	ALTA	VEICULO	\N	2026-01-14 23:26:48.907056+00	2026-01-14 23:26:54.314128+00	\N	\N	\N	\N	f	\N	\N
6	674	\N	604f3097-69a6-44e6-a437-a23a3c61f055	1	EM_ANDAMENTO	PENDENTE	asdfasdfasdfasdf	2026-01-13 22:41:27.312625	\N	480	\N	2026-01-13 22:41:27.312625	2026-01-13 22:41:27.312625	1	ALTA	PECA	6	2026-01-22 22:14:24.168292+00	\N	\N	\N	\N	\N	f	\N	\N
12	674	\N	604f3097-69a6-44e6-a437-a23a3c61f055	1	ORCAMENTO	PENDENTE	Este é um teste de mudança	2026-01-20 00:04:23.610973	\N	0	asdfasdf	2026-01-20 00:04:23.610973	2026-01-20 00:04:23.610973	1	NORMAL	PECA	11	2026-01-22 22:08:02.118055+00	\N	\N	\N	\N	\N	f	\N	\N
5	675	\N	1bed4c06-8a76-4eff-8511-80c7bc85ebcf	1	CANCELADO	PENDENTE	Retifica	2026-01-13 13:54:56.878695	\N	0	\N	2026-01-13 13:54:56.878695	2026-01-13 13:54:56.878695	1	ALTA	PECA	5	\N	\N	\N	\N	\N	\N	f	Cliente Desistiu	\N
11	673	\N	604f3097-69a6-44e6-a437-a23a3c61f055	1	ORCAMENTO	PENDENTE	sdfsd	2026-01-20 00:01:18.433208	\N	0	sdfsdf	2026-01-20 00:01:18.433208	2026-01-20 00:01:18.433208	1	NORMAL	PECA	10	\N	\N	\N	\N	\N	\N	f	\N	\N
1	670	\N	1bed4c06-8a76-4eff-8511-80c7bc85ebcf	1	CANCELADO	APROVADA	Realizar limpeza na bomba de água	2026-01-12 14:06:48.229937	\N	250	\N	2026-01-12 14:06:48.229937	2026-01-12 14:06:48.229937	1	NORMAL	PECA	1	\N	\N	\N	\N	\N	\N	f	Cliente Desistiu	\N
10	680	\N	604f3097-69a6-44e6-a437-a23a3c61f055	1	ORCAMENTO	PENDENTE	testse	2026-01-19 23:51:25.699921	\N	0	tesset	2026-01-19 23:51:25.699921	2026-01-19 23:51:25.699921	1	ALTA	PECA	9	\N	\N	\N	\N	\N	\N	f	\N	\N
13	680	\N	1bed4c06-8a76-4eff-8511-80c7bc85ebcf	1	SEM_COBRANCA	APROVADA	Limpeza	2026-01-27 13:07:25.835693	2026-01-28 13:24:05.838	125.5	\N	2026-01-27 13:07:25.835693	2026-01-27 13:07:25.835693	1	NORMAL	PECA	12	2026-01-27 13:09:01.279375+00	\N	\N	\N	\N	\N	f	\N	Garantia
14	680	\N	1bed4c06-8a76-4eff-8511-80c7bc85ebcf	1	SEM_COBRANCA	APROVADA	Retifica 	2026-01-28 13:37:00.570804	2026-01-28 13:39:05.329	125.5	\N	2026-01-28 13:37:00.570804	2026-01-28 13:37:00.570804	1	NORMAL	PECA	13	2026-01-28 13:38:38.042461+00	\N	\N	\N	\N	\N	f	\N	Garantia de serviço anterior
4	674	\N	604f3097-69a6-44e6-a437-a23a3c61f055	1	CANCELADO	PENDENTE	\N	2026-01-13 11:35:25.03789	\N	900	\N	2026-01-13 11:35:25.03789	2026-01-13 11:35:25.03789	1	NORMAL	PECA	4	\N	\N	\N	\N	\N	\N	f	cancelamento de os	\N
3	674	\N	604f3097-69a6-44e6-a437-a23a3c61f055	1	CANCELADO	PENDENTE	\N	2026-01-13 11:33:10.778932	\N	720	\N	2026-01-13 11:33:10.778932	2026-01-13 11:33:10.778932	1	NORMAL	PECA	3	\N	\N	\N	\N	\N	\N	f	cancelamento de os	\N
2	666	\N	1bed4c06-8a76-4eff-8511-80c7bc85ebcf	1	CANCELADO	PENDENTE	Limpeza	2026-01-12 16:32:41.466297	\N	850	\N	2026-01-12 16:32:41.466297	2026-01-12 16:32:41.466297	1	NORMAL	PECA	2	2026-01-12 18:17:21.795426+00	\N	\N	\N	\N	\N	f	cancelamento de os	\N
\.


--
-- Data for Name: checklist; Type: TABLE DATA; Schema: public; Owner: postgres
--

COPY "public"."checklist" ("id", "ordemservicoid", "item", "status", "observacao", "createdat", "created_by") FROM stdin;
11	1	Nivel de Oléo	FALHA	Nível de Óleo está baixo	2026-01-12 15:02:15.718637	1bed4c06-8a76-4eff-8511-80c7bc85ebcf
12	2	Nivel de Oléo	ALERTA	teste	2026-01-12 16:36:42.444976	1bed4c06-8a76-4eff-8511-80c7bc85ebcf
13	3	Nivel de Oléo	ALERTA	\N	2026-01-13 11:33:26.027367	604f3097-69a6-44e6-a437-a23a3c61f055
14	4	Nivel de Oléo	ALERTA	\N	2026-01-13 11:35:42.578198	604f3097-69a6-44e6-a437-a23a3c61f055
15	5	Nivel de Oléo	ALERTA	\N	2026-01-13 13:55:17.791651	1bed4c06-8a76-4eff-8511-80c7bc85ebcf
16	6	Nivel de Oléo	ALERTA	\N	2026-01-13 22:43:36.831041	604f3097-69a6-44e6-a437-a23a3c61f055
17	7	Nivel de Oléo	OK	\N	2026-01-14 23:24:56.807804	604f3097-69a6-44e6-a437-a23a3c61f055
18	12	Nivel de Oléo	OK	\N	2026-01-20 00:04:57.331304	604f3097-69a6-44e6-a437-a23a3c61f055
19	10	Nivel de Oléo	ALERTA	\N	2026-01-20 00:09:16.164485	604f3097-69a6-44e6-a437-a23a3c61f055
20	11	Nivel de Oléo	OK	\N	2026-01-23 01:38:58.677336	604f3097-69a6-44e6-a437-a23a3c61f055
21	13	Nivel de Oléo	ALERTA	\N	2026-01-27 13:07:52.044741	1bed4c06-8a76-4eff-8511-80c7bc85ebcf
22	14	Nivel de Oléo	OK	\N	2026-01-28 13:37:32.89535	1bed4c06-8a76-4eff-8511-80c7bc85ebcf
\.


--
-- Data for Name: checklist_modelo_item; Type: TABLE DATA; Schema: public; Owner: postgres
--

COPY "public"."checklist_modelo_item" ("id", "modelo_id", "titulo", "descricao", "categoria", "obrigatorio", "ordem") FROM stdin;
1	1	Nivel de Oléo		Motor	t	0
\.


--
-- Data for Name: cliente_endereco; Type: TABLE DATA; Schema: public; Owner: postgres
--

COPY "public"."cliente_endereco" ("id", "cliente_id", "nome_identificador", "cep", "logradouro", "numero", "complemento", "bairro", "cidade", "estado", "principal", "created_at") FROM stdin;
1	680	Casa	58088160	Rua Josemar Leite Araújo	223		Oitizeiro	João Pessoa	PB	t	2026-01-19 20:37:13.714582+00
\.


--
-- Data for Name: config_geral; Type: TABLE DATA; Schema: public; Owner: postgres
--

COPY "public"."config_geral" ("id", "aviso_pagamento", "created_at", "checklist_obrigatorio", "alerta_estoque_pdv", "habilitar_emissao_nfe") FROM stdin;
1	f	2026-01-06 23:22:44.57047+00	t	t	t
\.


--
-- Data for Name: cores_veiculos; Type: TABLE DATA; Schema: public; Owner: postgres
--

COPY "public"."cores_veiculos" ("id", "nome", "ativo", "created_at", "created_by", "updated_at", "updated_by") FROM stdin;
1	AZUL	t	2026-01-14 23:23:05.905+00	\N	2026-01-14 23:23:05.905+00	\N
\.


--
-- Data for Name: fornecedor; Type: TABLE DATA; Schema: public; Owner: postgres
--

COPY "public"."fornecedor" ("id", "cpfcnpj", "nomerazaosocial", "nomefantasia", "endereco", "cidade", "estado", "cep", "contato", "createdat", "updatedat", "endereconumero", "enderecocomplemento", "bairro", "ativo", "codigomunicipio") FROM stdin;
1	19269396000103	Leilões PB	\N	\N	\N	\N	\N	\N	2026-01-26 22:48:28.571523	2026-01-26 22:49:10.393	\N	\N	\N	t	\N
2	8684252000199	Dutrigo Ltda - Me	Matriz	Rod PB 075	Guarabira	PB	58200000	\N	2026-01-26 23:00:53.862034	2026-01-26 23:01:35.704	\N	\N	\N	t	\N
4	123123123123	asdfasdfasdf	\N	\N	\N	\N	\N	\N	2026-02-01 03:08:38.875024	2026-02-01 03:09:25.189	\N	\N	\N	t	12312
3	39788312000147	BRUNO BORGES DE MEDEIROS	BRUNO BORGES DE MEDEIROS	BR 230, KM 53	BAYEUX	PB	58111001	83987872668	2026-01-27 00:50:25.276038	2026-02-01 03:11:03.224	\N	\N	MANGUINHOS	t	2501807
5	17642282000719	BRASIL INTER COMEX ELETRONICOS E INFORMATICA LTDA	\N	ESTM THEREZA THOMAZELLA	Extrema	MG	37642564	\N	2026-02-01 03:42:53.368883	2026-02-01 03:43:39.718	432	\N	DISTRITO INDUSTRIAL PIRES	t	3125101
\.


--
-- Data for Name: entrada; Type: TABLE DATA; Schema: public; Owner: postgres
--

COPY "public"."entrada" ("id", "created_at", "fornecedorid", "fiscal", "notachave", "tipo", "status") FROM stdin;
15	2026-01-29 15:23:28.34521+00	2	f	\N	COMPRA_FORNECEDOR	RASCUNHO
16	2026-01-30 14:04:22.383968+00	2	f	\N	COMPRA_FORNECEDOR	RASCUNHO
17	2026-01-30 14:21:08.221476+00	2	f	\N	COMPRA_PF	RASCUNHO
18	2026-01-31 17:22:03.368695+00	3	f	\N	COMPRA_FORNECEDOR	RASCUNHO
19	2026-02-01 01:10:31.025139+00	3	f	\N	COMPRA_FORNECEDOR	RASCUNHO
\.


--
-- Data for Name: produtogrupo; Type: TABLE DATA; Schema: public; Owner: postgres
--

COPY "public"."produtogrupo" ("id", "nome", "descricao", "ativo", "createdat", "updatedat") FROM stdin;
1	Filtros	\N	t	2026-01-12 17:42:39.907	2026-01-12 17:42:39.907
\.


--
-- Data for Name: unidademedida; Type: TABLE DATA; Schema: public; Owner: postgres
--

COPY "public"."unidademedida" ("id", "sigla", "descricao", "ativo", "createdat", "updatedat") FROM stdin;
1	UN	\N	t	2026-01-12 17:43:38.439	2026-01-12 17:43:38.439
\.


--
-- Data for Name: produto; Type: TABLE DATA; Schema: public; Owner: postgres
--

COPY "public"."produto" ("id", "descricao", "precovenda", "estoque", "estoqueminimo", "ncm", "unidade", "cest", "csosn", "codigobarras", "createdat", "updatedat", "referencia", "titulo", "status_estoque", "fabricante", "grupo", "exibirPdv", "tituloMarketplace", "descricaoMarketplace", "cClassTrib", "cstIbs", "cstCbs", "cst", "aliquotaicms", "cfop", "cst_pis", "aliquota_pis", "cst_cofins", "aliquota_cofins", "imgUrl", "updated_by", "created_by", "is_deleted", "deleted_at", "deleted_by", "grupo_produto_id", "tipo_unidade_id", "precocompra") FROM stdin;
22	\N	89.9	0	0	85076000	UN	\N	\N	\N	2026-01-27 00:51:22.412+00	2026-01-28 00:20:35.151+00	Bateria Xbox One	Bateria Recarregavel Para Controle De Xbox One Series S/x	SEM_ESTOQUE	\N	OUTROS	f	Bateria Recarregavel Para Controle De Xbox One Series S/x		\N	\N	\N	\N	\N	6106	\N	\N	\N	\N	\N	\N	\N	f	\N	\N	1	1	\N
7	\N	60	1	0	\N	UN	\N	\N	\N	2026-01-12 17:47:54.198+00	2026-01-30 14:21:06.987+00	\N	Filtro Ka	OK	\N	OUTROS	t	Filtro Ka		\N	\N	\N	\N	\N	\N	\N	\N	\N	\N	https://ozluphhwktyvqfrypjin.supabase.co/storage/v1/object/public/produto_imagem/produto/7/8d0615a1-efc8-4e64-9651-75f02d688049.webp	\N	\N	f	\N	\N	1	1	\N
6	\N	50	0	0	\N	UN	\N	\N	\N	2026-01-12 17:44:50.66+00	2026-01-30 14:21:47.85925+00	\N	Filtro Gol	SEM_ESTOQUE	\N	OUTROS	t	Filtro Gol		\N	\N	\N	\N	\N	\N	\N	\N	\N	\N	https://ozluphhwktyvqfrypjin.supabase.co/storage/v1/object/public/produto_imagem/produto/6/8604a828-3809-4ebb-901f-e0f12031133e.webp	\N	\N	f	\N	\N	1	1	\N
18	\N	0	0	0	\N	UN	\N	\N	\N	2026-01-23 22:07:06.354+00	2026-01-23 22:07:06.354+00	\N	testtes1234	SEM_ESTOQUE	\N	OUTROS	f	testtes1234		\N	\N	\N	\N	\N	\N	\N	\N	\N	\N	\N	\N	\N	f	\N	\N	1	1	\N
19	\N	0	0	0	\N	UN	\N	\N	\N	2026-01-24 01:08:18.081+00	2026-01-24 01:16:30.901+00	\N	asdfasdf	SEM_ESTOQUE	\N	OUTROS	f	asdfasdf		\N	\N	\N	\N	\N	\N	\N	\N	\N	\N	\N	\N	\N	f	\N	\N	1	1	\N
20	\N	0	0	0	\N	UN	\N	\N	\N	2026-01-24 01:16:45.934+00	2026-01-26 22:49:26.332+00	\N	testsesesdf	SEM_ESTOQUE	\N	OUTROS	f	testsesesdf		\N	\N	\N	\N	\N	\N	\N	\N	\N	\N	\N	\N	\N	f	\N	\N	1	1	\N
5	\N	100	0	0	\N	UN	\N	\N	\N	2026-01-12 17:44:16.36+00	2026-01-30 14:21:47.85925+00	\N	Filtro Fox	SEM_ESTOQUE	\N	OUTROS	t	Filtro Fox		\N	\N	\N	\N	\N	\N	\N	\N	\N	\N	https://ozluphhwktyvqfrypjin.supabase.co/storage/v1/object/public/produto_imagem/produto/5/c5011f65-5502-4385-9fb4-d2e1a5b43652.webp	\N	\N	f	\N	\N	1	1	\N
26	Filtro de óleo automotivo para motores GM/Fiat, equivalente WO-120. Aplicação comum em revisões periódicas.	39.9	22	3	84212300	UN	0103700	102	7896523202503	2026-01-31 13:00:00+00	2026-02-01 01:56:14.493+00	WO-120	Filtro de Óleo Wega WO-120	OK	Wega	OUTROS	t	Filtro de Óleo Wega WO-120	Filtro de óleo automotivo Wega WO-120 para manutenção preventiva em oficinas. Alta eficiência de filtragem.	\N	\N	\N	000	18	5102	01	1.65	01	7.60	\N	\N	\N	f	\N	\N	1	1	24.5
21	aaasdfasdfsdf	5.9	0	0	19059010	UN	1706200	101	\N	2026-01-26 23:02:03.089+00	2026-01-28 00:37:54.839+00	dadfas	PAO HOT DOG 430g	SEM_ESTOQUE	TESTESTSETSETSETSESETSETSTTET	OUTROS	f	PAO HOT DOG 430g		\N	\N	\N	010	20	5401	02	1.65	03	7.60	\N	\N	\N	f	\N	\N	1	1	\N
23	\N	5.9	0	0	19059010	UN	154654	101	\N	2026-01-28 00:27:52.85+00	2026-01-29 15:20:07.681+00	4	PAO DE HAMBURGUER 420g C/6UNID	SEM_ESTOQUE	\N	OUTROS	f	PAO DE HAMBURGUER 420g C/6UNID		\N	\N	\N	000	18	5401	01	15.00	01	15.00	\N	\N	\N	f	\N	\N	1	1	\N
24	\N	5.19	10	0	19059010	UN	541654	101	\N	2026-01-28 00:28:12.254+00	2026-01-29 15:23:28.746+00	2	PAO DE FORMA TRADICIONAL 400g	OK	\N	OUTROS	f	PAO DE FORMA TRADICIONAL 400g		\N	\N	\N	\N	15	5401	01	15.00	01	15.00	\N	\N	\N	f	\N	\N	1	1	\N
25	\N	1500	20	5	1651	UN	56564	101	\N	2026-01-29 13:47:14.89+00	2026-01-30 14:04:21.166+00	\N	este é um tetes	OK	\N	OUTROS	f	este é um tetes		\N	\N	\N	000	15	561	01	51.00	01	65.00	\N	\N	\N	f	\N	\N	1	1	800
\.


--
-- Data for Name: entradaitens; Type: TABLE DATA; Schema: public; Owner: postgres
--

COPY "public"."entradaitens" ("id", "produto_id", "unidade", "quantidade", "precovenda", "entrada_id", "created_at", "updated_at", "ncm", "cest", "csosn", "referencia", "titulo", "cClassTrib", "cstIbs", "cstCbs", "cst", "aliquotaicms", "cfop", "cst_pis", "aliquota_pis", "cst_cofins", "aliquota_cofins") FROM stdin;
19	25	UN	10	1500	15	2026-01-29 15:23:28.476758+00	2026-01-30 14:02:19.925+00	1651	56564	101	teste	este é um tetes	\N	\N	\N	000	15	561	01	51.00	01	65.00
20	24	UN	10	5.19	15	2026-01-29 15:23:28.476758+00	2026-01-30 14:02:20.01+00	19059010	541654	101	2	PAO DE FORMA TRADICIONAL 400g	\N	\N	\N	13	15	5401	01	15.00	01	15.00
21	25	UN	10	1500	16	2026-01-30 14:04:22.500152+00	2026-01-30 14:04:22.500152+00	1651	56564	101	\N	este é um tetes	\N	\N	\N	000	15	561	01	51.00	01	65.00
22	7	UN	1	60	17	2026-01-30 14:21:08.330156+00	2026-01-30 14:21:08.330156+00	\N	\N	\N	\N	Filtro Ka	\N	\N	\N	\N	\N	\N	\N	\N	\N	\N
23	6	UN	1	50	17	2026-01-30 14:21:08.330156+00	2026-01-30 14:21:08.330156+00	\N	\N	\N	\N	Filtro Gol	\N	\N	\N	\N	\N	\N	\N	\N	\N	\N
24	5	UN	1	100	17	2026-01-30 14:21:08.330156+00	2026-01-30 14:21:08.330156+00	\N	\N	\N	\N	Filtro Fox	\N	\N	\N	\N	\N	\N	\N	\N	\N	\N
25	26	UN	1	39.9	18	2026-01-31 17:22:03.523818+00	2026-01-31 17:22:03.523818+00	84212300	0103700	102	WO-120	Filtro de Óleo Wega WO-120	\N	\N	\N	041	18	5102	01	1.65	01	7.60
26	26	UN	10	39.9	19	2026-02-01 01:10:31.127944+00	2026-02-01 01:56:25.154+00	84212300	0103700	102	WO-120	Filtro de Óleo Wega WO-120	\N	\N	\N	00	18	6102	01	1.65	01	7.60
\.


--
-- Data for Name: favorito; Type: TABLE DATA; Schema: public; Owner: postgres
--

COPY "public"."favorito" ("id", "cliente_id", "produto_id", "created_at") FROM stdin;
1	680	7	2026-01-19 20:53:27.265993+00
3	680	6	2026-01-19 21:02:06.817999+00
\.


--
-- Data for Name: fornecedorprodutos; Type: TABLE DATA; Schema: public; Owner: postgres
--

COPY "public"."fornecedorprodutos" ("id", "created_at", "fornecedorid", "produtoid", "codigofornecedor", "ultimovalordecompra") FROM stdin;
1	2026-01-26 23:01:21.382373+00	2	21	1	5.9
2	2026-01-27 00:50:40.669955+00	3	22	Bateria Xbox One	89.9
3	2026-01-28 00:27:10.23754+00	2	23	4	5.9
4	2026-01-28 00:27:29.605024+00	2	24	2	5.19
\.


--
-- Data for Name: imagemvistoria; Type: TABLE DATA; Schema: public; Owner: postgres
--

COPY "public"."imagemvistoria" ("id", "checklistid", "url", "descricao", "createdat") FROM stdin;
1	11	https://ozluphhwktyvqfrypjin.supabase.co/storage/v1/object/public/vistoria/checklist/11/a0ecf959-2fc5-4bbe-bece-52bddbeb0bf9.png	ebaa9ad2-090f-4627-8037-f740086c9f6e.png	2026-01-12 15:02:21.743099
2	12	https://ozluphhwktyvqfrypjin.supabase.co/storage/v1/object/public/vistoria/checklist/12/c618aa08-be13-4f38-ac5b-5a1f88461374.png	0f78c7b4-e852-4e99-a26e-e47fd9e2eba4.png	2026-01-12 16:36:45.781144
3	12	https://ozluphhwktyvqfrypjin.supabase.co/storage/v1/object/public/vistoria/checklist/12/6c9bbb5b-8d0e-4184-9b26-bb671c31d66e.png	72486b45-dcc4-494c-854d-4882f774d0ac.png	2026-01-12 16:36:45.805606
4	13	https://ozluphhwktyvqfrypjin.supabase.co/storage/v1/object/public/vistoria/checklist/13/7ee855ec-aaf4-49fe-970b-3d2f5d0604f9.jpg	a2413da5-09d7-45c4-ac28-fc99937fbf3f.jpg	2026-01-13 11:33:28.65337
5	14	https://ozluphhwktyvqfrypjin.supabase.co/storage/v1/object/public/vistoria/checklist/14/416c8e23-e417-411f-9c28-0dc97bee5558.jpg	aaf93a3f-19d6-4214-b309-07054b6bb7f4.jpg	2026-01-13 11:35:44.557064
6	14	https://ozluphhwktyvqfrypjin.supabase.co/storage/v1/object/public/vistoria/checklist/14/1de6df73-29de-422d-a1ce-9b0de566711e.jpg	d34bcc7d-ed08-4999-84a7-d8bce3d13346.jpg	2026-01-13 11:35:44.957709
7	15	https://ozluphhwktyvqfrypjin.supabase.co/storage/v1/object/public/vistoria/checklist/15/e15cfd19-5b96-40a0-94fc-b06416a805a2.png	0a9103f9-b462-4e9d-bb40-c37ca52564d5.png	2026-01-13 13:55:22.448146
\.


--
-- Data for Name: pedido; Type: TABLE DATA; Schema: public; Owner: postgres
--

COPY "public"."pedido" ("id", "cliente_id", "status", "total", "data_pedido", "forma_pagamento", "endereco_entrega_snapshot") FROM stdin;
4	680	PENDENTE	79.90	2026-01-20 19:35:09.203+00	Pagar.me	{"id": 1, "cep": "58088160", "bairro": "Oitizeiro", "cidade": "João Pessoa", "estado": "PB", "numero": "223", "principal": true, "cliente_id": 680, "created_at": "2026-01-19T20:37:13.714582+00:00", "logradouro": "Rua Josemar Leite Araújo", "complemento": "", "nome_identificador": "Casa"}
6	680	PAGO	79.90	2026-01-21 11:20:51.909+00	pagarme	{"id": 1, "cep": "58088160", "bairro": "Oitizeiro", "cidade": "João Pessoa", "estado": "PB", "numero": "223", "principal": true, "cliente_id": 680, "created_at": "2026-01-19T20:37:13.714582+00:00", "logradouro": "Rua Josemar Leite Araújo", "complemento": "", "nome_identificador": "Casa"}
5	680	PAGO	79.90	2026-01-20 19:57:43.403+00	pagarme	{"id": 1, "cep": "58088160", "bairro": "Oitizeiro", "cidade": "João Pessoa", "estado": "PB", "numero": "223", "principal": true, "cliente_id": 680, "created_at": "2026-01-19T20:37:13.714582+00:00", "logradouro": "Rua Josemar Leite Araújo", "complemento": "", "nome_identificador": "Casa"}
3	680	PAGO	89.90	2026-01-20 18:15:14.382+00	Pagar.me	{"id": 1, "cep": "58088160", "bairro": "Oitizeiro", "cidade": "João Pessoa", "estado": "PB", "numero": "223", "principal": true, "cliente_id": 680, "created_at": "2026-01-19T20:37:13.714582+00:00", "logradouro": "Rua Josemar Leite Araújo", "complemento": "", "nome_identificador": "Casa"}
8	680	PAGO	89.90	2026-01-21 13:19:39.327+00	pagarme	{"id": 1, "cep": "58088160", "bairro": "Oitizeiro", "cidade": "João Pessoa", "estado": "PB", "numero": "223", "principal": true, "cliente_id": 680, "created_at": "2026-01-19T20:37:13.714582+00:00", "logradouro": "Rua Josemar Leite Araújo", "complemento": "", "nome_identificador": "Casa"}
10	680	PAGO	89.90	2026-01-21 14:43:58.755+00	Pagar.me	{"id": 1, "cep": "58088160", "bairro": "Oitizeiro", "cidade": "João Pessoa", "estado": "PB", "numero": "223", "principal": true, "cliente_id": 680, "created_at": "2026-01-19T20:37:13.714582+00:00", "logradouro": "Rua Josemar Leite Araújo", "complemento": "", "nome_identificador": "Casa"}
7	680	PAGO	79.90	2026-01-21 13:01:29.88+00	Pagar.me	{"id": 1, "cep": "58088160", "bairro": "Oitizeiro", "cidade": "João Pessoa", "estado": "PB", "numero": "223", "principal": true, "cliente_id": 680, "created_at": "2026-01-19T20:37:13.714582+00:00", "logradouro": "Rua Josemar Leite Araújo", "complemento": "", "nome_identificador": "Casa"}
11	680	PAGO	89.90	2026-01-21 18:21:19.168+00	Pagar.me	{"id": 1, "cep": "58088160", "bairro": "Oitizeiro", "cidade": "João Pessoa", "estado": "PB", "numero": "223", "principal": true, "cliente_id": 680, "created_at": "2026-01-19T20:37:13.714582+00:00", "logradouro": "Rua Josemar Leite Araújo", "complemento": "", "nome_identificador": "Casa"}
9	680	PAGO	89.90	2026-01-21 13:46:26.981+00	Pagar.me	{"id": 1, "cep": "58088160", "bairro": "Oitizeiro", "cidade": "João Pessoa", "estado": "PB", "numero": "223", "principal": true, "cliente_id": 680, "created_at": "2026-01-19T20:37:13.714582+00:00", "logradouro": "Rua Josemar Leite Araújo", "complemento": "", "nome_identificador": "Casa"}
12	680	PAGO	79.90	2026-01-21 18:29:50.067+00	pagarme	{"id": 1, "cep": "58088160", "bairro": "Oitizeiro", "cidade": "João Pessoa", "estado": "PB", "numero": "223", "principal": true, "cliente_id": 680, "created_at": "2026-01-19T20:37:13.714582+00:00", "logradouro": "Rua Josemar Leite Araújo", "complemento": "", "nome_identificador": "Casa"}
13	680	PAGO	129.90	2026-01-21 18:56:04.493+00	pagarme	{"id": 1, "cep": "58088160", "bairro": "Oitizeiro", "cidade": "João Pessoa", "estado": "PB", "numero": "223", "principal": true, "cliente_id": 680, "created_at": "2026-01-19T20:37:13.714582+00:00", "logradouro": "Rua Josemar Leite Araújo", "complemento": "", "nome_identificador": "Casa"}
16	680	PAGO	129.90	2026-01-21 19:09:20.358+00	pagarme	{"id": 1, "cep": "58088160", "bairro": "Oitizeiro", "cidade": "João Pessoa", "estado": "PB", "numero": "223", "principal": true, "cliente_id": 680, "created_at": "2026-01-19T20:37:13.714582+00:00", "logradouro": "Rua Josemar Leite Araújo", "complemento": "", "nome_identificador": "Casa"}
14	680	PAGO	129.90	2026-01-21 18:59:56.287+00	pagarme	{"id": 1, "cep": "58088160", "bairro": "Oitizeiro", "cidade": "João Pessoa", "estado": "PB", "numero": "223", "principal": true, "cliente_id": 680, "created_at": "2026-01-19T20:37:13.714582+00:00", "logradouro": "Rua Josemar Leite Araújo", "complemento": "", "nome_identificador": "Casa"}
15	680	PAGO	129.90	2026-01-21 19:04:39.371+00	pagarme	{"id": 1, "cep": "58088160", "bairro": "Oitizeiro", "cidade": "João Pessoa", "estado": "PB", "numero": "223", "principal": true, "cliente_id": 680, "created_at": "2026-01-19T20:37:13.714582+00:00", "logradouro": "Rua Josemar Leite Araújo", "complemento": "", "nome_identificador": "Casa"}
2	680	PAGO	89.90	2026-01-20 14:31:10.498+00	pagarme	{"id": 1, "cep": "58088160", "bairro": "Oitizeiro", "cidade": "João Pessoa", "estado": "PB", "numero": "223", "principal": true, "cliente_id": 680, "created_at": "2026-01-19T20:37:13.714582+00:00", "logradouro": "Rua Josemar Leite Araújo", "complemento": "", "nome_identificador": "Casa"}
\.


--
-- Data for Name: item_pedido; Type: TABLE DATA; Schema: public; Owner: postgres
--

COPY "public"."item_pedido" ("id", "pedido_id", "produto_id", "quantidade", "preco_unitario") FROM stdin;
1	2	7	1	60.00
2	3	7	1	60.00
3	4	6	1	50.00
4	5	6	1	50.00
5	6	6	1	50.00
6	7	6	1	50.00
7	8	7	1	60.00
8	9	7	1	60.00
9	10	7	1	60.00
10	11	7	1	60.00
11	12	6	1	50.00
12	13	6	2	50.00
13	14	6	2	50.00
14	15	6	2	50.00
15	16	6	2	50.00
\.


--
-- Data for Name: venda; Type: TABLE DATA; Schema: public; Owner: postgres
--

COPY "public"."venda" ("id", "clienteid", "status", "valortotal", "datavenda", "createdat", "updatedat", "created_by", "desconto_tipo", "desconto_valor", "sub_total", "canal", "endereco_entrega_snapshot", "forma_pagamento") FROM stdin;
1	680	PENDENTE	829.9	2026-01-26 19:36:58.001+00	2026-01-26 19:36:58.001+00	2026-01-26 19:36:58.001+00	\N	\N	\N	829.9	PDV	\N	\N
2	680	PENDENTE	139.9	2026-01-26 20:55:00.932+00	2026-01-26 20:55:00.932+00	2026-01-26 20:55:00.932+00	\N	\N	\N	139.9	ONLINE	{"id": 1, "cep": "58088160", "bairro": "Oitizeiro", "cidade": "João Pessoa", "estado": "PB", "numero": "223", "principal": true, "cliente_id": 680, "created_at": "2026-01-19T20:37:13.714582+00:00", "logradouro": "Rua Josemar Leite Araújo", "complemento": "", "nome_identificador": "Casa"}	Pagar.me
3	680	PAGO	79.9	2026-01-26 21:09:00.5+00	2026-01-26 21:09:00.5+00	2026-01-26 21:09:00.5+00	\N	\N	\N	79.9	ONLINE	{"id": 1, "cep": "58088160", "bairro": "Oitizeiro", "cidade": "João Pessoa", "estado": "PB", "numero": "223", "principal": true, "cliente_id": 680, "created_at": "2026-01-19T20:37:13.714582+00:00", "logradouro": "Rua Josemar Leite Araújo", "complemento": "", "nome_identificador": "Casa"}	Pagar.me
4	680	FINALIZADA	150	2026-01-30 14:21:47.85925+00	\N	2026-01-30 14:23:18.625+00	604f3097-69a6-44e6-a437-a23a3c61f055	\N	0	150	PDV	\N	\N
5	680	FINALIZADA	39.9	2026-01-31 21:27:42.498869+00	\N	2026-01-31 21:29:13.071+00	604f3097-69a6-44e6-a437-a23a3c61f055	\N	0	39.9	PDV	\N	\N
\.


--
-- Data for Name: nfe; Type: TABLE DATA; Schema: public; Owner: postgres
--

COPY "public"."nfe" ("id", "modelo", "serie", "numero", "chave_acesso", "ambiente", "status", "ordemservicoid", "vendaid", "clienteid", "dataemissao", "dataautorizacao", "protocolo", "total_produtos", "total_servicos", "total_nfe", "xml_assinado", "xml_autorizado", "justificativacancelamento", "createdat", "updatedat", "empresaid", "icms", "cfop", "created_by", "updated_by", "deleted_by", "is_deleted", "deleted_at", "fornecedorid", "entradaid", "tpNF") FROM stdin;
2	NFE	99	2	25260112260723000109550990000000021991045896	HOMOLOGACAO	RASCUNHO	\N	\N	\N	2026-01-30 20:14:53.343+00	\N	\N	15051.90	0.00	15051.90	<?xml version="1.0" encoding="UTF-8"?><NFe xmlns="http://www.portalfiscal.inf.br/nfe"><infNFe Id="NFe25260112260723000109550990000000021991045896" versao="4.00"><ide><cUF>25</cUF><cNF>99104589</cNF><natOp>ENTRADA DE MERCADORIA</natOp><mod>55</mod><serie>99</serie><nNF>2</nNF><dhEmi>2026-01-30T17:14:53-03:00</dhEmi><tpNF>0</tpNF><idDest>1</idDest><cMunFG>2507507</cMunFG><tpImp>1</tpImp><tpEmis>1</tpEmis><cDV>6</cDV><tpAmb>2</tpAmb><finNFe>1</finNFe><indFinal>1</indFinal><indPres>1</indPres><procEmi>0</procEmi><verProc>ERPOficina 1.0.0</verProc></ide><emit><CNPJ>12260723000109</CNPJ><xNome>AUTO ELETRICA DEMIR LTDA</xNome><enderEmit><xLgr>RUA JORNALISTA JOSE RAMALHO</xLgr><nro>S/N</nro><xBairro>CENTRO</xBairro><cMun>2507507</cMun><xMun>JOAO PESSOA</xMun><UF>PB</UF><cPais>1058</cPais><xPais>BRASIL</xPais></enderEmit><IE>ISENTO</IE><CRT>3</CRT></emit><dest><CNPJ>8684252000199</CNPJ><xNome>Dutrigo Ltda - Me</xNome><enderDest><xLgr>Rod PB 075</xLgr><nro>S/N</nro><xBairro></xBairro><cMun>0000000</cMun><xMun>Guarabira</xMun><UF>PB</UF><CEP>58200000</CEP><cPais>1058</cPais><xPais>BRASIL</xPais></enderDest><indIEDest>9</indIEDest></dest><det nItem="1"><prod><cProd>25</cProd><cEAN>SEM GTIN</cEAN><xProd>este é um tetes</xProd><NCM>1651</NCM><CFOP>561</CFOP><uCom>UN</uCom><qCom>10.00</qCom><vUnCom>1500.00</vUnCom><vProd>15000.00</vProd><cEANTrib>SEM GTIN</cEANTrib><uTrib>UN</uTrib><qTrib>10.00</qTrib><vUnTrib>1500.00</vUnTrib><indTot>1</indTot></prod><imposto><ICMS><ICMS00><orig>0</orig><CST>000</CST><modBC>3</modBC><vBC>15000.00</vBC><pICMS>15.00</pICMS><vICMS>2250.00</vICMS></ICMS00></ICMS><PIS><PISAliq><CST>01</CST><vBC>15000.00</vBC><pPIS>51.00</pPIS><vPIS>7650.00</vPIS></PISAliq></PIS><COFINS><COFINSAliq><CST>01</CST><vBC>15000.00</vBC><pCOFINS>65.00</pCOFINS><vCOFINS>9750.00</vCOFINS></COFINSAliq></COFINS></imposto></det><det nItem="2"><prod><cProd>24</cProd><cEAN>SEM GTIN</cEAN><xProd>PAO DE FORMA TRADICIONAL 400g</xProd><NCM>19059010</NCM><CFOP>5401</CFOP><uCom>UN</uCom><qCom>10.00</qCom><vUnCom>5.19</vUnCom><vProd>51.90</vProd><cEANTrib>SEM GTIN</cEANTrib><uTrib>UN</uTrib><qTrib>10.00</qTrib><vUnTrib>5.19</vUnTrib><indTot>1</indTot></prod><imposto><ICMS><ICMS00><orig>0</orig><CST>13</CST><modBC>3</modBC><vBC>51.90</vBC><pICMS>15.00</pICMS><vICMS>7.79</vICMS></ICMS00></ICMS><PIS><PISAliq><CST>01</CST><vBC>51.90</vBC><pPIS>15.00</pPIS><vPIS>7.79</vPIS></PISAliq></PIS><COFINS><COFINSAliq><CST>01</CST><vBC>51.90</vBC><pCOFINS>15.00</pCOFINS><vCOFINS>7.79</vCOFINS></COFINSAliq></COFINS></imposto></det><total><ICMSTot><vBC>15051.90</vBC><vICMS>2257.78</vICMS><vICMSDeson>0.00</vICMSDeson><vFCP>0.00</vFCP><vBCST>0.00</vBCST><vST>0.00</vST><vFCPST>0.00</vFCPST><vFCPSTRet>0.00</vFCPSTRet><vProd>15051.90</vProd><vFrete>0.00</vFrete><vSeg>0.00</vSeg><vDesc>0.00</vDesc><vII>0.00</vII><vIPI>0.00</vIPI><vIPIDevol>0.00</vIPIDevol><vPIS>7657.78</vPIS><vCOFINS>9757.78</vCOFINS><vOutro>0.00</vOutro><vNF>15051.90</vNF></ICMSTot></total><transp><modFrete>9</modFrete></transp><pag><detPag><tPag>01</tPag><vPag>15051.90</vPag></detPag></pag><infAdic><infCpl>NF-e de entrada de mercadoria.</infCpl></infAdic></infNFe></NFe>	\N	\N	2026-01-30 20:14:53.378602+00	2026-01-30 20:14:53.742+00	1	\N	561	\N	\N	\N	f	\N	2	15	\N
3	NFE	99	3	25260112260723000109550990000000031538614547	HOMOLOGACAO	RASCUNHO	\N	\N	\N	2026-01-31 16:21:53.667+00	\N	\N	15051.90	0.00	15051.90	<?xml version="1.0" encoding="UTF-8"?><NFe xmlns="http://www.portalfiscal.inf.br/nfe"><infNFe Id="NFe25260112260723000109550990000000031538614547" versao="4.00"><ide><cUF>25</cUF><cNF>53861454</cNF><natOp>ENTRADA DE MERCADORIA</natOp><mod>55</mod><serie>99</serie><nNF>3</nNF><dhEmi>2026-01-31T13:21:54-03:00</dhEmi><tpNF>0</tpNF><idDest>1</idDest><cMunFG>2507507</cMunFG><tpImp>1</tpImp><tpEmis>1</tpEmis><cDV>7</cDV><tpAmb>2</tpAmb><finNFe>1</finNFe><indFinal>1</indFinal><indPres>1</indPres><procEmi>0</procEmi><verProc>ERPOficina 1.0.0</verProc></ide><emit><CNPJ>12260723000109</CNPJ><xNome>AUTO ELETRICA DEMIR LTDA</xNome><enderEmit><xLgr>RUA JORNALISTA JOSE RAMALHO</xLgr><nro>S/N</nro><xBairro>CENTRO</xBairro><cMun>2507507</cMun><xMun>JOAO PESSOA</xMun><UF>PB</UF><cPais>1058</cPais><xPais>BRASIL</xPais></enderEmit><IE>ISENTO</IE><CRT>3</CRT></emit><dest><CNPJ>8684252000199</CNPJ><xNome>Dutrigo Ltda - Me</xNome><enderDest><xLgr>Rod PB 075</xLgr><nro>S/N</nro><xBairro></xBairro><cMun>0000000</cMun><xMun>Guarabira</xMun><UF>PB</UF><CEP>58200000</CEP><cPais>1058</cPais><xPais>BRASIL</xPais></enderDest><indIEDest>9</indIEDest></dest><det nItem="1"><prod><cProd>25</cProd><cEAN>SEM GTIN</cEAN><xProd>este é um tetes</xProd><NCM>1651</NCM><CFOP>561</CFOP><uCom>UN</uCom><qCom>10.00</qCom><vUnCom>1500.00</vUnCom><vProd>15000.00</vProd><cEANTrib>SEM GTIN</cEANTrib><uTrib>UN</uTrib><qTrib>10.00</qTrib><vUnTrib>1500.00</vUnTrib><indTot>1</indTot></prod><imposto><ICMS><ICMS00><orig>0</orig><CST>000</CST><modBC>3</modBC><vBC>15000.00</vBC><pICMS>15.00</pICMS><vICMS>2250.00</vICMS></ICMS00></ICMS><PIS><PISAliq><CST>01</CST><vBC>15000.00</vBC><pPIS>51.00</pPIS><vPIS>7650.00</vPIS></PISAliq></PIS><COFINS><COFINSAliq><CST>01</CST><vBC>15000.00</vBC><pCOFINS>65.00</pCOFINS><vCOFINS>9750.00</vCOFINS></COFINSAliq></COFINS></imposto></det><det nItem="2"><prod><cProd>24</cProd><cEAN>SEM GTIN</cEAN><xProd>PAO DE FORMA TRADICIONAL 400g</xProd><NCM>19059010</NCM><CFOP>5401</CFOP><uCom>UN</uCom><qCom>10.00</qCom><vUnCom>5.19</vUnCom><vProd>51.90</vProd><cEANTrib>SEM GTIN</cEANTrib><uTrib>UN</uTrib><qTrib>10.00</qTrib><vUnTrib>5.19</vUnTrib><indTot>1</indTot></prod><imposto><ICMS><ICMS00><orig>0</orig><CST>13</CST><modBC>3</modBC><vBC>51.90</vBC><pICMS>15.00</pICMS><vICMS>7.79</vICMS></ICMS00></ICMS><PIS><PISAliq><CST>01</CST><vBC>51.90</vBC><pPIS>15.00</pPIS><vPIS>7.79</vPIS></PISAliq></PIS><COFINS><COFINSAliq><CST>01</CST><vBC>51.90</vBC><pCOFINS>15.00</pCOFINS><vCOFINS>7.79</vCOFINS></COFINSAliq></COFINS></imposto></det><total><ICMSTot><vBC>15051.90</vBC><vICMS>2257.78</vICMS><vICMSDeson>0.00</vICMSDeson><vFCP>0.00</vFCP><vBCST>0.00</vBCST><vST>0.00</vST><vFCPST>0.00</vFCPST><vFCPSTRet>0.00</vFCPSTRet><vProd>15051.90</vProd><vFrete>0.00</vFrete><vSeg>0.00</vSeg><vDesc>0.00</vDesc><vII>0.00</vII><vIPI>0.00</vIPI><vIPIDevol>0.00</vIPIDevol><vPIS>7657.78</vPIS><vCOFINS>9757.78</vCOFINS><vOutro>0.00</vOutro><vNF>15051.90</vNF></ICMSTot></total><transp><modFrete>9</modFrete></transp><pag><detPag><tPag>01</tPag><vPag>15051.90</vPag></detPag></pag><infAdic><infCpl>NF-e de entrada de mercadoria.</infCpl></infAdic></infNFe></NFe>	\N	\N	2026-01-31 16:21:52.933063+00	2026-01-31 16:21:53.977+00	1	\N	561	\N	\N	\N	f	\N	2	15	\N
4	NFE	99	4	25260112260723000109550990000000041282489207	HOMOLOGACAO	RASCUNHO	\N	\N	\N	2026-01-31 17:22:50.627+00	\N	\N	39.90	0.00	39.90	<?xml version="1.0" encoding="UTF-8"?><NFe xmlns="http://www.portalfiscal.inf.br/nfe"><infNFe Id="NFe25260112260723000109550990000000041282489207" versao="4.00"><ide><cUF>25</cUF><cNF>28248920</cNF><natOp>ENTRADA DE MERCADORIA</natOp><mod>55</mod><serie>99</serie><nNF>4</nNF><dhEmi>2026-01-31T14:22:51-03:00</dhEmi><tpNF>0</tpNF><idDest>1</idDest><cMunFG>2507507</cMunFG><tpImp>1</tpImp><tpEmis>1</tpEmis><cDV>7</cDV><tpAmb>2</tpAmb><finNFe>1</finNFe><indFinal>1</indFinal><indPres>1</indPres><procEmi>0</procEmi><verProc>ERPOficina 1.0.0</verProc></ide><emit><CNPJ>12260723000109</CNPJ><xNome>AUTO ELETRICA DEMIR LTDA</xNome><enderEmit><xLgr>RUA JORNALISTA JOSE RAMALHO</xLgr><nro>S/N</nro><xBairro>CENTRO</xBairro><cMun>2507507</cMun><xMun>JOAO PESSOA</xMun><UF>PB</UF><cPais>1058</cPais><xPais>BRASIL</xPais></enderEmit><IE>ISENTO</IE><CRT>3</CRT></emit><dest><CNPJ>39788312000147</CNPJ><xNome>BRUNO BORGES DE MEDEIROS</xNome><enderDest><xLgr>Av Emilio Ribas</xLgr><nro>S/N</nro><xBairro></xBairro><cMun>0000000</cMun><xMun>Guarulhos</xMun><UF>SP</UF><CEP>7020010</CEP><cPais>1058</cPais><xPais>BRASIL</xPais></enderDest><indIEDest>9</indIEDest></dest><det nItem="1"><prod><cProd>26</cProd><cEAN>SEM GTIN</cEAN><xProd>Filtro de Óleo Wega WO-120</xProd><NCM>84212300</NCM><CFOP>5102</CFOP><uCom>UN</uCom><qCom>1.00</qCom><vUnCom>39.90</vUnCom><vProd>39.90</vProd><cEANTrib>SEM GTIN</cEANTrib><uTrib>UN</uTrib><qTrib>1.00</qTrib><vUnTrib>39.90</vUnTrib><indTot>1</indTot></prod><imposto><ICMS><ICMS00><orig>0</orig><CST>041</CST><modBC>3</modBC><vBC>39.90</vBC><pICMS>18.00</pICMS><vICMS>7.18</vICMS></ICMS00></ICMS><PIS><PISAliq><CST>01</CST><vBC>39.90</vBC><pPIS>1.65</pPIS><vPIS>0.66</vPIS></PISAliq></PIS><COFINS><COFINSAliq><CST>01</CST><vBC>39.90</vBC><pCOFINS>7.60</pCOFINS><vCOFINS>3.03</vCOFINS></COFINSAliq></COFINS></imposto></det><total><ICMSTot><vBC>39.90</vBC><vICMS>7.18</vICMS><vICMSDeson>0.00</vICMSDeson><vFCP>0.00</vFCP><vBCST>0.00</vBCST><vST>0.00</vST><vFCPST>0.00</vFCPST><vFCPSTRet>0.00</vFCPSTRet><vProd>39.90</vProd><vFrete>0.00</vFrete><vSeg>0.00</vSeg><vDesc>0.00</vDesc><vII>0.00</vII><vIPI>0.00</vIPI><vIPIDevol>0.00</vIPIDevol><vPIS>0.66</vPIS><vCOFINS>3.03</vCOFINS><vOutro>0.00</vOutro><vNF>39.90</vNF></ICMSTot></total><transp><modFrete>9</modFrete></transp><pag><detPag><tPag>01</tPag><vPag>39.90</vPag></detPag></pag><infAdic><infCpl>NF-e de entrada de mercadoria.</infCpl></infAdic></infNFe></NFe>	\N	\N	2026-01-31 17:22:49.92857+00	2026-01-31 17:22:50.961+00	1	\N	5102	\N	\N	\N	f	\N	3	18	\N
7	NFE	99	7	25260112260723000109550990000000071108701753	HOMOLOGACAO	REJEITADA	\N	5	680	2026-01-31 22:17:28.827867+00	\N	\N	39.90	0.00	39.90	<?xml version="1.0" encoding="UTF-8"?><NFe xmlns="http://www.portalfiscal.inf.br/nfe"><infNFe Id="NFe25260112260723000109550990000000071108701753" versao="4.00"><ide><cUF>25</cUF><cNF>10870175</cNF><natOp>VENDA DE MERCADORIA</natOp><mod>55</mod><serie>99</serie><nNF>7</nNF><dhEmi>2026-01-31T19:18:16-03:00</dhEmi><tpNF>1</tpNF><idDest>1</idDest><cMunFG>2507507</cMunFG><tpImp>1</tpImp><tpEmis>1</tpEmis><cDV>3</cDV><tpAmb>2</tpAmb><finNFe>1</finNFe><indFinal>1</indFinal><indPres>1</indPres><procEmi>0</procEmi><verProc>ERPOficina 1.0.0</verProc></ide><emit><CNPJ>12260723000109</CNPJ><xNome>AUTO ELETRICA DEMIR LTDA</xNome><xFant>DEMIR INJECAO ELETRONICA A DIESEL</xFant><enderEmit><xLgr>RUA JORNALISTA JOSE RAMALHO</xLgr><nro>33</nro><xCpl>SALA 05</xCpl><xBairro>COSTA E SILVA</xBairro><cMun>2507507</cMun><xMun>JOAO PESSOA</xMun><UF>PB</UF><CEP>58081110</CEP><cPais>1058</cPais><xPais>BRASIL</xPais><fone>8332337025</fone></enderEmit><IE>161726542</IE><CRT>3</CRT></emit><dest><CPF>70869037447</CPF><xNome>Bruno Lucas Batista de Lima</xNome><enderDest><xLgr>Rodovia BR-101</xLgr><nro>S/N</nro><xBairro>Imaculada</xBairro><cMun>2507507</cMun><xMun>Bayeux</xMun><UF>PB</UF><CEP>58111001</CEP><cPais>1058</cPais><xPais>BRASIL</xPais><fone>83998737170</fone></enderDest><indIEDest>9</indIEDest></dest><det nItem="1"><prod><cProd>26</cProd><cEAN>SEM GTIN</cEAN><xProd>Filtro de Óleo Wega WO-120</xProd><NCM>84212300</NCM><CFOP>5102</CFOP><uCom>UN</uCom><qCom>1.00</qCom><vUnCom>39.90</vUnCom><vProd>39.90</vProd><cEANTrib>SEM GTIN</cEANTrib><uTrib>UN</uTrib><qTrib>1.00</qTrib><vUnTrib>39.90</vUnTrib><indTot>1</indTot></prod><imposto><ICMS><ICMS00><orig>0</orig><CST>00</CST><modBC>3</modBC><vBC>39.90</vBC><pICMS>18.00</pICMS><vICMS>7.18</vICMS></ICMS00></ICMS><PIS><PISAliq><CST>01</CST><vBC>39.90</vBC><pPIS>1.65</pPIS><vPIS>0.66</vPIS></PISAliq></PIS><COFINS><COFINSAliq><CST>01</CST><vBC>39.90</vBC><pCOFINS>7.60</pCOFINS><vCOFINS>3.03</vCOFINS></COFINSAliq></COFINS></imposto></det><total><ICMSTot><vBC>39.90</vBC><vICMS>7.18</vICMS><vICMSDeson>0.00</vICMSDeson><vFCP>0.00</vFCP><vBCST>0.00</vBCST><vST>0.00</vST><vFCPST>0.00</vFCPST><vFCPSTRet>0.00</vFCPSTRet><vProd>39.90</vProd><vFrete>0.00</vFrete><vSeg>0.00</vSeg><vDesc>0.00</vDesc><vII>0.00</vII><vIPI>0.00</vIPI><vIPIDevol>0.00</vIPIDevol><vPIS>0.66</vPIS><vCOFINS>3.03</vCOFINS><vOutro>0.00</vOutro><vNF>39.90</vNF></ICMSTot></total><transp><modFrete>9</modFrete></transp><pag><detPag><tPag>01</tPag><vPag>39.90</vPag></detPag></pag><infAdic><infCpl>NF-e de venda de mercadoria.</infCpl></infAdic><infRespTec><CNPJ>58598900000162</CNPJ><xContato>FIGO Softwares</xContato><email>figo.devtech@gmail.com</email><fone>83987872668</fone></infRespTec></infNFe><Signature xmlns="http://www.w3.org/2000/09/xmldsig#"><SignedInfo><CanonicalizationMethod Algorithm="http://www.w3.org/TR/2001/REC-xml-c14n-20010315"/><SignatureMethod Algorithm="http://www.w3.org/2000/09/xmldsig#rsa-sha1"/><Reference URI="#NFe25260112260723000109550990000000071108701753"><Transforms><Transform Algorithm="http://www.w3.org/2000/09/xmldsig#enveloped-signature"/><Transform Algorithm="http://www.w3.org/TR/2001/REC-xml-c14n-20010315"/></Transforms><DigestMethod Algorithm="http://www.w3.org/2000/09/xmldsig#sha1"/><DigestValue>Y5lIshMNL3356Ri07ZihtyXi3dk=</DigestValue></Reference></SignedInfo><SignatureValue>UcV6lgagY7ou6pXvrtS0rn5yubm3YntbBh+Nqxv6UC66uTYm1cogejZJYjrB0m6Lkvikve462asFvdYi2ggSXne5M72lvnqy646h2TKKWyn07bA1dn+PJ5JJzVsIERPXLXThfn6w1RPmZbV6mrC7qze4V7R6tFvWU4WGtit+nRtWkBmOrdLMm1goNTSXvwj4avr4kDEfI6rOrlEE+43XCgthtsMEFAilFap68KkAKmkRxkFueSEVrR8oO1VxFGsbNR7SP6XIXd8vGaxWw9Qb4eU4GdrEM8CJViztYZxtk8ztjKZD+8LdiQh5QMto2eDoTul35fn90nBVRFi4YnOfsg==</SignatureValue><KeyInfo><X509Data><X509Certificate>MIIHfTCCBWWgAwIBAgIIeUF1+tGPJSUwDQYJKoZIhvcNAQELBQAwczELMAkGA1UEBhMCQlIxEzARBgNVBAoTCklDUC1CcmFzaWwxNjA0BgNVBAsTLVNlY3JldGFyaWEgZGEgUmVjZWl0YSBGZWRlcmFsIGRvIEJyYXNpbCAtIFJGQjEXMBUGA1UEAxMOQUMgQ05ETCBSRkIgdjMwHhcNMjUwMjEwMTI0NzE5WhcNMjYwMjEwMTI0NzE5WjCB+zELMAkGA1UEBhMCQlIxEzARBgNVBAoTCklDUC1CcmFzaWwxCzAJBgNVBAgTAlBCMRQwEgYDVQQHEwtKT0FPIFBFU1NPQTEXMBUGA1UECxMOMDkxMTc2MzEwMDAxNjAxNjA0BgNVBAsTLVNlY3JldGFyaWEgZGEgUmVjZWl0YSBGZWRlcmFsIGRvIEJyYXNpbCAtIFJGQjEWMBQGA1UECxMNUkZCIGUtQ05QSiBBMTEZMBcGA1UECxMQdmlkZW9jb25mZXJlbmNpYTEwMC4GA1UEAxMnQVVUTyBFTEVUUklDQSBERU1JUiBMVERBOjEyMjYwNzIzMDAwMTA5MIIBIjANBgkqhkiG9w0BAQEFAAOCAQ8AMIIBCgKCAQEAyRmv1XkNFE1/Z8XC8Dt7a8et4i1TSbfxtSMu2zNxvAu1L6BqbOS21Thwo+7dxL2+OlwDmw8/a3pXBrZQ89sQZ3UfwEt2Vc+iaM+0sOLgrXPDWJxVypYzAwDij9/F3WW2Kr/NoWsd7X2rvKZkOPUCgOsZ4FhGzeIxa1ev9z8nkmwrX8HpSmq/YgtlQpqMcZo/KKKxB6A+VFziaw/MHwJr0Y5pzJJqLoQhDpPL4cMvUSThDXyMnzzI5RdOe7a0faXIEXyQK5XDB1zONv2mzyAIZYuTJEivnwDc5MQF/XXPVYDk+A4Xj3bBIWQ37FlXo2AS/RMFWl66T9KIzndJqDVYNQIDAQABo4ICijCCAoYwHwYDVR0jBBgwFoAUax80FUEa6pseyiLSzt3vu+kyyokwDgYDVR0PAQH/BAQDAgXgMGcGA1UdIARgMF4wXAYGYEwBAgE0MFIwUAYIKwYBBQUHAgEWRGh0dHA6Ly9yZXBvc2l0b3Jpby5hY3NwY2JyYXNpbC5vcmcuYnIvYWMtY25kbHJmYi9hYy1jbmRsLXJmYi1kcGMucGRmMIGmBgNVHR8EgZ4wgZswS6BJoEeGRWh0dHA6Ly9yZXBvc2l0b3Jpby5hY3NwY2JyYXNpbC5vcmcuYnIvYWMtY25kbHJmYi9sY3ItYWMtY25kbHJmYnY1LmNybDBMoEqgSIZGaHR0cDovL3JlcG9zaXRvcmlvMi5hY3NwY2JyYXNpbC5vcmcuYnIvYWMtY25kbHJmYi9sY3ItYWMtY25kbHJmYnY1LmNybDBdBggrBgEFBQcBAQRRME8wTQYIKwYBBQUHMAKGQWh0dHA6Ly9yZXBvc2l0b3Jpby5hY3NwY2JyYXNpbC5vcmcuYnIvYWMtY25kbHJmYi9hYy1jbmRscmZidjUucDdiMIG3BgNVHREEga8wgayBGkZJTkFOQ0VJUk8uREVNSVJAR01BSUwuQ09NoCAGBWBMAQMCoBcTFUVETUlSIERFIExJTUEgTUFSVElOU6AZBgVgTAEDA6AQEw4xMjI2MDcyMzAwMDEwOaA4BgVgTAEDBKAvEy0wODEyMTk4MzA1MDkyNzA1NDkzMDAwMDAwMDAwMDAwMDAwMDAwMDAwMDAwMDCgFwYFYEwBAwegDhMMMDAwMDAwMDAwMDAwMB0GA1UdJQQWMBQGCCsGAQUFBwMCBggrBgEFBQcDBDAJBgNVHRMEAjAAMA0GCSqGSIb3DQEBCwUAA4ICAQA2hVDKQGMJVBWLQUXbEUBo/61gJjZAIKEfvVuRMxstx30qr3DcfEkBeL37nq9AA718p8Vo0aWkeB8S0JsntWjPVFEox0tbBCiChg3qfI2cA0IO1+H/084ZbdfrGxf83co+voIBcRpS5I/CZvqYa2ZZHDGThfMQSm7tvD2rZ2z/v8x/rvKSIkjQfUw6I87UY5X94bhR/mm/HjdXYTcvLkGDJTYpJXuGKaP8cjHORn8xHkk3MTYNWsWsmMHTECJSeZxnWaJfHfzLaZpUfAt9iK0Vh/5qGxteHRD/3sPl5VgCAmdR/i0M5IWYVL0xr+nCi7AH4wfbdvjkYLBe3gQBFY1DuNuAp9tzihBEg59ZqDySddaexWm0oy6v3pwuBTr7LGzvVWEODLTpmNOf8MDh6HPSgpccqc/XtmFo+LT0LIVeCE8Fj5FFj5p+qVdhlLgl0KgxVtxtwcfTpGd1FH1KF+VNK8EHwTf9jpNP+XRZmpBjcS6ZA2f6WaGN6DJTJMSZMTvy67i8Xu8N5UQoQBt+rXXKWgUXvbtmwN1mLmJCYaL0IRzqof0BcFVZWF8oU9vIkoKQbkRFk6WLUonkwgK5WGYfYHXnqRIBKRTgrnrLhrFeNIQ3VFSLT3M8hLw1C1R8wPmafDy90NqA0MoMe7P8QoTWzb2eczLhMslRBP52KRYbXA==</X509Certificate></X509Data></KeyInfo></Signature></NFe>	<?xml version="1.0" encoding="UTF-8"?><nfeProc xmlns="http://www.portalfiscal.inf.br/nfe" versao="4.00"><NFe xmlns="http://www.portalfiscal.inf.br/nfe"><infNFe Id="NFe25260112260723000109550990000000071108701753" versao="4.00"><ide><cUF>25</cUF><cNF>10870175</cNF><natOp>VENDA DE MERCADORIA</natOp><mod>55</mod><serie>99</serie><nNF>7</nNF><dhEmi>2026-01-31T19:18:16-03:00</dhEmi><tpNF>1</tpNF><idDest>1</idDest><cMunFG>2507507</cMunFG><tpImp>1</tpImp><tpEmis>1</tpEmis><cDV>3</cDV><tpAmb>2</tpAmb><finNFe>1</finNFe><indFinal>1</indFinal><indPres>1</indPres><procEmi>0</procEmi><verProc>ERPOficina 1.0.0</verProc></ide><emit><CNPJ>12260723000109</CNPJ><xNome>AUTO ELETRICA DEMIR LTDA</xNome><xFant>DEMIR INJECAO ELETRONICA A DIESEL</xFant><enderEmit><xLgr>RUA JORNALISTA JOSE RAMALHO</xLgr><nro>33</nro><xCpl>SALA 05</xCpl><xBairro>COSTA E SILVA</xBairro><cMun>2507507</cMun><xMun>JOAO PESSOA</xMun><UF>PB</UF><CEP>58081110</CEP><cPais>1058</cPais><xPais>BRASIL</xPais><fone>8332337025</fone></enderEmit><IE>161726542</IE><CRT>3</CRT></emit><dest><CPF>70869037447</CPF><xNome>Bruno Lucas Batista de Lima</xNome><enderDest><xLgr>Rodovia BR-101</xLgr><nro>S/N</nro><xBairro>Imaculada</xBairro><cMun>2507507</cMun><xMun>Bayeux</xMun><UF>PB</UF><CEP>58111001</CEP><cPais>1058</cPais><xPais>BRASIL</xPais><fone>83998737170</fone></enderDest><indIEDest>9</indIEDest></dest><det nItem="1"><prod><cProd>26</cProd><cEAN>SEM GTIN</cEAN><xProd>Filtro de Óleo Wega WO-120</xProd><NCM>84212300</NCM><CFOP>5102</CFOP><uCom>UN</uCom><qCom>1.00</qCom><vUnCom>39.90</vUnCom><vProd>39.90</vProd><cEANTrib>SEM GTIN</cEANTrib><uTrib>UN</uTrib><qTrib>1.00</qTrib><vUnTrib>39.90</vUnTrib><indTot>1</indTot></prod><imposto><ICMS><ICMS00><orig>0</orig><CST>00</CST><modBC>3</modBC><vBC>39.90</vBC><pICMS>18.00</pICMS><vICMS>7.18</vICMS></ICMS00></ICMS><PIS><PISAliq><CST>01</CST><vBC>39.90</vBC><pPIS>1.65</pPIS><vPIS>0.66</vPIS></PISAliq></PIS><COFINS><COFINSAliq><CST>01</CST><vBC>39.90</vBC><pCOFINS>7.60</pCOFINS><vCOFINS>3.03</vCOFINS></COFINSAliq></COFINS></imposto></det><total><ICMSTot><vBC>39.90</vBC><vICMS>7.18</vICMS><vICMSDeson>0.00</vICMSDeson><vFCP>0.00</vFCP><vBCST>0.00</vBCST><vST>0.00</vST><vFCPST>0.00</vFCPST><vFCPSTRet>0.00</vFCPSTRet><vProd>39.90</vProd><vFrete>0.00</vFrete><vSeg>0.00</vSeg><vDesc>0.00</vDesc><vII>0.00</vII><vIPI>0.00</vIPI><vIPIDevol>0.00</vIPIDevol><vPIS>0.66</vPIS><vCOFINS>3.03</vCOFINS><vOutro>0.00</vOutro><vNF>39.90</vNF></ICMSTot></total><transp><modFrete>9</modFrete></transp><pag><detPag><tPag>01</tPag><vPag>39.90</vPag></detPag></pag><infAdic><infCpl>NF-e de venda de mercadoria.</infCpl></infAdic><infRespTec><CNPJ>58598900000162</CNPJ><xContato>FIGO Softwares</xContato><email>figo.devtech@gmail.com</email><fone>83987872668</fone></infRespTec></infNFe><Signature xmlns="http://www.w3.org/2000/09/xmldsig#"><SignedInfo><CanonicalizationMethod Algorithm="http://www.w3.org/TR/2001/REC-xml-c14n-20010315"/><SignatureMethod Algorithm="http://www.w3.org/2000/09/xmldsig#rsa-sha1"/><Reference URI="#NFe25260112260723000109550990000000071108701753"><Transforms><Transform Algorithm="http://www.w3.org/2000/09/xmldsig#enveloped-signature"/><Transform Algorithm="http://www.w3.org/TR/2001/REC-xml-c14n-20010315"/></Transforms><DigestMethod Algorithm="http://www.w3.org/2000/09/xmldsig#sha1"/><DigestValue>Y5lIshMNL3356Ri07ZihtyXi3dk=</DigestValue></Reference></SignedInfo><SignatureValue>UcV6lgagY7ou6pXvrtS0rn5yubm3YntbBh+Nqxv6UC66uTYm1cogejZJYjrB0m6Lkvikve462asFvdYi2ggSXne5M72lvnqy646h2TKKWyn07bA1dn+PJ5JJzVsIERPXLXThfn6w1RPmZbV6mrC7qze4V7R6tFvWU4WGtit+nRtWkBmOrdLMm1goNTSXvwj4avr4kDEfI6rOrlEE+43XCgthtsMEFAilFap68KkAKmkRxkFueSEVrR8oO1VxFGsbNR7SP6XIXd8vGaxWw9Qb4eU4GdrEM8CJViztYZxtk8ztjKZD+8LdiQh5QMto2eDoTul35fn90nBVRFi4YnOfsg==</SignatureValue><KeyInfo><X509Data><X509Certificate>MIIHfTCCBWWgAwIBAgIIeUF1+tGPJSUwDQYJKoZIhvcNAQELBQAwczELMAkGA1UEBhMCQlIxEzARBgNVBAoTCklDUC1CcmFzaWwxNjA0BgNVBAsTLVNlY3JldGFyaWEgZGEgUmVjZWl0YSBGZWRlcmFsIGRvIEJyYXNpbCAtIFJGQjEXMBUGA1UEAxMOQUMgQ05ETCBSRkIgdjMwHhcNMjUwMjEwMTI0NzE5WhcNMjYwMjEwMTI0NzE5WjCB+zELMAkGA1UEBhMCQlIxEzARBgNVBAoTCklDUC1CcmFzaWwxCzAJBgNVBAgTAlBCMRQwEgYDVQQHEwtKT0FPIFBFU1NPQTEXMBUGA1UECxMOMDkxMTc2MzEwMDAxNjAxNjA0BgNVBAsTLVNlY3JldGFyaWEgZGEgUmVjZWl0YSBGZWRlcmFsIGRvIEJyYXNpbCAtIFJGQjEWMBQGA1UECxMNUkZCIGUtQ05QSiBBMTEZMBcGA1UECxMQdmlkZW9jb25mZXJlbmNpYTEwMC4GA1UEAxMnQVVUTyBFTEVUUklDQSBERU1JUiBMVERBOjEyMjYwNzIzMDAwMTA5MIIBIjANBgkqhkiG9w0BAQEFAAOCAQ8AMIIBCgKCAQEAyRmv1XkNFE1/Z8XC8Dt7a8et4i1TSbfxtSMu2zNxvAu1L6BqbOS21Thwo+7dxL2+OlwDmw8/a3pXBrZQ89sQZ3UfwEt2Vc+iaM+0sOLgrXPDWJxVypYzAwDij9/F3WW2Kr/NoWsd7X2rvKZkOPUCgOsZ4FhGzeIxa1ev9z8nkmwrX8HpSmq/YgtlQpqMcZo/KKKxB6A+VFziaw/MHwJr0Y5pzJJqLoQhDpPL4cMvUSThDXyMnzzI5RdOe7a0faXIEXyQK5XDB1zONv2mzyAIZYuTJEivnwDc5MQF/XXPVYDk+A4Xj3bBIWQ37FlXo2AS/RMFWl66T9KIzndJqDVYNQIDAQABo4ICijCCAoYwHwYDVR0jBBgwFoAUax80FUEa6pseyiLSzt3vu+kyyokwDgYDVR0PAQH/BAQDAgXgMGcGA1UdIARgMF4wXAYGYEwBAgE0MFIwUAYIKwYBBQUHAgEWRGh0dHA6Ly9yZXBvc2l0b3Jpby5hY3NwY2JyYXNpbC5vcmcuYnIvYWMtY25kbHJmYi9hYy1jbmRsLXJmYi1kcGMucGRmMIGmBgNVHR8EgZ4wgZswS6BJoEeGRWh0dHA6Ly9yZXBvc2l0b3Jpby5hY3NwY2JyYXNpbC5vcmcuYnIvYWMtY25kbHJmYi9sY3ItYWMtY25kbHJmYnY1LmNybDBMoEqgSIZGaHR0cDovL3JlcG9zaXRvcmlvMi5hY3NwY2JyYXNpbC5vcmcuYnIvYWMtY25kbHJmYi9sY3ItYWMtY25kbHJmYnY1LmNybDBdBggrBgEFBQcBAQRRME8wTQYIKwYBBQUHMAKGQWh0dHA6Ly9yZXBvc2l0b3Jpby5hY3NwY2JyYXNpbC5vcmcuYnIvYWMtY25kbHJmYi9hYy1jbmRscmZidjUucDdiMIG3BgNVHREEga8wgayBGkZJTkFOQ0VJUk8uREVNSVJAR01BSUwuQ09NoCAGBWBMAQMCoBcTFUVETUlSIERFIExJTUEgTUFSVElOU6AZBgVgTAEDA6AQEw4xMjI2MDcyMzAwMDEwOaA4BgVgTAEDBKAvEy0wODEyMTk4MzA1MDkyNzA1NDkzMDAwMDAwMDAwMDAwMDAwMDAwMDAwMDAwMDCgFwYFYEwBAwegDhMMMDAwMDAwMDAwMDAwMB0GA1UdJQQWMBQGCCsGAQUFBwMCBggrBgEFBQcDBDAJBgNVHRMEAjAAMA0GCSqGSIb3DQEBCwUAA4ICAQA2hVDKQGMJVBWLQUXbEUBo/61gJjZAIKEfvVuRMxstx30qr3DcfEkBeL37nq9AA718p8Vo0aWkeB8S0JsntWjPVFEox0tbBCiChg3qfI2cA0IO1+H/084ZbdfrGxf83co+voIBcRpS5I/CZvqYa2ZZHDGThfMQSm7tvD2rZ2z/v8x/rvKSIkjQfUw6I87UY5X94bhR/mm/HjdXYTcvLkGDJTYpJXuGKaP8cjHORn8xHkk3MTYNWsWsmMHTECJSeZxnWaJfHfzLaZpUfAt9iK0Vh/5qGxteHRD/3sPl5VgCAmdR/i0M5IWYVL0xr+nCi7AH4wfbdvjkYLBe3gQBFY1DuNuAp9tzihBEg59ZqDySddaexWm0oy6v3pwuBTr7LGzvVWEODLTpmNOf8MDh6HPSgpccqc/XtmFo+LT0LIVeCE8Fj5FFj5p+qVdhlLgl0KgxVtxtwcfTpGd1FH1KF+VNK8EHwTf9jpNP+XRZmpBjcS6ZA2f6WaGN6DJTJMSZMTvy67i8Xu8N5UQoQBt+rXXKWgUXvbtmwN1mLmJCYaL0IRzqof0BcFVZWF8oU9vIkoKQbkRFk6WLUonkwgK5WGYfYHXnqRIBKRTgrnrLhrFeNIQ3VFSLT3M8hLw1C1R8wPmafDy90NqA0MoMe7P8QoTWzb2eczLhMslRBP52KRYbXA==</X509Certificate></X509Data></KeyInfo></Signature></NFe><protNFe versao="4.00"><infProt><tpAmb>2</tpAmb><verAplic>SVRS2512230852</verAplic><chNFe>25260112260723000109550990000000071108701753</chNFe><dhRecbto>2026-01-31T19:17:39-03:00</dhRecbto><digVal>Y5lIshMNL3356Ri07ZihtyXi3dk=</digVal><cStat>598</cStat><xMotivo>Rejeicao: NF-e emitida em ambiente de homologacao com Razao Social do destinatario diferente de NF-E EMITIDA EM AMBIENTE DE HOMOLOGACAO - SEM VALOR FISCAL</xMotivo></infProt></protNFe></nfeProc>	\N	2026-01-31 22:17:28.827867+00	2026-01-31 22:18:26.195+00	1	\N	\N	\N	\N	\N	f	\N	\N	\N	\N
5	NFE	99	5	25260112260723000109550990000000051922308788	HOMOLOGACAO	RASCUNHO	\N	5	680	2026-01-31 21:29:09.08388+00	\N	\N	39.90	0.00	39.90	<?xml version="1.0" encoding="UTF-8"?><NFe xmlns="http://www.portalfiscal.inf.br/nfe"><infNFe Id="NFe25260112260723000109550990000000051922308788" versao="4.00"><ide><cUF>25</cUF><cNF>92230878</cNF><natOp>VENDA DE MERCADORIA</natOp><mod>55</mod><serie>99</serie><nNF>5</nNF><dhEmi>2026-01-31T18:29:57-03:00</dhEmi><tpNF>1</tpNF><idDest>1</idDest><cMunFG>2507507</cMunFG><tpImp>1</tpImp><tpEmis>1</tpEmis><cDV>8</cDV><tpAmb>2</tpAmb><finNFe>1</finNFe><indFinal>1</indFinal><indPres>1</indPres><procEmi>0</procEmi><verProc>ERPOficina 1.0.0</verProc></ide><emit><CNPJ>12260723000109</CNPJ><xNome>AUTO ELETRICA DEMIR LTDA</xNome><enderEmit><xLgr>RUA JORNALISTA JOSE RAMALHO</xLgr><nro>S/N</nro><xBairro>CENTRO</xBairro><cMun>2507507</cMun><xMun>JOAO PESSOA</xMun><UF>PB</UF><cPais>1058</cPais><xPais>BRASIL</xPais></enderEmit><IE>ISENTO</IE><CRT>3</CRT></emit><dest><CPF>70869037447</CPF><xNome>Bruno Lucas Batista de Lima</xNome><enderDest><xLgr>NAO INFORMADO</xLgr><nro>S/N</nro><xBairro>CENTRO</xBairro><cMun>2507507</cMun><xMun>Não Informado</xMun><UF>NI</UF><CEP>00000000</CEP><cPais>1058</cPais><xPais>BRASIL</xPais><fone>83998737170</fone></enderDest><indIEDest>9</indIEDest></dest><det nItem="1"><prod><cProd>26</cProd><cEAN>SEM GTIN</cEAN><xProd>Filtro de Óleo Wega WO-120</xProd><NCM>84212300</NCM><CFOP>5102</CFOP><uCom>UN</uCom><qCom>1.00</qCom><vUnCom>39.90</vUnCom><vProd>39.90</vProd><cEANTrib>SEM GTIN</cEANTrib><uTrib>UN</uTrib><qTrib>1.00</qTrib><vUnTrib>39.90</vUnTrib><indTot>1</indTot></prod><imposto><ICMS><ICMS00><orig>0</orig><CST>00</CST><modBC>3</modBC><vBC>39.90</vBC><pICMS>18.00</pICMS><vICMS>7.18</vICMS></ICMS00></ICMS><PIS><PISAliq><CST>01</CST><vBC>39.90</vBC><pPIS>1.65</pPIS><vPIS>0.66</vPIS></PISAliq></PIS><COFINS><COFINSAliq><CST>01</CST><vBC>39.90</vBC><pCOFINS>7.60</pCOFINS><vCOFINS>3.03</vCOFINS></COFINSAliq></COFINS></imposto></det><total><ICMSTot><vBC>39.90</vBC><vICMS>7.18</vICMS><vICMSDeson>0.00</vICMSDeson><vFCP>0.00</vFCP><vBCST>0.00</vBCST><vST>0.00</vST><vFCPST>0.00</vFCPST><vFCPSTRet>0.00</vFCPSTRet><vProd>39.90</vProd><vFrete>0.00</vFrete><vSeg>0.00</vSeg><vDesc>0.00</vDesc><vII>0.00</vII><vIPI>0.00</vIPI><vIPIDevol>0.00</vIPIDevol><vPIS>0.66</vPIS><vCOFINS>3.03</vCOFINS><vOutro>0.00</vOutro><vNF>39.90</vNF></ICMSTot></total><transp><modFrete>9</modFrete></transp><pag><detPag><tPag>01</tPag><vPag>39.90</vPag></detPag></pag><infAdic><infCpl>NF-e de venda de mercadoria.</infCpl></infAdic></infNFe></NFe>	\N	\N	2026-01-31 21:29:09.08388+00	2026-01-31 21:29:57.076+00	1	\N	\N	\N	\N	\N	f	\N	\N	\N	\N
6	NFE	99	6	25260112260723000109550990000000061114610260	HOMOLOGACAO	RASCUNHO	\N	5	680	2026-01-31 21:45:32.85461+00	\N	\N	39.90	0.00	39.90	<?xml version="1.0" encoding="UTF-8"?><NFe xmlns="http://www.portalfiscal.inf.br/nfe"><infNFe Id="NFe25260112260723000109550990000000061114610260" versao="4.00"><ide><cUF>25</cUF><cNF>11461026</cNF><natOp>VENDA DE MERCADORIA</natOp><mod>55</mod><serie>99</serie><nNF>6</nNF><dhEmi>2026-01-31T18:46:20-03:00</dhEmi><tpNF>1</tpNF><idDest>1</idDest><cMunFG>2507507</cMunFG><tpImp>1</tpImp><tpEmis>1</tpEmis><cDV>0</cDV><tpAmb>2</tpAmb><finNFe>1</finNFe><indFinal>1</indFinal><indPres>1</indPres><procEmi>0</procEmi><verProc>ERPOficina 1.0.0</verProc></ide><emit><CNPJ>12260723000109</CNPJ><xNome>AUTO ELETRICA DEMIR LTDA</xNome><enderEmit><xLgr>RUA JORNALISTA JOSE RAMALHO</xLgr><nro>S/N</nro><xBairro>CENTRO</xBairro><cMun>2507507</cMun><xMun>JOAO PESSOA</xMun><UF>PB</UF><cPais>1058</cPais><xPais>BRASIL</xPais></enderEmit><IE>ISENTO</IE><CRT>3</CRT></emit><dest><CPF>70869037447</CPF><xNome>NF-E EMITIDA EM AMBIENTE DE HOMOLOGACAO - SEM VALOR FISCAL</xNome><enderDest><xLgr>Rodovia BR-101</xLgr><nro>S/N</nro><xBairro>Imaculada</xBairro><cMun>2507507</cMun><xMun>Bayeux</xMun><UF>PB</UF><CEP>58111001</CEP><cPais>1058</cPais><xPais>BRASIL</xPais><fone>83998737170</fone></enderDest><indIEDest>9</indIEDest></dest><det nItem="1"><prod><cProd>26</cProd><cEAN>SEM GTIN</cEAN><xProd>Filtro de Óleo Wega WO-120</xProd><NCM>84212300</NCM><CFOP>5102</CFOP><uCom>UN</uCom><qCom>1.00</qCom><vUnCom>39.90</vUnCom><vProd>39.90</vProd><cEANTrib>SEM GTIN</cEANTrib><uTrib>UN</uTrib><qTrib>1.00</qTrib><vUnTrib>39.90</vUnTrib><indTot>1</indTot></prod><imposto><ICMS><ICMS00><orig>0</orig><CST>00</CST><modBC>3</modBC><vBC>39.90</vBC><pICMS>18.00</pICMS><vICMS>7.18</vICMS></ICMS00></ICMS><PIS><PISAliq><CST>01</CST><vBC>39.90</vBC><pPIS>1.65</pPIS><vPIS>0.66</vPIS></PISAliq></PIS><COFINS><COFINSAliq><CST>01</CST><vBC>39.90</vBC><pCOFINS>7.60</pCOFINS><vCOFINS>3.03</vCOFINS></COFINSAliq></COFINS></imposto></det><total><ICMSTot><vBC>39.90</vBC><vICMS>7.18</vICMS><vICMSDeson>0.00</vICMSDeson><vFCP>0.00</vFCP><vBCST>0.00</vBCST><vST>0.00</vST><vFCPST>0.00</vFCPST><vFCPSTRet>0.00</vFCPSTRet><vProd>39.90</vProd><vFrete>0.00</vFrete><vSeg>0.00</vSeg><vDesc>0.00</vDesc><vII>0.00</vII><vIPI>0.00</vIPI><vIPIDevol>0.00</vIPIDevol><vPIS>0.66</vPIS><vCOFINS>3.03</vCOFINS><vOutro>0.00</vOutro><vNF>39.90</vNF></ICMSTot></total><transp><modFrete>9</modFrete></transp><pag><detPag><tPag>01</tPag><vPag>39.90</vPag></detPag></pag><infAdic><infCpl>NF-e de venda de mercadoria.</infCpl></infAdic><infRespTec><CNPJ>58598900000162</CNPJ><xContato>FIGO Softwares</xContato><email>figo.devtech@gmail.com</email><fone>83987872668</fone></infRespTec></infNFe><Signature xmlns="http://www.w3.org/2000/09/xmldsig#"><SignedInfo><CanonicalizationMethod Algorithm="http://www.w3.org/TR/2001/REC-xml-c14n-20010315"/><SignatureMethod Algorithm="http://www.w3.org/2000/09/xmldsig#rsa-sha1"/><Reference URI="#NFe25260112260723000109550990000000061114610260"><Transforms><Transform Algorithm="http://www.w3.org/2000/09/xmldsig#enveloped-signature"/><Transform Algorithm="http://www.w3.org/TR/2001/REC-xml-c14n-20010315"/></Transforms><DigestMethod Algorithm="http://www.w3.org/2000/09/xmldsig#sha1"/><DigestValue>7bLV2Bd18xb+NnuN97WRm/TY1Vk=</DigestValue></Reference></SignedInfo><SignatureValue>TDAhvXYTSUWGvzkvYvdLxYe05sAuptFHYvL0Vu8emO4e8PvzAOV2TQzDTgqfgzMf9rhqw0Pxys/Craz4/+SUAAjFQWfNZ7H3OhkUE9vSw3CrOYX8YEZIJbwHcivGs+FB/v2RUqoeiyn8IGOzXMiSjF+677GZk65MkUC4zcKzhNC7oeE80/Ff50ozf9hAM0D99ptoDqP1crLvN8bpr7FZhVsLpC/6o2h5t725bfyFyQi7wsesm17xuz4YWXJGUE41/aAiD0FJ9erVuTGG1ucghaiUlrRdAdN+3f4WT+Zh5BbVMKEGo+V4W8YSQT7QxYa/tkHiE1+vTGfAHqAYSX6idA==</SignatureValue></Signature><Signature xmlns="http://www.w3.org/2000/09/xmldsig#"><SignedInfo><CanonicalizationMethod Algorithm="http://www.w3.org/TR/2001/REC-xml-c14n-20010315"/><SignatureMethod Algorithm="http://www.w3.org/2000/09/xmldsig#rsa-sha1"/><Reference URI="#NFe25260112260723000109550990000000061114610260"><Transforms><Transform Algorithm="http://www.w3.org/2000/09/xmldsig#enveloped-signature"/><Transform Algorithm="http://www.w3.org/TR/2001/REC-xml-c14n-20010315"/></Transforms><DigestMethod Algorithm="http://www.w3.org/2000/09/xmldsig#sha1"/><DigestValue>7bLV2Bd18xb+NnuN97WRm/TY1Vk=</DigestValue></Reference></SignedInfo><SignatureValue>TDAhvXYTSUWGvzkvYvdLxYe05sAuptFHYvL0Vu8emO4e8PvzAOV2TQzDTgqfgzMf9rhqw0Pxys/Craz4/+SUAAjFQWfNZ7H3OhkUE9vSw3CrOYX8YEZIJbwHcivGs+FB/v2RUqoeiyn8IGOzXMiSjF+677GZk65MkUC4zcKzhNC7oeE80/Ff50ozf9hAM0D99ptoDqP1crLvN8bpr7FZhVsLpC/6o2h5t725bfyFyQi7wsesm17xuz4YWXJGUE41/aAiD0FJ9erVuTGG1ucghaiUlrRdAdN+3f4WT+Zh5BbVMKEGo+V4W8YSQT7QxYa/tkHiE1+vTGfAHqAYSX6idA==</SignatureValue><KeyInfo><X509Data><X509Certificate>MIIHfTCCBWWgAwIBAgIIeUF1+tGPJSUwDQYJKoZIhvcNAQELBQAwczELMAkGA1UEBhMCQlIxEzARBgNVBAoTCklDUC1CcmFzaWwxNjA0BgNVBAsTLVNlY3JldGFyaWEgZGEgUmVjZWl0YSBGZWRlcmFsIGRvIEJyYXNpbCAtIFJGQjEXMBUGA1UEAxMOQUMgQ05ETCBSRkIgdjMwHhcNMjUwMjEwMTI0NzE5WhcNMjYwMjEwMTI0NzE5WjCB+zELMAkGA1UEBhMCQlIxEzARBgNVBAoTCklDUC1CcmFzaWwxCzAJBgNVBAgTAlBCMRQwEgYDVQQHEwtKT0FPIFBFU1NPQTEXMBUGA1UECxMOMDkxMTc2MzEwMDAxNjAxNjA0BgNVBAsTLVNlY3JldGFyaWEgZGEgUmVjZWl0YSBGZWRlcmFsIGRvIEJyYXNpbCAtIFJGQjEWMBQGA1UECxMNUkZCIGUtQ05QSiBBMTEZMBcGA1UECxMQdmlkZW9jb25mZXJlbmNpYTEwMC4GA1UEAxMnQVVUTyBFTEVUUklDQSBERU1JUiBMVERBOjEyMjYwNzIzMDAwMTA5MIIBIjANBgkqhkiG9w0BAQEFAAOCAQ8AMIIBCgKCAQEAyRmv1XkNFE1/Z8XC8Dt7a8et4i1TSbfxtSMu2zNxvAu1L6BqbOS21Thwo+7dxL2+OlwDmw8/a3pXBrZQ89sQZ3UfwEt2Vc+iaM+0sOLgrXPDWJxVypYzAwDij9/F3WW2Kr/NoWsd7X2rvKZkOPUCgOsZ4FhGzeIxa1ev9z8nkmwrX8HpSmq/YgtlQpqMcZo/KKKxB6A+VFziaw/MHwJr0Y5pzJJqLoQhDpPL4cMvUSThDXyMnzzI5RdOe7a0faXIEXyQK5XDB1zONv2mzyAIZYuTJEivnwDc5MQF/XXPVYDk+A4Xj3bBIWQ37FlXo2AS/RMFWl66T9KIzndJqDVYNQIDAQABo4ICijCCAoYwHwYDVR0jBBgwFoAUax80FUEa6pseyiLSzt3vu+kyyokwDgYDVR0PAQH/BAQDAgXgMGcGA1UdIARgMF4wXAYGYEwBAgE0MFIwUAYIKwYBBQUHAgEWRGh0dHA6Ly9yZXBvc2l0b3Jpby5hY3NwY2JyYXNpbC5vcmcuYnIvYWMtY25kbHJmYi9hYy1jbmRsLXJmYi1kcGMucGRmMIGmBgNVHR8EgZ4wgZswS6BJoEeGRWh0dHA6Ly9yZXBvc2l0b3Jpby5hY3NwY2JyYXNpbC5vcmcuYnIvYWMtY25kbHJmYi9sY3ItYWMtY25kbHJmYnY1LmNybDBMoEqgSIZGaHR0cDovL3JlcG9zaXRvcmlvMi5hY3NwY2JyYXNpbC5vcmcuYnIvYWMtY25kbHJmYi9sY3ItYWMtY25kbHJmYnY1LmNybDBdBggrBgEFBQcBAQRRME8wTQYIKwYBBQUHMAKGQWh0dHA6Ly9yZXBvc2l0b3Jpby5hY3NwY2JyYXNpbC5vcmcuYnIvYWMtY25kbHJmYi9hYy1jbmRscmZidjUucDdiMIG3BgNVHREEga8wgayBGkZJTkFOQ0VJUk8uREVNSVJAR01BSUwuQ09NoCAGBWBMAQMCoBcTFUVETUlSIERFIExJTUEgTUFSVElOU6AZBgVgTAEDA6AQEw4xMjI2MDcyMzAwMDEwOaA4BgVgTAEDBKAvEy0wODEyMTk4MzA1MDkyNzA1NDkzMDAwMDAwMDAwMDAwMDAwMDAwMDAwMDAwMDCgFwYFYEwBAwegDhMMMDAwMDAwMDAwMDAwMB0GA1UdJQQWMBQGCCsGAQUFBwMCBggrBgEFBQcDBDAJBgNVHRMEAjAAMA0GCSqGSIb3DQEBCwUAA4ICAQA2hVDKQGMJVBWLQUXbEUBo/61gJjZAIKEfvVuRMxstx30qr3DcfEkBeL37nq9AA718p8Vo0aWkeB8S0JsntWjPVFEox0tbBCiChg3qfI2cA0IO1+H/084ZbdfrGxf83co+voIBcRpS5I/CZvqYa2ZZHDGThfMQSm7tvD2rZ2z/v8x/rvKSIkjQfUw6I87UY5X94bhR/mm/HjdXYTcvLkGDJTYpJXuGKaP8cjHORn8xHkk3MTYNWsWsmMHTECJSeZxnWaJfHfzLaZpUfAt9iK0Vh/5qGxteHRD/3sPl5VgCAmdR/i0M5IWYVL0xr+nCi7AH4wfbdvjkYLBe3gQBFY1DuNuAp9tzihBEg59ZqDySddaexWm0oy6v3pwuBTr7LGzvVWEODLTpmNOf8MDh6HPSgpccqc/XtmFo+LT0LIVeCE8Fj5FFj5p+qVdhlLgl0KgxVtxtwcfTpGd1FH1KF+VNK8EHwTf9jpNP+XRZmpBjcS6ZA2f6WaGN6DJTJMSZMTvy67i8Xu8N5UQoQBt+rXXKWgUXvbtmwN1mLmJCYaL0IRzqof0BcFVZWF8oU9vIkoKQbkRFk6WLUonkwgK5WGYfYHXnqRIBKRTgrnrLhrFeNIQ3VFSLT3M8hLw1C1R8wPmafDy90NqA0MoMe7P8QoTWzb2eczLhMslRBP52KRYbXA==</X509Certificate></X509Data></KeyInfo></Signature></NFe>	\N	\N	2026-01-31 21:45:32.85461+00	2026-01-31 21:57:42.176+00	1	\N	\N	\N	\N	\N	f	\N	\N	\N	\N
8	NFE	99	8	25260112260723000109550990000000081563654227	HOMOLOGACAO	AUTORIZADA	\N	5	680	2026-01-31 22:18:18.203561+00	2026-01-31 22:19:25.689+00	325260000004013	39.90	0.00	39.90	<?xml version="1.0" encoding="UTF-8"?><NFe xmlns="http://www.portalfiscal.inf.br/nfe"><infNFe Id="NFe25260112260723000109550990000000081563654227" versao="4.00"><ide><cUF>25</cUF><cNF>56365422</cNF><natOp>VENDA DE MERCADORIA</natOp><mod>55</mod><serie>99</serie><nNF>8</nNF><dhEmi>2026-01-31T19:19:05-03:00</dhEmi><tpNF>1</tpNF><idDest>1</idDest><cMunFG>2507507</cMunFG><tpImp>1</tpImp><tpEmis>1</tpEmis><cDV>7</cDV><tpAmb>2</tpAmb><finNFe>1</finNFe><indFinal>1</indFinal><indPres>1</indPres><procEmi>0</procEmi><verProc>ERPOficina 1.0.0</verProc></ide><emit><CNPJ>12260723000109</CNPJ><xNome>AUTO ELETRICA DEMIR LTDA</xNome><xFant>DEMIR INJECAO ELETRONICA A DIESEL</xFant><enderEmit><xLgr>RUA JORNALISTA JOSE RAMALHO</xLgr><nro>33</nro><xCpl>SALA 05</xCpl><xBairro>COSTA E SILVA</xBairro><cMun>2507507</cMun><xMun>JOAO PESSOA</xMun><UF>PB</UF><CEP>58081110</CEP><cPais>1058</cPais><xPais>BRASIL</xPais><fone>8332337025</fone></enderEmit><IE>161726542</IE><CRT>3</CRT></emit><dest><CPF>70869037447</CPF><xNome>NF-E EMITIDA EM AMBIENTE DE HOMOLOGACAO - SEM VALOR FISCAL</xNome><enderDest><xLgr>Rodovia BR-101</xLgr><nro>S/N</nro><xBairro>Imaculada</xBairro><cMun>2507507</cMun><xMun>Bayeux</xMun><UF>PB</UF><CEP>58111001</CEP><cPais>1058</cPais><xPais>BRASIL</xPais><fone>83998737170</fone></enderDest><indIEDest>9</indIEDest></dest><det nItem="1"><prod><cProd>26</cProd><cEAN>SEM GTIN</cEAN><xProd>Filtro de Óleo Wega WO-120</xProd><NCM>84212300</NCM><CFOP>5102</CFOP><uCom>UN</uCom><qCom>1.00</qCom><vUnCom>39.90</vUnCom><vProd>39.90</vProd><cEANTrib>SEM GTIN</cEANTrib><uTrib>UN</uTrib><qTrib>1.00</qTrib><vUnTrib>39.90</vUnTrib><indTot>1</indTot></prod><imposto><ICMS><ICMS00><orig>0</orig><CST>00</CST><modBC>3</modBC><vBC>39.90</vBC><pICMS>18.00</pICMS><vICMS>7.18</vICMS></ICMS00></ICMS><PIS><PISAliq><CST>01</CST><vBC>39.90</vBC><pPIS>1.65</pPIS><vPIS>0.66</vPIS></PISAliq></PIS><COFINS><COFINSAliq><CST>01</CST><vBC>39.90</vBC><pCOFINS>7.60</pCOFINS><vCOFINS>3.03</vCOFINS></COFINSAliq></COFINS></imposto></det><total><ICMSTot><vBC>39.90</vBC><vICMS>7.18</vICMS><vICMSDeson>0.00</vICMSDeson><vFCP>0.00</vFCP><vBCST>0.00</vBCST><vST>0.00</vST><vFCPST>0.00</vFCPST><vFCPSTRet>0.00</vFCPSTRet><vProd>39.90</vProd><vFrete>0.00</vFrete><vSeg>0.00</vSeg><vDesc>0.00</vDesc><vII>0.00</vII><vIPI>0.00</vIPI><vIPIDevol>0.00</vIPIDevol><vPIS>0.66</vPIS><vCOFINS>3.03</vCOFINS><vOutro>0.00</vOutro><vNF>39.90</vNF></ICMSTot></total><transp><modFrete>9</modFrete></transp><pag><detPag><tPag>01</tPag><vPag>39.90</vPag></detPag></pag><infAdic><infCpl>NF-e de venda de mercadoria.</infCpl></infAdic><infRespTec><CNPJ>58598900000162</CNPJ><xContato>FIGO Softwares</xContato><email>figo.devtech@gmail.com</email><fone>83987872668</fone></infRespTec></infNFe><Signature xmlns="http://www.w3.org/2000/09/xmldsig#"><SignedInfo><CanonicalizationMethod Algorithm="http://www.w3.org/TR/2001/REC-xml-c14n-20010315"/><SignatureMethod Algorithm="http://www.w3.org/2000/09/xmldsig#rsa-sha1"/><Reference URI="#NFe25260112260723000109550990000000081563654227"><Transforms><Transform Algorithm="http://www.w3.org/2000/09/xmldsig#enveloped-signature"/><Transform Algorithm="http://www.w3.org/TR/2001/REC-xml-c14n-20010315"/></Transforms><DigestMethod Algorithm="http://www.w3.org/2000/09/xmldsig#sha1"/><DigestValue>ENntmgpa4Vcx3ox2an10gDwhfCk=</DigestValue></Reference></SignedInfo><SignatureValue>s559e7pT2n1s3Cy2mxUyGeQGAVEQRh1IaQsPSt2LxOTprcs4nvzKvuWTIJVWUolZGn/ipSgXZGe/w6d+mRkXQ5gJujGcNmKlAqe+QTWhdohaEsDObuJvhiHCnsG8GGIPpwTyh9DxcXhPo1SaQNFiiPpMBqeukCSdc2X8LgGBev7V8pGzwU+aLWThxU4YzBbfoAEoNpsi/p+XqxbZrUmwvdxcj5S8P5g3poI9sZzdeMaOypDl0SgSgylgU6JoxiBIYa7VzoUEv7RwvNRKjCBTAwYCCB1pypLx7ikU6K3/wg4l2QZD1lfOU52Q9G6Qe7KemTyIT5y9dkgHsVMwQ0COuQ==</SignatureValue><KeyInfo><X509Data><X509Certificate>MIIHfTCCBWWgAwIBAgIIeUF1+tGPJSUwDQYJKoZIhvcNAQELBQAwczELMAkGA1UEBhMCQlIxEzARBgNVBAoTCklDUC1CcmFzaWwxNjA0BgNVBAsTLVNlY3JldGFyaWEgZGEgUmVjZWl0YSBGZWRlcmFsIGRvIEJyYXNpbCAtIFJGQjEXMBUGA1UEAxMOQUMgQ05ETCBSRkIgdjMwHhcNMjUwMjEwMTI0NzE5WhcNMjYwMjEwMTI0NzE5WjCB+zELMAkGA1UEBhMCQlIxEzARBgNVBAoTCklDUC1CcmFzaWwxCzAJBgNVBAgTAlBCMRQwEgYDVQQHEwtKT0FPIFBFU1NPQTEXMBUGA1UECxMOMDkxMTc2MzEwMDAxNjAxNjA0BgNVBAsTLVNlY3JldGFyaWEgZGEgUmVjZWl0YSBGZWRlcmFsIGRvIEJyYXNpbCAtIFJGQjEWMBQGA1UECxMNUkZCIGUtQ05QSiBBMTEZMBcGA1UECxMQdmlkZW9jb25mZXJlbmNpYTEwMC4GA1UEAxMnQVVUTyBFTEVUUklDQSBERU1JUiBMVERBOjEyMjYwNzIzMDAwMTA5MIIBIjANBgkqhkiG9w0BAQEFAAOCAQ8AMIIBCgKCAQEAyRmv1XkNFE1/Z8XC8Dt7a8et4i1TSbfxtSMu2zNxvAu1L6BqbOS21Thwo+7dxL2+OlwDmw8/a3pXBrZQ89sQZ3UfwEt2Vc+iaM+0sOLgrXPDWJxVypYzAwDij9/F3WW2Kr/NoWsd7X2rvKZkOPUCgOsZ4FhGzeIxa1ev9z8nkmwrX8HpSmq/YgtlQpqMcZo/KKKxB6A+VFziaw/MHwJr0Y5pzJJqLoQhDpPL4cMvUSThDXyMnzzI5RdOe7a0faXIEXyQK5XDB1zONv2mzyAIZYuTJEivnwDc5MQF/XXPVYDk+A4Xj3bBIWQ37FlXo2AS/RMFWl66T9KIzndJqDVYNQIDAQABo4ICijCCAoYwHwYDVR0jBBgwFoAUax80FUEa6pseyiLSzt3vu+kyyokwDgYDVR0PAQH/BAQDAgXgMGcGA1UdIARgMF4wXAYGYEwBAgE0MFIwUAYIKwYBBQUHAgEWRGh0dHA6Ly9yZXBvc2l0b3Jpby5hY3NwY2JyYXNpbC5vcmcuYnIvYWMtY25kbHJmYi9hYy1jbmRsLXJmYi1kcGMucGRmMIGmBgNVHR8EgZ4wgZswS6BJoEeGRWh0dHA6Ly9yZXBvc2l0b3Jpby5hY3NwY2JyYXNpbC5vcmcuYnIvYWMtY25kbHJmYi9sY3ItYWMtY25kbHJmYnY1LmNybDBMoEqgSIZGaHR0cDovL3JlcG9zaXRvcmlvMi5hY3NwY2JyYXNpbC5vcmcuYnIvYWMtY25kbHJmYi9sY3ItYWMtY25kbHJmYnY1LmNybDBdBggrBgEFBQcBAQRRME8wTQYIKwYBBQUHMAKGQWh0dHA6Ly9yZXBvc2l0b3Jpby5hY3NwY2JyYXNpbC5vcmcuYnIvYWMtY25kbHJmYi9hYy1jbmRscmZidjUucDdiMIG3BgNVHREEga8wgayBGkZJTkFOQ0VJUk8uREVNSVJAR01BSUwuQ09NoCAGBWBMAQMCoBcTFUVETUlSIERFIExJTUEgTUFSVElOU6AZBgVgTAEDA6AQEw4xMjI2MDcyMzAwMDEwOaA4BgVgTAEDBKAvEy0wODEyMTk4MzA1MDkyNzA1NDkzMDAwMDAwMDAwMDAwMDAwMDAwMDAwMDAwMDCgFwYFYEwBAwegDhMMMDAwMDAwMDAwMDAwMB0GA1UdJQQWMBQGCCsGAQUFBwMCBggrBgEFBQcDBDAJBgNVHRMEAjAAMA0GCSqGSIb3DQEBCwUAA4ICAQA2hVDKQGMJVBWLQUXbEUBo/61gJjZAIKEfvVuRMxstx30qr3DcfEkBeL37nq9AA718p8Vo0aWkeB8S0JsntWjPVFEox0tbBCiChg3qfI2cA0IO1+H/084ZbdfrGxf83co+voIBcRpS5I/CZvqYa2ZZHDGThfMQSm7tvD2rZ2z/v8x/rvKSIkjQfUw6I87UY5X94bhR/mm/HjdXYTcvLkGDJTYpJXuGKaP8cjHORn8xHkk3MTYNWsWsmMHTECJSeZxnWaJfHfzLaZpUfAt9iK0Vh/5qGxteHRD/3sPl5VgCAmdR/i0M5IWYVL0xr+nCi7AH4wfbdvjkYLBe3gQBFY1DuNuAp9tzihBEg59ZqDySddaexWm0oy6v3pwuBTr7LGzvVWEODLTpmNOf8MDh6HPSgpccqc/XtmFo+LT0LIVeCE8Fj5FFj5p+qVdhlLgl0KgxVtxtwcfTpGd1FH1KF+VNK8EHwTf9jpNP+XRZmpBjcS6ZA2f6WaGN6DJTJMSZMTvy67i8Xu8N5UQoQBt+rXXKWgUXvbtmwN1mLmJCYaL0IRzqof0BcFVZWF8oU9vIkoKQbkRFk6WLUonkwgK5WGYfYHXnqRIBKRTgrnrLhrFeNIQ3VFSLT3M8hLw1C1R8wPmafDy90NqA0MoMe7P8QoTWzb2eczLhMslRBP52KRYbXA==</X509Certificate></X509Data></KeyInfo></Signature></NFe>	<?xml version="1.0" encoding="UTF-8"?><nfeProc xmlns="http://www.portalfiscal.inf.br/nfe" versao="4.00"><NFe xmlns="http://www.portalfiscal.inf.br/nfe"><infNFe Id="NFe25260112260723000109550990000000081563654227" versao="4.00"><ide><cUF>25</cUF><cNF>56365422</cNF><natOp>VENDA DE MERCADORIA</natOp><mod>55</mod><serie>99</serie><nNF>8</nNF><dhEmi>2026-01-31T19:19:05-03:00</dhEmi><tpNF>1</tpNF><idDest>1</idDest><cMunFG>2507507</cMunFG><tpImp>1</tpImp><tpEmis>1</tpEmis><cDV>7</cDV><tpAmb>2</tpAmb><finNFe>1</finNFe><indFinal>1</indFinal><indPres>1</indPres><procEmi>0</procEmi><verProc>ERPOficina 1.0.0</verProc></ide><emit><CNPJ>12260723000109</CNPJ><xNome>AUTO ELETRICA DEMIR LTDA</xNome><xFant>DEMIR INJECAO ELETRONICA A DIESEL</xFant><enderEmit><xLgr>RUA JORNALISTA JOSE RAMALHO</xLgr><nro>33</nro><xCpl>SALA 05</xCpl><xBairro>COSTA E SILVA</xBairro><cMun>2507507</cMun><xMun>JOAO PESSOA</xMun><UF>PB</UF><CEP>58081110</CEP><cPais>1058</cPais><xPais>BRASIL</xPais><fone>8332337025</fone></enderEmit><IE>161726542</IE><CRT>3</CRT></emit><dest><CPF>70869037447</CPF><xNome>NF-E EMITIDA EM AMBIENTE DE HOMOLOGACAO - SEM VALOR FISCAL</xNome><enderDest><xLgr>Rodovia BR-101</xLgr><nro>S/N</nro><xBairro>Imaculada</xBairro><cMun>2507507</cMun><xMun>Bayeux</xMun><UF>PB</UF><CEP>58111001</CEP><cPais>1058</cPais><xPais>BRASIL</xPais><fone>83998737170</fone></enderDest><indIEDest>9</indIEDest></dest><det nItem="1"><prod><cProd>26</cProd><cEAN>SEM GTIN</cEAN><xProd>Filtro de Óleo Wega WO-120</xProd><NCM>84212300</NCM><CFOP>5102</CFOP><uCom>UN</uCom><qCom>1.00</qCom><vUnCom>39.90</vUnCom><vProd>39.90</vProd><cEANTrib>SEM GTIN</cEANTrib><uTrib>UN</uTrib><qTrib>1.00</qTrib><vUnTrib>39.90</vUnTrib><indTot>1</indTot></prod><imposto><ICMS><ICMS00><orig>0</orig><CST>00</CST><modBC>3</modBC><vBC>39.90</vBC><pICMS>18.00</pICMS><vICMS>7.18</vICMS></ICMS00></ICMS><PIS><PISAliq><CST>01</CST><vBC>39.90</vBC><pPIS>1.65</pPIS><vPIS>0.66</vPIS></PISAliq></PIS><COFINS><COFINSAliq><CST>01</CST><vBC>39.90</vBC><pCOFINS>7.60</pCOFINS><vCOFINS>3.03</vCOFINS></COFINSAliq></COFINS></imposto></det><total><ICMSTot><vBC>39.90</vBC><vICMS>7.18</vICMS><vICMSDeson>0.00</vICMSDeson><vFCP>0.00</vFCP><vBCST>0.00</vBCST><vST>0.00</vST><vFCPST>0.00</vFCPST><vFCPSTRet>0.00</vFCPSTRet><vProd>39.90</vProd><vFrete>0.00</vFrete><vSeg>0.00</vSeg><vDesc>0.00</vDesc><vII>0.00</vII><vIPI>0.00</vIPI><vIPIDevol>0.00</vIPIDevol><vPIS>0.66</vPIS><vCOFINS>3.03</vCOFINS><vOutro>0.00</vOutro><vNF>39.90</vNF></ICMSTot></total><transp><modFrete>9</modFrete></transp><pag><detPag><tPag>01</tPag><vPag>39.90</vPag></detPag></pag><infAdic><infCpl>NF-e de venda de mercadoria.</infCpl></infAdic><infRespTec><CNPJ>58598900000162</CNPJ><xContato>FIGO Softwares</xContato><email>figo.devtech@gmail.com</email><fone>83987872668</fone></infRespTec></infNFe><Signature xmlns="http://www.w3.org/2000/09/xmldsig#"><SignedInfo><CanonicalizationMethod Algorithm="http://www.w3.org/TR/2001/REC-xml-c14n-20010315"/><SignatureMethod Algorithm="http://www.w3.org/2000/09/xmldsig#rsa-sha1"/><Reference URI="#NFe25260112260723000109550990000000081563654227"><Transforms><Transform Algorithm="http://www.w3.org/2000/09/xmldsig#enveloped-signature"/><Transform Algorithm="http://www.w3.org/TR/2001/REC-xml-c14n-20010315"/></Transforms><DigestMethod Algorithm="http://www.w3.org/2000/09/xmldsig#sha1"/><DigestValue>ENntmgpa4Vcx3ox2an10gDwhfCk=</DigestValue></Reference></SignedInfo><SignatureValue>s559e7pT2n1s3Cy2mxUyGeQGAVEQRh1IaQsPSt2LxOTprcs4nvzKvuWTIJVWUolZGn/ipSgXZGe/w6d+mRkXQ5gJujGcNmKlAqe+QTWhdohaEsDObuJvhiHCnsG8GGIPpwTyh9DxcXhPo1SaQNFiiPpMBqeukCSdc2X8LgGBev7V8pGzwU+aLWThxU4YzBbfoAEoNpsi/p+XqxbZrUmwvdxcj5S8P5g3poI9sZzdeMaOypDl0SgSgylgU6JoxiBIYa7VzoUEv7RwvNRKjCBTAwYCCB1pypLx7ikU6K3/wg4l2QZD1lfOU52Q9G6Qe7KemTyIT5y9dkgHsVMwQ0COuQ==</SignatureValue><KeyInfo><X509Data><X509Certificate>MIIHfTCCBWWgAwIBAgIIeUF1+tGPJSUwDQYJKoZIhvcNAQELBQAwczELMAkGA1UEBhMCQlIxEzARBgNVBAoTCklDUC1CcmFzaWwxNjA0BgNVBAsTLVNlY3JldGFyaWEgZGEgUmVjZWl0YSBGZWRlcmFsIGRvIEJyYXNpbCAtIFJGQjEXMBUGA1UEAxMOQUMgQ05ETCBSRkIgdjMwHhcNMjUwMjEwMTI0NzE5WhcNMjYwMjEwMTI0NzE5WjCB+zELMAkGA1UEBhMCQlIxEzARBgNVBAoTCklDUC1CcmFzaWwxCzAJBgNVBAgTAlBCMRQwEgYDVQQHEwtKT0FPIFBFU1NPQTEXMBUGA1UECxMOMDkxMTc2MzEwMDAxNjAxNjA0BgNVBAsTLVNlY3JldGFyaWEgZGEgUmVjZWl0YSBGZWRlcmFsIGRvIEJyYXNpbCAtIFJGQjEWMBQGA1UECxMNUkZCIGUtQ05QSiBBMTEZMBcGA1UECxMQdmlkZW9jb25mZXJlbmNpYTEwMC4GA1UEAxMnQVVUTyBFTEVUUklDQSBERU1JUiBMVERBOjEyMjYwNzIzMDAwMTA5MIIBIjANBgkqhkiG9w0BAQEFAAOCAQ8AMIIBCgKCAQEAyRmv1XkNFE1/Z8XC8Dt7a8et4i1TSbfxtSMu2zNxvAu1L6BqbOS21Thwo+7dxL2+OlwDmw8/a3pXBrZQ89sQZ3UfwEt2Vc+iaM+0sOLgrXPDWJxVypYzAwDij9/F3WW2Kr/NoWsd7X2rvKZkOPUCgOsZ4FhGzeIxa1ev9z8nkmwrX8HpSmq/YgtlQpqMcZo/KKKxB6A+VFziaw/MHwJr0Y5pzJJqLoQhDpPL4cMvUSThDXyMnzzI5RdOe7a0faXIEXyQK5XDB1zONv2mzyAIZYuTJEivnwDc5MQF/XXPVYDk+A4Xj3bBIWQ37FlXo2AS/RMFWl66T9KIzndJqDVYNQIDAQABo4ICijCCAoYwHwYDVR0jBBgwFoAUax80FUEa6pseyiLSzt3vu+kyyokwDgYDVR0PAQH/BAQDAgXgMGcGA1UdIARgMF4wXAYGYEwBAgE0MFIwUAYIKwYBBQUHAgEWRGh0dHA6Ly9yZXBvc2l0b3Jpby5hY3NwY2JyYXNpbC5vcmcuYnIvYWMtY25kbHJmYi9hYy1jbmRsLXJmYi1kcGMucGRmMIGmBgNVHR8EgZ4wgZswS6BJoEeGRWh0dHA6Ly9yZXBvc2l0b3Jpby5hY3NwY2JyYXNpbC5vcmcuYnIvYWMtY25kbHJmYi9sY3ItYWMtY25kbHJmYnY1LmNybDBMoEqgSIZGaHR0cDovL3JlcG9zaXRvcmlvMi5hY3NwY2JyYXNpbC5vcmcuYnIvYWMtY25kbHJmYi9sY3ItYWMtY25kbHJmYnY1LmNybDBdBggrBgEFBQcBAQRRME8wTQYIKwYBBQUHMAKGQWh0dHA6Ly9yZXBvc2l0b3Jpby5hY3NwY2JyYXNpbC5vcmcuYnIvYWMtY25kbHJmYi9hYy1jbmRscmZidjUucDdiMIG3BgNVHREEga8wgayBGkZJTkFOQ0VJUk8uREVNSVJAR01BSUwuQ09NoCAGBWBMAQMCoBcTFUVETUlSIERFIExJTUEgTUFSVElOU6AZBgVgTAEDA6AQEw4xMjI2MDcyMzAwMDEwOaA4BgVgTAEDBKAvEy0wODEyMTk4MzA1MDkyNzA1NDkzMDAwMDAwMDAwMDAwMDAwMDAwMDAwMDAwMDCgFwYFYEwBAwegDhMMMDAwMDAwMDAwMDAwMB0GA1UdJQQWMBQGCCsGAQUFBwMCBggrBgEFBQcDBDAJBgNVHRMEAjAAMA0GCSqGSIb3DQEBCwUAA4ICAQA2hVDKQGMJVBWLQUXbEUBo/61gJjZAIKEfvVuRMxstx30qr3DcfEkBeL37nq9AA718p8Vo0aWkeB8S0JsntWjPVFEox0tbBCiChg3qfI2cA0IO1+H/084ZbdfrGxf83co+voIBcRpS5I/CZvqYa2ZZHDGThfMQSm7tvD2rZ2z/v8x/rvKSIkjQfUw6I87UY5X94bhR/mm/HjdXYTcvLkGDJTYpJXuGKaP8cjHORn8xHkk3MTYNWsWsmMHTECJSeZxnWaJfHfzLaZpUfAt9iK0Vh/5qGxteHRD/3sPl5VgCAmdR/i0M5IWYVL0xr+nCi7AH4wfbdvjkYLBe3gQBFY1DuNuAp9tzihBEg59ZqDySddaexWm0oy6v3pwuBTr7LGzvVWEODLTpmNOf8MDh6HPSgpccqc/XtmFo+LT0LIVeCE8Fj5FFj5p+qVdhlLgl0KgxVtxtwcfTpGd1FH1KF+VNK8EHwTf9jpNP+XRZmpBjcS6ZA2f6WaGN6DJTJMSZMTvy67i8Xu8N5UQoQBt+rXXKWgUXvbtmwN1mLmJCYaL0IRzqof0BcFVZWF8oU9vIkoKQbkRFk6WLUonkwgK5WGYfYHXnqRIBKRTgrnrLhrFeNIQ3VFSLT3M8hLw1C1R8wPmafDy90NqA0MoMe7P8QoTWzb2eczLhMslRBP52KRYbXA==</X509Certificate></X509Data></KeyInfo></Signature></NFe><protNFe versao="4.00"><infProt><tpAmb>2</tpAmb><verAplic>SVRS2512230852</verAplic><chNFe>25260112260723000109550990000000081563654227</chNFe><dhRecbto>2026-01-31T19:18:38-03:00</dhRecbto><nProt>325260000004013</nProt><digVal>ENntmgpa4Vcx3ox2an10gDwhfCk=</digVal><cStat>100</cStat><xMotivo>Autorizado o uso da NF-e</xMotivo></infProt></protNFe></nfeProc>	\N	2026-01-31 22:18:18.203561+00	2026-01-31 22:19:25.689+00	1	\N	\N	\N	\N	\N	f	\N	\N	\N	\N
9	NFE	99	9	25260112260723000109550990000000091622268941	HOMOLOGACAO	RASCUNHO	\N	\N	\N	2026-02-01 01:17:53.151+00	\N	\N	399.00	0.00	399.00	<?xml version="1.0" encoding="UTF-8"?><NFe xmlns="http://www.portalfiscal.inf.br/nfe"><infNFe Id="NFe25260112260723000109550990000000091622268941" versao="4.00"><ide><cUF>25</cUF><cNF>62226894</cNF><natOp>ENTRADA DE MERCADORIA</natOp><mod>55</mod><serie>99</serie><nNF>9</nNF><dhEmi>2026-01-31T22:17:53-03:00</dhEmi><tpNF>0</tpNF><idDest>1</idDest><cMunFG>2507507</cMunFG><tpImp>1</tpImp><tpEmis>1</tpEmis><cDV>1</cDV><tpAmb>2</tpAmb><finNFe>1</finNFe><indFinal>1</indFinal><indPres>1</indPres><procEmi>0</procEmi><verProc>ERPOficina 1.0.0</verProc></ide><emit><CNPJ>12260723000109</CNPJ><xNome>AUTO ELETRICA DEMIR LTDA</xNome><xFant>DEMIR INJECAO ELETRONICA A DIESEL</xFant><enderEmit><xLgr>RUA JORNALISTA JOSE RAMALHO</xLgr><nro>33</nro><xCpl>SALA 05</xCpl><xBairro>COSTA E SILVA</xBairro><cMun>2507507</cMun><xMun>JOAO PESSOA</xMun><UF>PB</UF><CEP>58081110</CEP><cPais>1058</cPais><xPais>BRASIL</xPais><fone>8332337025</fone></enderEmit><IE>161726542</IE><CRT>3</CRT></emit><dest><CNPJ>39788312000147</CNPJ><xNome>BRUNO BORGES DE MEDEIROS</xNome><enderDest><xLgr>Av Emilio Ribas</xLgr><nro>S/N</nro><xBairro></xBairro><cMun>0000000</cMun><xMun>Guarulhos</xMun><UF>SP</UF><CEP>7020010</CEP><cPais>1058</cPais><xPais>BRASIL</xPais></enderDest><indIEDest>9</indIEDest></dest><det nItem="1"><prod><cProd>26</cProd><cEAN>SEM GTIN</cEAN><xProd>Filtro de Óleo Wega WO-120</xProd><NCM>84212300</NCM><CFOP>5102</CFOP><uCom>UN</uCom><qCom>10.00</qCom><vUnCom>39.90</vUnCom><vProd>399.00</vProd><cEANTrib>SEM GTIN</cEANTrib><uTrib>UN</uTrib><qTrib>10.00</qTrib><vUnTrib>39.90</vUnTrib><indTot>1</indTot></prod><imposto><ICMS><ICMS00><orig>0</orig><CST>041</CST><modBC>3</modBC><vBC>399.00</vBC><pICMS>18.00</pICMS><vICMS>71.82</vICMS></ICMS00></ICMS><PIS><PISAliq><CST>01</CST><vBC>399.00</vBC><pPIS>1.65</pPIS><vPIS>6.58</vPIS></PISAliq></PIS><COFINS><COFINSAliq><CST>01</CST><vBC>399.00</vBC><pCOFINS>7.60</pCOFINS><vCOFINS>30.32</vCOFINS></COFINSAliq></COFINS></imposto></det><total><ICMSTot><vBC>399.00</vBC><vICMS>71.82</vICMS><vICMSDeson>0.00</vICMSDeson><vFCP>0.00</vFCP><vBCST>0.00</vBCST><vST>0.00</vST><vFCPST>0.00</vFCPST><vFCPSTRet>0.00</vFCPSTRet><vProd>399.00</vProd><vFrete>0.00</vFrete><vSeg>0.00</vSeg><vDesc>0.00</vDesc><vII>0.00</vII><vIPI>0.00</vIPI><vIPIDevol>0.00</vIPIDevol><vPIS>6.58</vPIS><vCOFINS>30.32</vCOFINS><vOutro>0.00</vOutro><vNF>399.00</vNF></ICMSTot></total><transp><modFrete>9</modFrete></transp><pag><detPag><tPag>01</tPag><vPag>399.00</vPag></detPag></pag><infAdic><infCpl>NF-e de entrada de mercadoria.</infCpl></infAdic><infRespTec><CNPJResp>58598900000162</CNPJResp><xContato>FIGO Softwares</xContato><email>figo.devtech@gmail.com</email><fone>83987872668</fone></infRespTec></infNFe></NFe>	\N	\N	2026-02-01 01:17:06.757013+00	2026-02-01 01:17:53.466+00	1	\N	5102	\N	\N	\N	f	\N	3	19	\N
10	NFE	99	10	25260112260723000109550990000000101919019657	HOMOLOGACAO	REJEITADA	\N	5	680	2026-02-01 01:19:30.035194+00	\N	\N	39.90	0.00	39.90	<?xml version="1.0" encoding="UTF-8"?><NFe xmlns="http://www.portalfiscal.inf.br/nfe"><infNFe Id="NFe25260112260723000109550990000000101919019657" versao="4.00"><ide><cUF>25</cUF><cNF>91901965</cNF><natOp>VENDA DE MERCADORIA</natOp><mod>55</mod><serie>99</serie><nNF>10</nNF><dhEmi>2026-01-31T22:20:17-03:00</dhEmi><tpNF>1</tpNF><idDest>1</idDest><cMunFG>2507507</cMunFG><tpImp>1</tpImp><tpEmis>1</tpEmis><cDV>7</cDV><tpAmb>2</tpAmb><finNFe>1</finNFe><indFinal>1</indFinal><indPres>1</indPres><procEmi>0</procEmi><verProc>ERPOficina 1.0.0</verProc></ide><emit><CNPJ>12260723000109</CNPJ><xNome>AUTO ELETRICA DEMIR LTDA</xNome><xFant>DEMIR INJECAO ELETRONICA A DIESEL</xFant><enderEmit><xLgr>RUA JORNALISTA JOSE RAMALHO</xLgr><nro>33</nro><xCpl>SALA 05</xCpl><xBairro>COSTA E SILVA</xBairro><cMun>2507507</cMun><xMun>JOAO PESSOA</xMun><UF>PB</UF><CEP>58081110</CEP><cPais>1058</cPais><xPais>BRASIL</xPais><fone>8332337025</fone></enderEmit><IE>161726542</IE><CRT>3</CRT></emit><dest><CPF>70869037447</CPF><xNome>Bruno Lucas Batista de Lima</xNome><enderDest><xLgr>Rodovia BR-101</xLgr><nro>S/N</nro><xBairro>Imaculada</xBairro><cMun>2507507</cMun><xMun>Bayeux</xMun><UF>PB</UF><CEP>58111001</CEP><cPais>1058</cPais><xPais>BRASIL</xPais><fone>83998737170</fone></enderDest><indIEDest>9</indIEDest></dest><det nItem="1"><prod><cProd>26</cProd><cEAN>SEM GTIN</cEAN><xProd>Filtro de Óleo Wega WO-120</xProd><NCM>84212300</NCM><CFOP>5102</CFOP><uCom>UN</uCom><qCom>1.00</qCom><vUnCom>39.90</vUnCom><vProd>39.90</vProd><cEANTrib>SEM GTIN</cEANTrib><uTrib>UN</uTrib><qTrib>1.00</qTrib><vUnTrib>39.90</vUnTrib><indTot>1</indTot></prod><imposto><ICMS><ICMS00><orig>0</orig><CST>00</CST><modBC>3</modBC><vBC>39.90</vBC><pICMS>18.00</pICMS><vICMS>7.18</vICMS></ICMS00></ICMS><PIS><PISAliq><CST>01</CST><vBC>39.90</vBC><pPIS>1.65</pPIS><vPIS>0.66</vPIS></PISAliq></PIS><COFINS><COFINSAliq><CST>01</CST><vBC>39.90</vBC><pCOFINS>7.60</pCOFINS><vCOFINS>3.03</vCOFINS></COFINSAliq></COFINS></imposto></det><total><ICMSTot><vBC>39.90</vBC><vICMS>7.18</vICMS><vICMSDeson>0.00</vICMSDeson><vFCP>0.00</vFCP><vBCST>0.00</vBCST><vST>0.00</vST><vFCPST>0.00</vFCPST><vFCPSTRet>0.00</vFCPSTRet><vProd>39.90</vProd><vFrete>0.00</vFrete><vSeg>0.00</vSeg><vDesc>0.00</vDesc><vII>0.00</vII><vIPI>0.00</vIPI><vIPIDevol>0.00</vIPIDevol><vPIS>0.66</vPIS><vCOFINS>3.03</vCOFINS><vOutro>0.00</vOutro><vNF>39.90</vNF></ICMSTot></total><transp><modFrete>9</modFrete></transp><pag><detPag><tPag>01</tPag><vPag>39.90</vPag></detPag></pag><infAdic><infCpl>NF-e de venda de mercadoria.</infCpl></infAdic><infRespTec><CNPJ>58598900000162</CNPJ><xContato>FIGO Softwares</xContato><email>figo.devtech@gmail.com</email><fone>83987872668</fone></infRespTec></infNFe><Signature xmlns="http://www.w3.org/2000/09/xmldsig#"><SignedInfo><CanonicalizationMethod Algorithm="http://www.w3.org/TR/2001/REC-xml-c14n-20010315"/><SignatureMethod Algorithm="http://www.w3.org/2000/09/xmldsig#rsa-sha1"/><Reference URI="#NFe25260112260723000109550990000000101919019657"><Transforms><Transform Algorithm="http://www.w3.org/2000/09/xmldsig#enveloped-signature"/><Transform Algorithm="http://www.w3.org/TR/2001/REC-xml-c14n-20010315"/></Transforms><DigestMethod Algorithm="http://www.w3.org/2000/09/xmldsig#sha1"/><DigestValue>U+mh34yWkftI3W/agIxcyQTPayQ=</DigestValue></Reference></SignedInfo><SignatureValue>ZjBgTpIEACI9Rhdy91mD1OBFCSL6YsHuTCoUg1fE4XEKJ4Ge+oW0w4W8e2idzALwiYTuKHcLP0SUoHPdGciGJlP9iTC1QL0mgQ7NmX6RknF69Mi59hNVYe0MWSEFSjYR1XmEdyibhpcpKQ18IvaPCEoKW9hdvzsUO8uKFuGySRsLqHObMSH4RM3lubGqUuROi3A0rSPaRHHBjZCpt6rQs1pcPA+7sXomEpB2CEa6EHUc1mWsTil6m25ufz8OF9hBt9pW5NS0c6c/lngJgD648SwGIcIfLLkuPY/KmtWtmfKtHSKlaStBs2smzbkFZvU/bHR9A1WUanE2YUYYipJIqA==</SignatureValue><KeyInfo><X509Data><X509Certificate>MIIHfTCCBWWgAwIBAgIIeUF1+tGPJSUwDQYJKoZIhvcNAQELBQAwczELMAkGA1UEBhMCQlIxEzARBgNVBAoTCklDUC1CcmFzaWwxNjA0BgNVBAsTLVNlY3JldGFyaWEgZGEgUmVjZWl0YSBGZWRlcmFsIGRvIEJyYXNpbCAtIFJGQjEXMBUGA1UEAxMOQUMgQ05ETCBSRkIgdjMwHhcNMjUwMjEwMTI0NzE5WhcNMjYwMjEwMTI0NzE5WjCB+zELMAkGA1UEBhMCQlIxEzARBgNVBAoTCklDUC1CcmFzaWwxCzAJBgNVBAgTAlBCMRQwEgYDVQQHEwtKT0FPIFBFU1NPQTEXMBUGA1UECxMOMDkxMTc2MzEwMDAxNjAxNjA0BgNVBAsTLVNlY3JldGFyaWEgZGEgUmVjZWl0YSBGZWRlcmFsIGRvIEJyYXNpbCAtIFJGQjEWMBQGA1UECxMNUkZCIGUtQ05QSiBBMTEZMBcGA1UECxMQdmlkZW9jb25mZXJlbmNpYTEwMC4GA1UEAxMnQVVUTyBFTEVUUklDQSBERU1JUiBMVERBOjEyMjYwNzIzMDAwMTA5MIIBIjANBgkqhkiG9w0BAQEFAAOCAQ8AMIIBCgKCAQEAyRmv1XkNFE1/Z8XC8Dt7a8et4i1TSbfxtSMu2zNxvAu1L6BqbOS21Thwo+7dxL2+OlwDmw8/a3pXBrZQ89sQZ3UfwEt2Vc+iaM+0sOLgrXPDWJxVypYzAwDij9/F3WW2Kr/NoWsd7X2rvKZkOPUCgOsZ4FhGzeIxa1ev9z8nkmwrX8HpSmq/YgtlQpqMcZo/KKKxB6A+VFziaw/MHwJr0Y5pzJJqLoQhDpPL4cMvUSThDXyMnzzI5RdOe7a0faXIEXyQK5XDB1zONv2mzyAIZYuTJEivnwDc5MQF/XXPVYDk+A4Xj3bBIWQ37FlXo2AS/RMFWl66T9KIzndJqDVYNQIDAQABo4ICijCCAoYwHwYDVR0jBBgwFoAUax80FUEa6pseyiLSzt3vu+kyyokwDgYDVR0PAQH/BAQDAgXgMGcGA1UdIARgMF4wXAYGYEwBAgE0MFIwUAYIKwYBBQUHAgEWRGh0dHA6Ly9yZXBvc2l0b3Jpby5hY3NwY2JyYXNpbC5vcmcuYnIvYWMtY25kbHJmYi9hYy1jbmRsLXJmYi1kcGMucGRmMIGmBgNVHR8EgZ4wgZswS6BJoEeGRWh0dHA6Ly9yZXBvc2l0b3Jpby5hY3NwY2JyYXNpbC5vcmcuYnIvYWMtY25kbHJmYi9sY3ItYWMtY25kbHJmYnY1LmNybDBMoEqgSIZGaHR0cDovL3JlcG9zaXRvcmlvMi5hY3NwY2JyYXNpbC5vcmcuYnIvYWMtY25kbHJmYi9sY3ItYWMtY25kbHJmYnY1LmNybDBdBggrBgEFBQcBAQRRME8wTQYIKwYBBQUHMAKGQWh0dHA6Ly9yZXBvc2l0b3Jpby5hY3NwY2JyYXNpbC5vcmcuYnIvYWMtY25kbHJmYi9hYy1jbmRscmZidjUucDdiMIG3BgNVHREEga8wgayBGkZJTkFOQ0VJUk8uREVNSVJAR01BSUwuQ09NoCAGBWBMAQMCoBcTFUVETUlSIERFIExJTUEgTUFSVElOU6AZBgVgTAEDA6AQEw4xMjI2MDcyMzAwMDEwOaA4BgVgTAEDBKAvEy0wODEyMTk4MzA1MDkyNzA1NDkzMDAwMDAwMDAwMDAwMDAwMDAwMDAwMDAwMDCgFwYFYEwBAwegDhMMMDAwMDAwMDAwMDAwMB0GA1UdJQQWMBQGCCsGAQUFBwMCBggrBgEFBQcDBDAJBgNVHRMEAjAAMA0GCSqGSIb3DQEBCwUAA4ICAQA2hVDKQGMJVBWLQUXbEUBo/61gJjZAIKEfvVuRMxstx30qr3DcfEkBeL37nq9AA718p8Vo0aWkeB8S0JsntWjPVFEox0tbBCiChg3qfI2cA0IO1+H/084ZbdfrGxf83co+voIBcRpS5I/CZvqYa2ZZHDGThfMQSm7tvD2rZ2z/v8x/rvKSIkjQfUw6I87UY5X94bhR/mm/HjdXYTcvLkGDJTYpJXuGKaP8cjHORn8xHkk3MTYNWsWsmMHTECJSeZxnWaJfHfzLaZpUfAt9iK0Vh/5qGxteHRD/3sPl5VgCAmdR/i0M5IWYVL0xr+nCi7AH4wfbdvjkYLBe3gQBFY1DuNuAp9tzihBEg59ZqDySddaexWm0oy6v3pwuBTr7LGzvVWEODLTpmNOf8MDh6HPSgpccqc/XtmFo+LT0LIVeCE8Fj5FFj5p+qVdhlLgl0KgxVtxtwcfTpGd1FH1KF+VNK8EHwTf9jpNP+XRZmpBjcS6ZA2f6WaGN6DJTJMSZMTvy67i8Xu8N5UQoQBt+rXXKWgUXvbtmwN1mLmJCYaL0IRzqof0BcFVZWF8oU9vIkoKQbkRFk6WLUonkwgK5WGYfYHXnqRIBKRTgrnrLhrFeNIQ3VFSLT3M8hLw1C1R8wPmafDy90NqA0MoMe7P8QoTWzb2eczLhMslRBP52KRYbXA==</X509Certificate></X509Data></KeyInfo></Signature></NFe>	<?xml version="1.0" encoding="UTF-8"?><nfeProc xmlns="http://www.portalfiscal.inf.br/nfe" versao="4.00"><NFe xmlns="http://www.portalfiscal.inf.br/nfe"><infNFe Id="NFe25260112260723000109550990000000101919019657" versao="4.00"><ide><cUF>25</cUF><cNF>91901965</cNF><natOp>VENDA DE MERCADORIA</natOp><mod>55</mod><serie>99</serie><nNF>10</nNF><dhEmi>2026-01-31T22:20:17-03:00</dhEmi><tpNF>1</tpNF><idDest>1</idDest><cMunFG>2507507</cMunFG><tpImp>1</tpImp><tpEmis>1</tpEmis><cDV>7</cDV><tpAmb>2</tpAmb><finNFe>1</finNFe><indFinal>1</indFinal><indPres>1</indPres><procEmi>0</procEmi><verProc>ERPOficina 1.0.0</verProc></ide><emit><CNPJ>12260723000109</CNPJ><xNome>AUTO ELETRICA DEMIR LTDA</xNome><xFant>DEMIR INJECAO ELETRONICA A DIESEL</xFant><enderEmit><xLgr>RUA JORNALISTA JOSE RAMALHO</xLgr><nro>33</nro><xCpl>SALA 05</xCpl><xBairro>COSTA E SILVA</xBairro><cMun>2507507</cMun><xMun>JOAO PESSOA</xMun><UF>PB</UF><CEP>58081110</CEP><cPais>1058</cPais><xPais>BRASIL</xPais><fone>8332337025</fone></enderEmit><IE>161726542</IE><CRT>3</CRT></emit><dest><CPF>70869037447</CPF><xNome>Bruno Lucas Batista de Lima</xNome><enderDest><xLgr>Rodovia BR-101</xLgr><nro>S/N</nro><xBairro>Imaculada</xBairro><cMun>2507507</cMun><xMun>Bayeux</xMun><UF>PB</UF><CEP>58111001</CEP><cPais>1058</cPais><xPais>BRASIL</xPais><fone>83998737170</fone></enderDest><indIEDest>9</indIEDest></dest><det nItem="1"><prod><cProd>26</cProd><cEAN>SEM GTIN</cEAN><xProd>Filtro de Óleo Wega WO-120</xProd><NCM>84212300</NCM><CFOP>5102</CFOP><uCom>UN</uCom><qCom>1.00</qCom><vUnCom>39.90</vUnCom><vProd>39.90</vProd><cEANTrib>SEM GTIN</cEANTrib><uTrib>UN</uTrib><qTrib>1.00</qTrib><vUnTrib>39.90</vUnTrib><indTot>1</indTot></prod><imposto><ICMS><ICMS00><orig>0</orig><CST>00</CST><modBC>3</modBC><vBC>39.90</vBC><pICMS>18.00</pICMS><vICMS>7.18</vICMS></ICMS00></ICMS><PIS><PISAliq><CST>01</CST><vBC>39.90</vBC><pPIS>1.65</pPIS><vPIS>0.66</vPIS></PISAliq></PIS><COFINS><COFINSAliq><CST>01</CST><vBC>39.90</vBC><pCOFINS>7.60</pCOFINS><vCOFINS>3.03</vCOFINS></COFINSAliq></COFINS></imposto></det><total><ICMSTot><vBC>39.90</vBC><vICMS>7.18</vICMS><vICMSDeson>0.00</vICMSDeson><vFCP>0.00</vFCP><vBCST>0.00</vBCST><vST>0.00</vST><vFCPST>0.00</vFCPST><vFCPSTRet>0.00</vFCPSTRet><vProd>39.90</vProd><vFrete>0.00</vFrete><vSeg>0.00</vSeg><vDesc>0.00</vDesc><vII>0.00</vII><vIPI>0.00</vIPI><vIPIDevol>0.00</vIPIDevol><vPIS>0.66</vPIS><vCOFINS>3.03</vCOFINS><vOutro>0.00</vOutro><vNF>39.90</vNF></ICMSTot></total><transp><modFrete>9</modFrete></transp><pag><detPag><tPag>01</tPag><vPag>39.90</vPag></detPag></pag><infAdic><infCpl>NF-e de venda de mercadoria.</infCpl></infAdic><infRespTec><CNPJ>58598900000162</CNPJ><xContato>FIGO Softwares</xContato><email>figo.devtech@gmail.com</email><fone>83987872668</fone></infRespTec></infNFe><Signature xmlns="http://www.w3.org/2000/09/xmldsig#"><SignedInfo><CanonicalizationMethod Algorithm="http://www.w3.org/TR/2001/REC-xml-c14n-20010315"/><SignatureMethod Algorithm="http://www.w3.org/2000/09/xmldsig#rsa-sha1"/><Reference URI="#NFe25260112260723000109550990000000101919019657"><Transforms><Transform Algorithm="http://www.w3.org/2000/09/xmldsig#enveloped-signature"/><Transform Algorithm="http://www.w3.org/TR/2001/REC-xml-c14n-20010315"/></Transforms><DigestMethod Algorithm="http://www.w3.org/2000/09/xmldsig#sha1"/><DigestValue>U+mh34yWkftI3W/agIxcyQTPayQ=</DigestValue></Reference></SignedInfo><SignatureValue>ZjBgTpIEACI9Rhdy91mD1OBFCSL6YsHuTCoUg1fE4XEKJ4Ge+oW0w4W8e2idzALwiYTuKHcLP0SUoHPdGciGJlP9iTC1QL0mgQ7NmX6RknF69Mi59hNVYe0MWSEFSjYR1XmEdyibhpcpKQ18IvaPCEoKW9hdvzsUO8uKFuGySRsLqHObMSH4RM3lubGqUuROi3A0rSPaRHHBjZCpt6rQs1pcPA+7sXomEpB2CEa6EHUc1mWsTil6m25ufz8OF9hBt9pW5NS0c6c/lngJgD648SwGIcIfLLkuPY/KmtWtmfKtHSKlaStBs2smzbkFZvU/bHR9A1WUanE2YUYYipJIqA==</SignatureValue><KeyInfo><X509Data><X509Certificate>MIIHfTCCBWWgAwIBAgIIeUF1+tGPJSUwDQYJKoZIhvcNAQELBQAwczELMAkGA1UEBhMCQlIxEzARBgNVBAoTCklDUC1CcmFzaWwxNjA0BgNVBAsTLVNlY3JldGFyaWEgZGEgUmVjZWl0YSBGZWRlcmFsIGRvIEJyYXNpbCAtIFJGQjEXMBUGA1UEAxMOQUMgQ05ETCBSRkIgdjMwHhcNMjUwMjEwMTI0NzE5WhcNMjYwMjEwMTI0NzE5WjCB+zELMAkGA1UEBhMCQlIxEzARBgNVBAoTCklDUC1CcmFzaWwxCzAJBgNVBAgTAlBCMRQwEgYDVQQHEwtKT0FPIFBFU1NPQTEXMBUGA1UECxMOMDkxMTc2MzEwMDAxNjAxNjA0BgNVBAsTLVNlY3JldGFyaWEgZGEgUmVjZWl0YSBGZWRlcmFsIGRvIEJyYXNpbCAtIFJGQjEWMBQGA1UECxMNUkZCIGUtQ05QSiBBMTEZMBcGA1UECxMQdmlkZW9jb25mZXJlbmNpYTEwMC4GA1UEAxMnQVVUTyBFTEVUUklDQSBERU1JUiBMVERBOjEyMjYwNzIzMDAwMTA5MIIBIjANBgkqhkiG9w0BAQEFAAOCAQ8AMIIBCgKCAQEAyRmv1XkNFE1/Z8XC8Dt7a8et4i1TSbfxtSMu2zNxvAu1L6BqbOS21Thwo+7dxL2+OlwDmw8/a3pXBrZQ89sQZ3UfwEt2Vc+iaM+0sOLgrXPDWJxVypYzAwDij9/F3WW2Kr/NoWsd7X2rvKZkOPUCgOsZ4FhGzeIxa1ev9z8nkmwrX8HpSmq/YgtlQpqMcZo/KKKxB6A+VFziaw/MHwJr0Y5pzJJqLoQhDpPL4cMvUSThDXyMnzzI5RdOe7a0faXIEXyQK5XDB1zONv2mzyAIZYuTJEivnwDc5MQF/XXPVYDk+A4Xj3bBIWQ37FlXo2AS/RMFWl66T9KIzndJqDVYNQIDAQABo4ICijCCAoYwHwYDVR0jBBgwFoAUax80FUEa6pseyiLSzt3vu+kyyokwDgYDVR0PAQH/BAQDAgXgMGcGA1UdIARgMF4wXAYGYEwBAgE0MFIwUAYIKwYBBQUHAgEWRGh0dHA6Ly9yZXBvc2l0b3Jpby5hY3NwY2JyYXNpbC5vcmcuYnIvYWMtY25kbHJmYi9hYy1jbmRsLXJmYi1kcGMucGRmMIGmBgNVHR8EgZ4wgZswS6BJoEeGRWh0dHA6Ly9yZXBvc2l0b3Jpby5hY3NwY2JyYXNpbC5vcmcuYnIvYWMtY25kbHJmYi9sY3ItYWMtY25kbHJmYnY1LmNybDBMoEqgSIZGaHR0cDovL3JlcG9zaXRvcmlvMi5hY3NwY2JyYXNpbC5vcmcuYnIvYWMtY25kbHJmYi9sY3ItYWMtY25kbHJmYnY1LmNybDBdBggrBgEFBQcBAQRRME8wTQYIKwYBBQUHMAKGQWh0dHA6Ly9yZXBvc2l0b3Jpby5hY3NwY2JyYXNpbC5vcmcuYnIvYWMtY25kbHJmYi9hYy1jbmRscmZidjUucDdiMIG3BgNVHREEga8wgayBGkZJTkFOQ0VJUk8uREVNSVJAR01BSUwuQ09NoCAGBWBMAQMCoBcTFUVETUlSIERFIExJTUEgTUFSVElOU6AZBgVgTAEDA6AQEw4xMjI2MDcyMzAwMDEwOaA4BgVgTAEDBKAvEy0wODEyMTk4MzA1MDkyNzA1NDkzMDAwMDAwMDAwMDAwMDAwMDAwMDAwMDAwMDCgFwYFYEwBAwegDhMMMDAwMDAwMDAwMDAwMB0GA1UdJQQWMBQGCCsGAQUFBwMCBggrBgEFBQcDBDAJBgNVHRMEAjAAMA0GCSqGSIb3DQEBCwUAA4ICAQA2hVDKQGMJVBWLQUXbEUBo/61gJjZAIKEfvVuRMxstx30qr3DcfEkBeL37nq9AA718p8Vo0aWkeB8S0JsntWjPVFEox0tbBCiChg3qfI2cA0IO1+H/084ZbdfrGxf83co+voIBcRpS5I/CZvqYa2ZZHDGThfMQSm7tvD2rZ2z/v8x/rvKSIkjQfUw6I87UY5X94bhR/mm/HjdXYTcvLkGDJTYpJXuGKaP8cjHORn8xHkk3MTYNWsWsmMHTECJSeZxnWaJfHfzLaZpUfAt9iK0Vh/5qGxteHRD/3sPl5VgCAmdR/i0M5IWYVL0xr+nCi7AH4wfbdvjkYLBe3gQBFY1DuNuAp9tzihBEg59ZqDySddaexWm0oy6v3pwuBTr7LGzvVWEODLTpmNOf8MDh6HPSgpccqc/XtmFo+LT0LIVeCE8Fj5FFj5p+qVdhlLgl0KgxVtxtwcfTpGd1FH1KF+VNK8EHwTf9jpNP+XRZmpBjcS6ZA2f6WaGN6DJTJMSZMTvy67i8Xu8N5UQoQBt+rXXKWgUXvbtmwN1mLmJCYaL0IRzqof0BcFVZWF8oU9vIkoKQbkRFk6WLUonkwgK5WGYfYHXnqRIBKRTgrnrLhrFeNIQ3VFSLT3M8hLw1C1R8wPmafDy90NqA0MoMe7P8QoTWzb2eczLhMslRBP52KRYbXA==</X509Certificate></X509Data></KeyInfo></Signature></NFe><protNFe versao="4.00"><infProt><tpAmb>2</tpAmb><verAplic>SVRS2512230852</verAplic><chNFe>25260112260723000109550990000000101919019657</chNFe><dhRecbto>2026-01-31T22:22:52-03:00</dhRecbto><digVal>U+mh34yWkftI3W/agIxcyQTPayQ=</digVal><cStat>598</cStat><xMotivo>Rejeicao: NF-e emitida em ambiente de homologacao com Razao Social do destinatario diferente de NF-E EMITIDA EM AMBIENTE DE HOMOLOGACAO - SEM VALOR FISCAL</xMotivo></infProt></protNFe></nfeProc>	\N	2026-02-01 01:19:30.035194+00	2026-02-01 01:23:38.555+00	1	\N	\N	\N	\N	\N	f	\N	\N	\N	\N
11	NFE	99	11	25260112260723000109550990000000111425110014	HOMOLOGACAO	AUTORIZADA	\N	5	680	2026-02-01 01:23:27.583028+00	2026-02-01 01:24:46.692+00	325260000004014	39.90	0.00	39.90	<?xml version="1.0" encoding="UTF-8"?><NFe xmlns="http://www.portalfiscal.inf.br/nfe"><infNFe Id="NFe25260112260723000109550990000000111425110014" versao="4.00"><ide><cUF>25</cUF><cNF>42511001</cNF><natOp>VENDA DE MERCADORIA</natOp><mod>55</mod><serie>99</serie><nNF>11</nNF><dhEmi>2026-01-31T22:24:15-03:00</dhEmi><tpNF>1</tpNF><idDest>1</idDest><cMunFG>2507507</cMunFG><tpImp>1</tpImp><tpEmis>1</tpEmis><cDV>4</cDV><tpAmb>2</tpAmb><finNFe>1</finNFe><indFinal>1</indFinal><indPres>1</indPres><procEmi>0</procEmi><verProc>ERPOficina 1.0.0</verProc></ide><emit><CNPJ>12260723000109</CNPJ><xNome>AUTO ELETRICA DEMIR LTDA</xNome><xFant>DEMIR INJECAO ELETRONICA A DIESEL</xFant><enderEmit><xLgr>RUA JORNALISTA JOSE RAMALHO</xLgr><nro>33</nro><xCpl>SALA 05</xCpl><xBairro>COSTA E SILVA</xBairro><cMun>2507507</cMun><xMun>JOAO PESSOA</xMun><UF>PB</UF><CEP>58081110</CEP><cPais>1058</cPais><xPais>BRASIL</xPais><fone>8332337025</fone></enderEmit><IE>161726542</IE><CRT>3</CRT></emit><dest><CPF>70869037447</CPF><xNome>NF-E EMITIDA EM AMBIENTE DE HOMOLOGACAO - SEM VALOR FISCAL</xNome><enderDest><xLgr>Rodovia BR-101</xLgr><nro>S/N</nro><xBairro>Imaculada</xBairro><cMun>2507507</cMun><xMun>Bayeux</xMun><UF>PB</UF><CEP>58111001</CEP><cPais>1058</cPais><xPais>BRASIL</xPais><fone>83998737170</fone></enderDest><indIEDest>9</indIEDest></dest><det nItem="1"><prod><cProd>26</cProd><cEAN>SEM GTIN</cEAN><xProd>Filtro de Óleo Wega WO-120</xProd><NCM>84212300</NCM><CFOP>5102</CFOP><uCom>UN</uCom><qCom>1.00</qCom><vUnCom>39.90</vUnCom><vProd>39.90</vProd><cEANTrib>SEM GTIN</cEANTrib><uTrib>UN</uTrib><qTrib>1.00</qTrib><vUnTrib>39.90</vUnTrib><indTot>1</indTot></prod><imposto><ICMS><ICMS00><orig>0</orig><CST>00</CST><modBC>3</modBC><vBC>39.90</vBC><pICMS>18.00</pICMS><vICMS>7.18</vICMS></ICMS00></ICMS><PIS><PISAliq><CST>01</CST><vBC>39.90</vBC><pPIS>1.65</pPIS><vPIS>0.66</vPIS></PISAliq></PIS><COFINS><COFINSAliq><CST>01</CST><vBC>39.90</vBC><pCOFINS>7.60</pCOFINS><vCOFINS>3.03</vCOFINS></COFINSAliq></COFINS></imposto></det><total><ICMSTot><vBC>39.90</vBC><vICMS>7.18</vICMS><vICMSDeson>0.00</vICMSDeson><vFCP>0.00</vFCP><vBCST>0.00</vBCST><vST>0.00</vST><vFCPST>0.00</vFCPST><vFCPSTRet>0.00</vFCPSTRet><vProd>39.90</vProd><vFrete>0.00</vFrete><vSeg>0.00</vSeg><vDesc>0.00</vDesc><vII>0.00</vII><vIPI>0.00</vIPI><vIPIDevol>0.00</vIPIDevol><vPIS>0.66</vPIS><vCOFINS>3.03</vCOFINS><vOutro>0.00</vOutro><vNF>39.90</vNF></ICMSTot></total><transp><modFrete>9</modFrete></transp><pag><detPag><tPag>01</tPag><vPag>39.90</vPag></detPag></pag><infAdic><infCpl>NF-e de venda de mercadoria.</infCpl></infAdic><infRespTec><CNPJ>58598900000162</CNPJ><xContato>FIGO Softwares</xContato><email>figo.devtech@gmail.com</email><fone>83987872668</fone></infRespTec></infNFe><Signature xmlns="http://www.w3.org/2000/09/xmldsig#"><SignedInfo><CanonicalizationMethod Algorithm="http://www.w3.org/TR/2001/REC-xml-c14n-20010315"/><SignatureMethod Algorithm="http://www.w3.org/2000/09/xmldsig#rsa-sha1"/><Reference URI="#NFe25260112260723000109550990000000111425110014"><Transforms><Transform Algorithm="http://www.w3.org/2000/09/xmldsig#enveloped-signature"/><Transform Algorithm="http://www.w3.org/TR/2001/REC-xml-c14n-20010315"/></Transforms><DigestMethod Algorithm="http://www.w3.org/2000/09/xmldsig#sha1"/><DigestValue>ti30Zifd1KSV8afPZEgEmIkNhfk=</DigestValue></Reference></SignedInfo><SignatureValue>aJkglyvOLE1Lv074lmlU7nWhickAj7mRJZT7DmIPAwAGElDRPxwdykv+moD9ZP4hoCkVJkA87Hq6cxLWip94HJYm498qB1N2jdeDyKY2qrO67NGCSVyoz0jJrwEiwxECTf5q2/0O/FXShIkHbVn/Rt/v94Alrrwl2dowo2PV1Lt9iurYCF8bs2EF1KJT6w/dIBbNuN8jyJKQAQaQO49TuUt/sg8XtAkH6DUE/MWFNqQgEd8Ocphbb1X4PLMpN49XoPKnB3L+rbIkRA5VQZPupk/xUKhMnD7+KFO3Hxo2+nHS8SqpGDMBadEZwFZK8PDzEPORioooJi9bFG2SZMC58g==</SignatureValue><KeyInfo><X509Data><X509Certificate>MIIHfTCCBWWgAwIBAgIIeUF1+tGPJSUwDQYJKoZIhvcNAQELBQAwczELMAkGA1UEBhMCQlIxEzARBgNVBAoTCklDUC1CcmFzaWwxNjA0BgNVBAsTLVNlY3JldGFyaWEgZGEgUmVjZWl0YSBGZWRlcmFsIGRvIEJyYXNpbCAtIFJGQjEXMBUGA1UEAxMOQUMgQ05ETCBSRkIgdjMwHhcNMjUwMjEwMTI0NzE5WhcNMjYwMjEwMTI0NzE5WjCB+zELMAkGA1UEBhMCQlIxEzARBgNVBAoTCklDUC1CcmFzaWwxCzAJBgNVBAgTAlBCMRQwEgYDVQQHEwtKT0FPIFBFU1NPQTEXMBUGA1UECxMOMDkxMTc2MzEwMDAxNjAxNjA0BgNVBAsTLVNlY3JldGFyaWEgZGEgUmVjZWl0YSBGZWRlcmFsIGRvIEJyYXNpbCAtIFJGQjEWMBQGA1UECxMNUkZCIGUtQ05QSiBBMTEZMBcGA1UECxMQdmlkZW9jb25mZXJlbmNpYTEwMC4GA1UEAxMnQVVUTyBFTEVUUklDQSBERU1JUiBMVERBOjEyMjYwNzIzMDAwMTA5MIIBIjANBgkqhkiG9w0BAQEFAAOCAQ8AMIIBCgKCAQEAyRmv1XkNFE1/Z8XC8Dt7a8et4i1TSbfxtSMu2zNxvAu1L6BqbOS21Thwo+7dxL2+OlwDmw8/a3pXBrZQ89sQZ3UfwEt2Vc+iaM+0sOLgrXPDWJxVypYzAwDij9/F3WW2Kr/NoWsd7X2rvKZkOPUCgOsZ4FhGzeIxa1ev9z8nkmwrX8HpSmq/YgtlQpqMcZo/KKKxB6A+VFziaw/MHwJr0Y5pzJJqLoQhDpPL4cMvUSThDXyMnzzI5RdOe7a0faXIEXyQK5XDB1zONv2mzyAIZYuTJEivnwDc5MQF/XXPVYDk+A4Xj3bBIWQ37FlXo2AS/RMFWl66T9KIzndJqDVYNQIDAQABo4ICijCCAoYwHwYDVR0jBBgwFoAUax80FUEa6pseyiLSzt3vu+kyyokwDgYDVR0PAQH/BAQDAgXgMGcGA1UdIARgMF4wXAYGYEwBAgE0MFIwUAYIKwYBBQUHAgEWRGh0dHA6Ly9yZXBvc2l0b3Jpby5hY3NwY2JyYXNpbC5vcmcuYnIvYWMtY25kbHJmYi9hYy1jbmRsLXJmYi1kcGMucGRmMIGmBgNVHR8EgZ4wgZswS6BJoEeGRWh0dHA6Ly9yZXBvc2l0b3Jpby5hY3NwY2JyYXNpbC5vcmcuYnIvYWMtY25kbHJmYi9sY3ItYWMtY25kbHJmYnY1LmNybDBMoEqgSIZGaHR0cDovL3JlcG9zaXRvcmlvMi5hY3NwY2JyYXNpbC5vcmcuYnIvYWMtY25kbHJmYi9sY3ItYWMtY25kbHJmYnY1LmNybDBdBggrBgEFBQcBAQRRME8wTQYIKwYBBQUHMAKGQWh0dHA6Ly9yZXBvc2l0b3Jpby5hY3NwY2JyYXNpbC5vcmcuYnIvYWMtY25kbHJmYi9hYy1jbmRscmZidjUucDdiMIG3BgNVHREEga8wgayBGkZJTkFOQ0VJUk8uREVNSVJAR01BSUwuQ09NoCAGBWBMAQMCoBcTFUVETUlSIERFIExJTUEgTUFSVElOU6AZBgVgTAEDA6AQEw4xMjI2MDcyMzAwMDEwOaA4BgVgTAEDBKAvEy0wODEyMTk4MzA1MDkyNzA1NDkzMDAwMDAwMDAwMDAwMDAwMDAwMDAwMDAwMDCgFwYFYEwBAwegDhMMMDAwMDAwMDAwMDAwMB0GA1UdJQQWMBQGCCsGAQUFBwMCBggrBgEFBQcDBDAJBgNVHRMEAjAAMA0GCSqGSIb3DQEBCwUAA4ICAQA2hVDKQGMJVBWLQUXbEUBo/61gJjZAIKEfvVuRMxstx30qr3DcfEkBeL37nq9AA718p8Vo0aWkeB8S0JsntWjPVFEox0tbBCiChg3qfI2cA0IO1+H/084ZbdfrGxf83co+voIBcRpS5I/CZvqYa2ZZHDGThfMQSm7tvD2rZ2z/v8x/rvKSIkjQfUw6I87UY5X94bhR/mm/HjdXYTcvLkGDJTYpJXuGKaP8cjHORn8xHkk3MTYNWsWsmMHTECJSeZxnWaJfHfzLaZpUfAt9iK0Vh/5qGxteHRD/3sPl5VgCAmdR/i0M5IWYVL0xr+nCi7AH4wfbdvjkYLBe3gQBFY1DuNuAp9tzihBEg59ZqDySddaexWm0oy6v3pwuBTr7LGzvVWEODLTpmNOf8MDh6HPSgpccqc/XtmFo+LT0LIVeCE8Fj5FFj5p+qVdhlLgl0KgxVtxtwcfTpGd1FH1KF+VNK8EHwTf9jpNP+XRZmpBjcS6ZA2f6WaGN6DJTJMSZMTvy67i8Xu8N5UQoQBt+rXXKWgUXvbtmwN1mLmJCYaL0IRzqof0BcFVZWF8oU9vIkoKQbkRFk6WLUonkwgK5WGYfYHXnqRIBKRTgrnrLhrFeNIQ3VFSLT3M8hLw1C1R8wPmafDy90NqA0MoMe7P8QoTWzb2eczLhMslRBP52KRYbXA==</X509Certificate></X509Data></KeyInfo></Signature></NFe>	<?xml version="1.0" encoding="UTF-8"?><nfeProc xmlns="http://www.portalfiscal.inf.br/nfe" versao="4.00"><NFe xmlns="http://www.portalfiscal.inf.br/nfe"><infNFe Id="NFe25260112260723000109550990000000111425110014" versao="4.00"><ide><cUF>25</cUF><cNF>42511001</cNF><natOp>VENDA DE MERCADORIA</natOp><mod>55</mod><serie>99</serie><nNF>11</nNF><dhEmi>2026-01-31T22:24:15-03:00</dhEmi><tpNF>1</tpNF><idDest>1</idDest><cMunFG>2507507</cMunFG><tpImp>1</tpImp><tpEmis>1</tpEmis><cDV>4</cDV><tpAmb>2</tpAmb><finNFe>1</finNFe><indFinal>1</indFinal><indPres>1</indPres><procEmi>0</procEmi><verProc>ERPOficina 1.0.0</verProc></ide><emit><CNPJ>12260723000109</CNPJ><xNome>AUTO ELETRICA DEMIR LTDA</xNome><xFant>DEMIR INJECAO ELETRONICA A DIESEL</xFant><enderEmit><xLgr>RUA JORNALISTA JOSE RAMALHO</xLgr><nro>33</nro><xCpl>SALA 05</xCpl><xBairro>COSTA E SILVA</xBairro><cMun>2507507</cMun><xMun>JOAO PESSOA</xMun><UF>PB</UF><CEP>58081110</CEP><cPais>1058</cPais><xPais>BRASIL</xPais><fone>8332337025</fone></enderEmit><IE>161726542</IE><CRT>3</CRT></emit><dest><CPF>70869037447</CPF><xNome>NF-E EMITIDA EM AMBIENTE DE HOMOLOGACAO - SEM VALOR FISCAL</xNome><enderDest><xLgr>Rodovia BR-101</xLgr><nro>S/N</nro><xBairro>Imaculada</xBairro><cMun>2507507</cMun><xMun>Bayeux</xMun><UF>PB</UF><CEP>58111001</CEP><cPais>1058</cPais><xPais>BRASIL</xPais><fone>83998737170</fone></enderDest><indIEDest>9</indIEDest></dest><det nItem="1"><prod><cProd>26</cProd><cEAN>SEM GTIN</cEAN><xProd>Filtro de Óleo Wega WO-120</xProd><NCM>84212300</NCM><CFOP>5102</CFOP><uCom>UN</uCom><qCom>1.00</qCom><vUnCom>39.90</vUnCom><vProd>39.90</vProd><cEANTrib>SEM GTIN</cEANTrib><uTrib>UN</uTrib><qTrib>1.00</qTrib><vUnTrib>39.90</vUnTrib><indTot>1</indTot></prod><imposto><ICMS><ICMS00><orig>0</orig><CST>00</CST><modBC>3</modBC><vBC>39.90</vBC><pICMS>18.00</pICMS><vICMS>7.18</vICMS></ICMS00></ICMS><PIS><PISAliq><CST>01</CST><vBC>39.90</vBC><pPIS>1.65</pPIS><vPIS>0.66</vPIS></PISAliq></PIS><COFINS><COFINSAliq><CST>01</CST><vBC>39.90</vBC><pCOFINS>7.60</pCOFINS><vCOFINS>3.03</vCOFINS></COFINSAliq></COFINS></imposto></det><total><ICMSTot><vBC>39.90</vBC><vICMS>7.18</vICMS><vICMSDeson>0.00</vICMSDeson><vFCP>0.00</vFCP><vBCST>0.00</vBCST><vST>0.00</vST><vFCPST>0.00</vFCPST><vFCPSTRet>0.00</vFCPSTRet><vProd>39.90</vProd><vFrete>0.00</vFrete><vSeg>0.00</vSeg><vDesc>0.00</vDesc><vII>0.00</vII><vIPI>0.00</vIPI><vIPIDevol>0.00</vIPIDevol><vPIS>0.66</vPIS><vCOFINS>3.03</vCOFINS><vOutro>0.00</vOutro><vNF>39.90</vNF></ICMSTot></total><transp><modFrete>9</modFrete></transp><pag><detPag><tPag>01</tPag><vPag>39.90</vPag></detPag></pag><infAdic><infCpl>NF-e de venda de mercadoria.</infCpl></infAdic><infRespTec><CNPJ>58598900000162</CNPJ><xContato>FIGO Softwares</xContato><email>figo.devtech@gmail.com</email><fone>83987872668</fone></infRespTec></infNFe><Signature xmlns="http://www.w3.org/2000/09/xmldsig#"><SignedInfo><CanonicalizationMethod Algorithm="http://www.w3.org/TR/2001/REC-xml-c14n-20010315"/><SignatureMethod Algorithm="http://www.w3.org/2000/09/xmldsig#rsa-sha1"/><Reference URI="#NFe25260112260723000109550990000000111425110014"><Transforms><Transform Algorithm="http://www.w3.org/2000/09/xmldsig#enveloped-signature"/><Transform Algorithm="http://www.w3.org/TR/2001/REC-xml-c14n-20010315"/></Transforms><DigestMethod Algorithm="http://www.w3.org/2000/09/xmldsig#sha1"/><DigestValue>ti30Zifd1KSV8afPZEgEmIkNhfk=</DigestValue></Reference></SignedInfo><SignatureValue>aJkglyvOLE1Lv074lmlU7nWhickAj7mRJZT7DmIPAwAGElDRPxwdykv+moD9ZP4hoCkVJkA87Hq6cxLWip94HJYm498qB1N2jdeDyKY2qrO67NGCSVyoz0jJrwEiwxECTf5q2/0O/FXShIkHbVn/Rt/v94Alrrwl2dowo2PV1Lt9iurYCF8bs2EF1KJT6w/dIBbNuN8jyJKQAQaQO49TuUt/sg8XtAkH6DUE/MWFNqQgEd8Ocphbb1X4PLMpN49XoPKnB3L+rbIkRA5VQZPupk/xUKhMnD7+KFO3Hxo2+nHS8SqpGDMBadEZwFZK8PDzEPORioooJi9bFG2SZMC58g==</SignatureValue><KeyInfo><X509Data><X509Certificate>MIIHfTCCBWWgAwIBAgIIeUF1+tGPJSUwDQYJKoZIhvcNAQELBQAwczELMAkGA1UEBhMCQlIxEzARBgNVBAoTCklDUC1CcmFzaWwxNjA0BgNVBAsTLVNlY3JldGFyaWEgZGEgUmVjZWl0YSBGZWRlcmFsIGRvIEJyYXNpbCAtIFJGQjEXMBUGA1UEAxMOQUMgQ05ETCBSRkIgdjMwHhcNMjUwMjEwMTI0NzE5WhcNMjYwMjEwMTI0NzE5WjCB+zELMAkGA1UEBhMCQlIxEzARBgNVBAoTCklDUC1CcmFzaWwxCzAJBgNVBAgTAlBCMRQwEgYDVQQHEwtKT0FPIFBFU1NPQTEXMBUGA1UECxMOMDkxMTc2MzEwMDAxNjAxNjA0BgNVBAsTLVNlY3JldGFyaWEgZGEgUmVjZWl0YSBGZWRlcmFsIGRvIEJyYXNpbCAtIFJGQjEWMBQGA1UECxMNUkZCIGUtQ05QSiBBMTEZMBcGA1UECxMQdmlkZW9jb25mZXJlbmNpYTEwMC4GA1UEAxMnQVVUTyBFTEVUUklDQSBERU1JUiBMVERBOjEyMjYwNzIzMDAwMTA5MIIBIjANBgkqhkiG9w0BAQEFAAOCAQ8AMIIBCgKCAQEAyRmv1XkNFE1/Z8XC8Dt7a8et4i1TSbfxtSMu2zNxvAu1L6BqbOS21Thwo+7dxL2+OlwDmw8/a3pXBrZQ89sQZ3UfwEt2Vc+iaM+0sOLgrXPDWJxVypYzAwDij9/F3WW2Kr/NoWsd7X2rvKZkOPUCgOsZ4FhGzeIxa1ev9z8nkmwrX8HpSmq/YgtlQpqMcZo/KKKxB6A+VFziaw/MHwJr0Y5pzJJqLoQhDpPL4cMvUSThDXyMnzzI5RdOe7a0faXIEXyQK5XDB1zONv2mzyAIZYuTJEivnwDc5MQF/XXPVYDk+A4Xj3bBIWQ37FlXo2AS/RMFWl66T9KIzndJqDVYNQIDAQABo4ICijCCAoYwHwYDVR0jBBgwFoAUax80FUEa6pseyiLSzt3vu+kyyokwDgYDVR0PAQH/BAQDAgXgMGcGA1UdIARgMF4wXAYGYEwBAgE0MFIwUAYIKwYBBQUHAgEWRGh0dHA6Ly9yZXBvc2l0b3Jpby5hY3NwY2JyYXNpbC5vcmcuYnIvYWMtY25kbHJmYi9hYy1jbmRsLXJmYi1kcGMucGRmMIGmBgNVHR8EgZ4wgZswS6BJoEeGRWh0dHA6Ly9yZXBvc2l0b3Jpby5hY3NwY2JyYXNpbC5vcmcuYnIvYWMtY25kbHJmYi9sY3ItYWMtY25kbHJmYnY1LmNybDBMoEqgSIZGaHR0cDovL3JlcG9zaXRvcmlvMi5hY3NwY2JyYXNpbC5vcmcuYnIvYWMtY25kbHJmYi9sY3ItYWMtY25kbHJmYnY1LmNybDBdBggrBgEFBQcBAQRRME8wTQYIKwYBBQUHMAKGQWh0dHA6Ly9yZXBvc2l0b3Jpby5hY3NwY2JyYXNpbC5vcmcuYnIvYWMtY25kbHJmYi9hYy1jbmRscmZidjUucDdiMIG3BgNVHREEga8wgayBGkZJTkFOQ0VJUk8uREVNSVJAR01BSUwuQ09NoCAGBWBMAQMCoBcTFUVETUlSIERFIExJTUEgTUFSVElOU6AZBgVgTAEDA6AQEw4xMjI2MDcyMzAwMDEwOaA4BgVgTAEDBKAvEy0wODEyMTk4MzA1MDkyNzA1NDkzMDAwMDAwMDAwMDAwMDAwMDAwMDAwMDAwMDCgFwYFYEwBAwegDhMMMDAwMDAwMDAwMDAwMB0GA1UdJQQWMBQGCCsGAQUFBwMCBggrBgEFBQcDBDAJBgNVHRMEAjAAMA0GCSqGSIb3DQEBCwUAA4ICAQA2hVDKQGMJVBWLQUXbEUBo/61gJjZAIKEfvVuRMxstx30qr3DcfEkBeL37nq9AA718p8Vo0aWkeB8S0JsntWjPVFEox0tbBCiChg3qfI2cA0IO1+H/084ZbdfrGxf83co+voIBcRpS5I/CZvqYa2ZZHDGThfMQSm7tvD2rZ2z/v8x/rvKSIkjQfUw6I87UY5X94bhR/mm/HjdXYTcvLkGDJTYpJXuGKaP8cjHORn8xHkk3MTYNWsWsmMHTECJSeZxnWaJfHfzLaZpUfAt9iK0Vh/5qGxteHRD/3sPl5VgCAmdR/i0M5IWYVL0xr+nCi7AH4wfbdvjkYLBe3gQBFY1DuNuAp9tzihBEg59ZqDySddaexWm0oy6v3pwuBTr7LGzvVWEODLTpmNOf8MDh6HPSgpccqc/XtmFo+LT0LIVeCE8Fj5FFj5p+qVdhlLgl0KgxVtxtwcfTpGd1FH1KF+VNK8EHwTf9jpNP+XRZmpBjcS6ZA2f6WaGN6DJTJMSZMTvy67i8Xu8N5UQoQBt+rXXKWgUXvbtmwN1mLmJCYaL0IRzqof0BcFVZWF8oU9vIkoKQbkRFk6WLUonkwgK5WGYfYHXnqRIBKRTgrnrLhrFeNIQ3VFSLT3M8hLw1C1R8wPmafDy90NqA0MoMe7P8QoTWzb2eczLhMslRBP52KRYbXA==</X509Certificate></X509Data></KeyInfo></Signature></NFe><protNFe versao="4.00"><infProt><tpAmb>2</tpAmb><verAplic>SVRS2512230852</verAplic><chNFe>25260112260723000109550990000000111425110014</chNFe><dhRecbto>2026-01-31T22:24:00-03:00</dhRecbto><nProt>325260000004014</nProt><digVal>ti30Zifd1KSV8afPZEgEmIkNhfk=</digVal><cStat>100</cStat><xMotivo>Autorizado o uso da NF-e</xMotivo></infProt></protNFe></nfeProc>	\N	2026-02-01 01:23:27.583028+00	2026-02-01 01:24:46.692+00	1	\N	\N	\N	\N	\N	f	\N	\N	\N	\N
12	NFE	99	12	25260112260723000109550990000000121999573324	HOMOLOGACAO	RASCUNHO	\N	\N	\N	2026-02-01 01:28:28.621+00	\N	\N	399.00	0.00	399.00	<?xml version="1.0" encoding="UTF-8"?><NFe xmlns="http://www.portalfiscal.inf.br/nfe"><infNFe Id="NFe25260112260723000109550990000000121999573324" versao="4.00"><ide><cUF>25</cUF><cNF>99957332</cNF><natOp>ENTRADA DE MERCADORIA</natOp><mod>55</mod><serie>99</serie><nNF>12</nNF><dhEmi>2026-01-31T22:28:29-03:00</dhEmi><tpNF>0</tpNF><idDest>1</idDest><cMunFG>2507507</cMunFG><tpImp>1</tpImp><tpEmis>1</tpEmis><cDV>4</cDV><tpAmb>2</tpAmb><finNFe>1</finNFe><indFinal>1</indFinal><indPres>1</indPres><procEmi>0</procEmi><verProc>ERPOficina 1.0.0</verProc></ide><emit><CNPJ>12260723000109</CNPJ><xNome>AUTO ELETRICA DEMIR LTDA</xNome><xFant>DEMIR INJECAO ELETRONICA A DIESEL</xFant><enderEmit><xLgr>RUA JORNALISTA JOSE RAMALHO</xLgr><nro>33</nro><xCpl>SALA 05</xCpl><xBairro>COSTA E SILVA</xBairro><cMun>2507507</cMun><xMun>JOAO PESSOA</xMun><UF>PB</UF><CEP>58081110</CEP><cPais>1058</cPais><xPais>BRASIL</xPais><fone>8332337025</fone></enderEmit><IE>161726542</IE><CRT>3</CRT></emit><dest><CNPJ>39788312000147</CNPJ><xNome>BRUNO BORGES DE MEDEIROS</xNome><enderDest><xLgr>Av Emilio Ribas</xLgr><nro>S/N</nro><xBairro/><cMun>0000000</cMun><xMun>Guarulhos</xMun><UF>SP</UF><CEP>7020010</CEP><cPais>1058</cPais><xPais>BRASIL</xPais></enderDest><indIEDest>9</indIEDest></dest><det nItem="1"><prod><cProd>26</cProd><cEAN>SEM GTIN</cEAN><xProd>Filtro de Óleo Wega WO-120</xProd><NCM>84212300</NCM><CFOP>5102</CFOP><uCom>UN</uCom><qCom>10.00</qCom><vUnCom>39.90</vUnCom><vProd>399.00</vProd><cEANTrib>SEM GTIN</cEANTrib><uTrib>UN</uTrib><qTrib>10.00</qTrib><vUnTrib>39.90</vUnTrib><indTot>1</indTot></prod><imposto><ICMS><ICMS00><orig>0</orig><CST>041</CST><modBC>3</modBC><vBC>399.00</vBC><pICMS>18.00</pICMS><vICMS>71.82</vICMS></ICMS00></ICMS><PIS><PISAliq><CST>01</CST><vBC>399.00</vBC><pPIS>1.65</pPIS><vPIS>6.58</vPIS></PISAliq></PIS><COFINS><COFINSAliq><CST>01</CST><vBC>399.00</vBC><pCOFINS>7.60</pCOFINS><vCOFINS>30.32</vCOFINS></COFINSAliq></COFINS></imposto></det><total><ICMSTot><vBC>399.00</vBC><vICMS>71.82</vICMS><vICMSDeson>0.00</vICMSDeson><vFCP>0.00</vFCP><vBCST>0.00</vBCST><vST>0.00</vST><vFCPST>0.00</vFCPST><vFCPSTRet>0.00</vFCPSTRet><vProd>399.00</vProd><vFrete>0.00</vFrete><vSeg>0.00</vSeg><vDesc>0.00</vDesc><vII>0.00</vII><vIPI>0.00</vIPI><vIPIDevol>0.00</vIPIDevol><vPIS>6.58</vPIS><vCOFINS>30.32</vCOFINS><vOutro>0.00</vOutro><vNF>399.00</vNF></ICMSTot></total><transp><modFrete>9</modFrete></transp><pag><detPag><tPag>01</tPag><vPag>399.00</vPag></detPag></pag><infAdic><infCpl>NF-e de entrada de mercadoria.</infCpl></infAdic><infRespTec><CNPJ>58598900000162</CNPJ><xContato>FIGO Softwares</xContato><email>figo.devtech@gmail.com</email><fone>83987872668</fone></infRespTec></infNFe><Signature xmlns="http://www.w3.org/2000/09/xmldsig#"><SignedInfo><CanonicalizationMethod Algorithm="http://www.w3.org/TR/2001/REC-xml-c14n-20010315"/><SignatureMethod Algorithm="http://www.w3.org/2000/09/xmldsig#rsa-sha1"/><Reference URI="#NFe25260112260723000109550990000000121999573324"><Transforms><Transform Algorithm="http://www.w3.org/2000/09/xmldsig#enveloped-signature"/><Transform Algorithm="http://www.w3.org/TR/2001/REC-xml-c14n-20010315"/></Transforms><DigestMethod Algorithm="http://www.w3.org/2000/09/xmldsig#sha1"/><DigestValue>9acEH6USoo0oovtELSByLzKrzi0=</DigestValue></Reference></SignedInfo><SignatureValue>swjL232I3fibavN6hZAdHXDw5xl8HGxFV+0pGR0lgwIPzYFaNs6Fg/bPOuExMcAmXzCJcOG7JM1mlPFk4GNsY7msXByV0Poj3eiqZFKlH/raZM+vSUUIbSQpszTJ6ipg5iKaCy/0BS+rQ3q0ATs7JKRL8EAOKY6rTWvKfToBP/4rAcXtACq3nzNXr/UyEqxaLYqLMiEtGWdNC0CvsfynswfEnVhbQUUVJKvOnZfUuqaI5kgHbVfRHjqF+CPCGWjPSNNND1fXF9rAXH97yyM5nC6uEr4qiH8Xqa3FPEMuMyYVsbOPauAv69qGzEXUfprmvBjELGVp5k4sU/rBj8MIEQ==</SignatureValue></Signature><Signature xmlns="http://www.w3.org/2000/09/xmldsig#"><SignedInfo><CanonicalizationMethod Algorithm="http://www.w3.org/TR/2001/REC-xml-c14n-20010315"/><SignatureMethod Algorithm="http://www.w3.org/2000/09/xmldsig#rsa-sha1"/><Reference URI="#NFe25260112260723000109550990000000121999573324"><Transforms><Transform Algorithm="http://www.w3.org/2000/09/xmldsig#enveloped-signature"/><Transform Algorithm="http://www.w3.org/TR/2001/REC-xml-c14n-20010315"/></Transforms><DigestMethod Algorithm="http://www.w3.org/2000/09/xmldsig#sha1"/><DigestValue>9acEH6USoo0oovtELSByLzKrzi0=</DigestValue></Reference></SignedInfo><SignatureValue>swjL232I3fibavN6hZAdHXDw5xl8HGxFV+0pGR0lgwIPzYFaNs6Fg/bPOuExMcAmXzCJcOG7JM1mlPFk4GNsY7msXByV0Poj3eiqZFKlH/raZM+vSUUIbSQpszTJ6ipg5iKaCy/0BS+rQ3q0ATs7JKRL8EAOKY6rTWvKfToBP/4rAcXtACq3nzNXr/UyEqxaLYqLMiEtGWdNC0CvsfynswfEnVhbQUUVJKvOnZfUuqaI5kgHbVfRHjqF+CPCGWjPSNNND1fXF9rAXH97yyM5nC6uEr4qiH8Xqa3FPEMuMyYVsbOPauAv69qGzEXUfprmvBjELGVp5k4sU/rBj8MIEQ==</SignatureValue><KeyInfo><X509Data><X509Certificate>MIIHfTCCBWWgAwIBAgIIeUF1+tGPJSUwDQYJKoZIhvcNAQELBQAwczELMAkGA1UEBhMCQlIxEzARBgNVBAoTCklDUC1CcmFzaWwxNjA0BgNVBAsTLVNlY3JldGFyaWEgZGEgUmVjZWl0YSBGZWRlcmFsIGRvIEJyYXNpbCAtIFJGQjEXMBUGA1UEAxMOQUMgQ05ETCBSRkIgdjMwHhcNMjUwMjEwMTI0NzE5WhcNMjYwMjEwMTI0NzE5WjCB+zELMAkGA1UEBhMCQlIxEzARBgNVBAoTCklDUC1CcmFzaWwxCzAJBgNVBAgTAlBCMRQwEgYDVQQHEwtKT0FPIFBFU1NPQTEXMBUGA1UECxMOMDkxMTc2MzEwMDAxNjAxNjA0BgNVBAsTLVNlY3JldGFyaWEgZGEgUmVjZWl0YSBGZWRlcmFsIGRvIEJyYXNpbCAtIFJGQjEWMBQGA1UECxMNUkZCIGUtQ05QSiBBMTEZMBcGA1UECxMQdmlkZW9jb25mZXJlbmNpYTEwMC4GA1UEAxMnQVVUTyBFTEVUUklDQSBERU1JUiBMVERBOjEyMjYwNzIzMDAwMTA5MIIBIjANBgkqhkiG9w0BAQEFAAOCAQ8AMIIBCgKCAQEAyRmv1XkNFE1/Z8XC8Dt7a8et4i1TSbfxtSMu2zNxvAu1L6BqbOS21Thwo+7dxL2+OlwDmw8/a3pXBrZQ89sQZ3UfwEt2Vc+iaM+0sOLgrXPDWJxVypYzAwDij9/F3WW2Kr/NoWsd7X2rvKZkOPUCgOsZ4FhGzeIxa1ev9z8nkmwrX8HpSmq/YgtlQpqMcZo/KKKxB6A+VFziaw/MHwJr0Y5pzJJqLoQhDpPL4cMvUSThDXyMnzzI5RdOe7a0faXIEXyQK5XDB1zONv2mzyAIZYuTJEivnwDc5MQF/XXPVYDk+A4Xj3bBIWQ37FlXo2AS/RMFWl66T9KIzndJqDVYNQIDAQABo4ICijCCAoYwHwYDVR0jBBgwFoAUax80FUEa6pseyiLSzt3vu+kyyokwDgYDVR0PAQH/BAQDAgXgMGcGA1UdIARgMF4wXAYGYEwBAgE0MFIwUAYIKwYBBQUHAgEWRGh0dHA6Ly9yZXBvc2l0b3Jpby5hY3NwY2JyYXNpbC5vcmcuYnIvYWMtY25kbHJmYi9hYy1jbmRsLXJmYi1kcGMucGRmMIGmBgNVHR8EgZ4wgZswS6BJoEeGRWh0dHA6Ly9yZXBvc2l0b3Jpby5hY3NwY2JyYXNpbC5vcmcuYnIvYWMtY25kbHJmYi9sY3ItYWMtY25kbHJmYnY1LmNybDBMoEqgSIZGaHR0cDovL3JlcG9zaXRvcmlvMi5hY3NwY2JyYXNpbC5vcmcuYnIvYWMtY25kbHJmYi9sY3ItYWMtY25kbHJmYnY1LmNybDBdBggrBgEFBQcBAQRRME8wTQYIKwYBBQUHMAKGQWh0dHA6Ly9yZXBvc2l0b3Jpby5hY3NwY2JyYXNpbC5vcmcuYnIvYWMtY25kbHJmYi9hYy1jbmRscmZidjUucDdiMIG3BgNVHREEga8wgayBGkZJTkFOQ0VJUk8uREVNSVJAR01BSUwuQ09NoCAGBWBMAQMCoBcTFUVETUlSIERFIExJTUEgTUFSVElOU6AZBgVgTAEDA6AQEw4xMjI2MDcyMzAwMDEwOaA4BgVgTAEDBKAvEy0wODEyMTk4MzA1MDkyNzA1NDkzMDAwMDAwMDAwMDAwMDAwMDAwMDAwMDAwMDCgFwYFYEwBAwegDhMMMDAwMDAwMDAwMDAwMB0GA1UdJQQWMBQGCCsGAQUFBwMCBggrBgEFBQcDBDAJBgNVHRMEAjAAMA0GCSqGSIb3DQEBCwUAA4ICAQA2hVDKQGMJVBWLQUXbEUBo/61gJjZAIKEfvVuRMxstx30qr3DcfEkBeL37nq9AA718p8Vo0aWkeB8S0JsntWjPVFEox0tbBCiChg3qfI2cA0IO1+H/084ZbdfrGxf83co+voIBcRpS5I/CZvqYa2ZZHDGThfMQSm7tvD2rZ2z/v8x/rvKSIkjQfUw6I87UY5X94bhR/mm/HjdXYTcvLkGDJTYpJXuGKaP8cjHORn8xHkk3MTYNWsWsmMHTECJSeZxnWaJfHfzLaZpUfAt9iK0Vh/5qGxteHRD/3sPl5VgCAmdR/i0M5IWYVL0xr+nCi7AH4wfbdvjkYLBe3gQBFY1DuNuAp9tzihBEg59ZqDySddaexWm0oy6v3pwuBTr7LGzvVWEODLTpmNOf8MDh6HPSgpccqc/XtmFo+LT0LIVeCE8Fj5FFj5p+qVdhlLgl0KgxVtxtwcfTpGd1FH1KF+VNK8EHwTf9jpNP+XRZmpBjcS6ZA2f6WaGN6DJTJMSZMTvy67i8Xu8N5UQoQBt+rXXKWgUXvbtmwN1mLmJCYaL0IRzqof0BcFVZWF8oU9vIkoKQbkRFk6WLUonkwgK5WGYfYHXnqRIBKRTgrnrLhrFeNIQ3VFSLT3M8hLw1C1R8wPmafDy90NqA0MoMe7P8QoTWzb2eczLhMslRBP52KRYbXA==</X509Certificate></X509Data></KeyInfo></Signature></NFe>	\N	\N	2026-02-01 01:27:42.22291+00	2026-02-01 01:42:53.503+00	1	\N	5102	\N	\N	\N	f	\N	3	19	\N
13	NFE	99	13	25260112260723000109550990000000131160156199	HOMOLOGACAO	RASCUNHO	\N	\N	\N	2026-02-01 01:46:03.795+00	\N	\N	399.00	0.00	399.00	<?xml version="1.0" encoding="UTF-8"?><NFe xmlns="http://www.portalfiscal.inf.br/nfe"><infNFe Id="NFe25260112260723000109550990000000131160156199" versao="4.00"><ide><cUF>25</cUF><cNF>16015619</cNF><natOp>ENTRADA DE MERCADORIA</natOp><mod>55</mod><serie>99</serie><nNF>13</nNF><dhEmi>2026-01-31T22:46:04-03:00</dhEmi><tpNF>0</tpNF><idDest>1</idDest><cMunFG>2507507</cMunFG><tpImp>1</tpImp><tpEmis>1</tpEmis><cDV>9</cDV><tpAmb>2</tpAmb><finNFe>1</finNFe><indFinal>1</indFinal><indPres>1</indPres><procEmi>0</procEmi><verProc>ERPOficina 1.0.0</verProc></ide><emit><CNPJ>12260723000109</CNPJ><xNome>AUTO ELETRICA DEMIR LTDA</xNome><xFant>DEMIR INJECAO ELETRONICA A DIESEL</xFant><enderEmit><xLgr>RUA JORNALISTA JOSE RAMALHO</xLgr><nro>33</nro><xCpl>SALA 05</xCpl><xBairro>COSTA E SILVA</xBairro><cMun>2507507</cMun><xMun>JOAO PESSOA</xMun><UF>PB</UF><CEP>58081110</CEP><cPais>1058</cPais><xPais>BRASIL</xPais><fone>8332337025</fone></enderEmit><IE>161726542</IE><CRT>3</CRT></emit><dest><CNPJ>39788312000147</CNPJ><xNome>BRUNO BORGES DE MEDEIROS</xNome><enderDest><xLgr>Av Emilio Ribas</xLgr><nro>33</nro><xBairro>COSTA E SILVA</xBairro><cMun>0000000</cMun><xMun>Guarulhos</xMun><UF>SP</UF><CEP>7020010</CEP><cPais>1058</cPais><xPais>BRASIL</xPais></enderDest><indIEDest>9</indIEDest></dest><det nItem="1"><prod><cProd>26</cProd><cEAN>SEM GTIN</cEAN><xProd>Filtro de Óleo Wega WO-120</xProd><NCM>84212300</NCM><CFOP>5102</CFOP><uCom>UN</uCom><qCom>10.00</qCom><vUnCom>39.90</vUnCom><vProd>399.00</vProd><cEANTrib>SEM GTIN</cEANTrib><uTrib>UN</uTrib><qTrib>10.00</qTrib><vUnTrib>39.90</vUnTrib><indTot>1</indTot></prod><imposto><ICMS><ICMS00><orig>0</orig><CST>041</CST><modBC>3</modBC><vBC>399.00</vBC><pICMS>18.00</pICMS><vICMS>71.82</vICMS></ICMS00></ICMS><PIS><PISAliq><CST>01</CST><vBC>399.00</vBC><pPIS>1.65</pPIS><vPIS>6.58</vPIS></PISAliq></PIS><COFINS><COFINSAliq><CST>01</CST><vBC>399.00</vBC><pCOFINS>7.60</pCOFINS><vCOFINS>30.32</vCOFINS></COFINSAliq></COFINS></imposto></det><total><ICMSTot><vBC>399.00</vBC><vICMS>71.82</vICMS><vICMSDeson>0.00</vICMSDeson><vFCP>0.00</vFCP><vBCST>0.00</vBCST><vST>0.00</vST><vFCPST>0.00</vFCPST><vFCPSTRet>0.00</vFCPSTRet><vProd>399.00</vProd><vFrete>0.00</vFrete><vSeg>0.00</vSeg><vDesc>0.00</vDesc><vII>0.00</vII><vIPI>0.00</vIPI><vIPIDevol>0.00</vIPIDevol><vPIS>6.58</vPIS><vCOFINS>30.32</vCOFINS><vOutro>0.00</vOutro><vNF>399.00</vNF></ICMSTot></total><transp><modFrete>9</modFrete></transp><pag><detPag><tPag>01</tPag><vPag>399.00</vPag></detPag></pag><infAdic><infCpl>NF-e de entrada de mercadoria.</infCpl></infAdic><infRespTec><CNPJ>58598900000162</CNPJ><xContato>FIGO Softwares</xContato><email>figo.devtech@gmail.com</email><fone>83987872668</fone></infRespTec></infNFe></NFe>	\N	\N	2026-02-01 01:45:17.404001+00	2026-02-01 01:46:04.102+00	1	\N	5102	\N	\N	\N	f	\N	3	19	\N
14	NFE	99	14	25260112260723000109550990000000141399306630	HOMOLOGACAO	RASCUNHO	\N	\N	\N	2026-02-01 01:48:01.732+00	\N	\N	399.00	0.00	399.00	<?xml version="1.0" encoding="UTF-8"?><NFe xmlns="http://www.portalfiscal.inf.br/nfe"><infNFe Id="NFe25260112260723000109550990000000141399306630" versao="4.00"><ide><cUF>25</cUF><cNF>39930663</cNF><natOp>ENTRADA DE MERCADORIA</natOp><mod>55</mod><serie>99</serie><nNF>14</nNF><dhEmi>2026-01-31T22:48:02-03:00</dhEmi><tpNF>0</tpNF><idDest>1</idDest><cMunFG>2507507</cMunFG><tpImp>1</tpImp><tpEmis>1</tpEmis><cDV>0</cDV><tpAmb>2</tpAmb><finNFe>1</finNFe><indFinal>1</indFinal><indPres>1</indPres><procEmi>0</procEmi><verProc>ERPOficina 1.0.0</verProc></ide><emit><CNPJ>12260723000109</CNPJ><xNome>AUTO ELETRICA DEMIR LTDA</xNome><xFant>DEMIR INJECAO ELETRONICA A DIESEL</xFant><enderEmit><xLgr>RUA JORNALISTA JOSE RAMALHO</xLgr><nro>33</nro><xCpl>SALA 05</xCpl><xBairro>COSTA E SILVA</xBairro><cMun>2507507</cMun><xMun>JOAO PESSOA</xMun><UF>PB</UF><CEP>58081110</CEP><cPais>1058</cPais><xPais>BRASIL</xPais><fone>8332337025</fone></enderEmit><IE>161726542</IE><CRT>3</CRT></emit><dest><CNPJ>39788312000147</CNPJ><xNome>BRUNO BORGES DE MEDEIROS</xNome><enderDest><xLgr>Av Emilio Ribas</xLgr><nro>33</nro><xBairro>COSTA E SILVA</xBairro><cMun>0000000</cMun><xMun>Guarulhos</xMun><UF>SP</UF><CEP>7020010</CEP><cPais>1058</cPais><xPais>BRASIL</xPais></enderDest><indIEDest>9</indIEDest></dest><det nItem="1"><prod><cProd>26</cProd><cEAN>SEM GTIN</cEAN><xProd>Filtro de Óleo Wega WO-120</xProd><NCM>84212300</NCM><CFOP>5102</CFOP><uCom>UN</uCom><qCom>10.00</qCom><vUnCom>39.90</vUnCom><vProd>399.00</vProd><cEANTrib>SEM GTIN</cEANTrib><uTrib>UN</uTrib><qTrib>10.00</qTrib><vUnTrib>39.90</vUnTrib><indTot>1</indTot></prod><imposto><ICMS><ICMS00><orig>0</orig><CST>041</CST><modBC>3</modBC><vBC>399.00</vBC><pICMS>18.00</pICMS><vICMS>71.82</vICMS></ICMS00></ICMS><PIS><PISAliq><CST>01</CST><vBC>399.00</vBC><pPIS>1.65</pPIS><vPIS>6.58</vPIS></PISAliq></PIS><COFINS><COFINSAliq><CST>01</CST><vBC>399.00</vBC><pCOFINS>7.60</pCOFINS><vCOFINS>30.32</vCOFINS></COFINSAliq></COFINS></imposto></det><total><ICMSTot><vBC>399.00</vBC><vICMS>71.82</vICMS><vICMSDeson>0.00</vICMSDeson><vFCP>0.00</vFCP><vBCST>0.00</vBCST><vST>0.00</vST><vFCPST>0.00</vFCPST><vFCPSTRet>0.00</vFCPSTRet><vProd>399.00</vProd><vFrete>0.00</vFrete><vSeg>0.00</vSeg><vDesc>0.00</vDesc><vII>0.00</vII><vIPI>0.00</vIPI><vIPIDevol>0.00</vIPIDevol><vPIS>6.58</vPIS><vCOFINS>30.32</vCOFINS><vOutro>0.00</vOutro><vNF>399.00</vNF></ICMSTot></total><transp><modFrete>9</modFrete></transp><pag><detPag><tPag>01</tPag><vPag>399.00</vPag></detPag></pag><infAdic><infCpl>NF-e de entrada de mercadoria.</infCpl></infAdic><infRespTec><CNPJ>58598900000162</CNPJ><xContato>FIGO Softwares</xContato><email>figo.devtech@gmail.com</email><fone>83987872668</fone></infRespTec></infNFe><Signature xmlns="http://www.w3.org/2000/09/xmldsig#"><SignedInfo><CanonicalizationMethod Algorithm="http://www.w3.org/TR/2001/REC-xml-c14n-20010315"/><SignatureMethod Algorithm="http://www.w3.org/2000/09/xmldsig#rsa-sha1"/><Reference URI="#NFe25260112260723000109550990000000141399306630"><Transforms><Transform Algorithm="http://www.w3.org/2000/09/xmldsig#enveloped-signature"/><Transform Algorithm="http://www.w3.org/TR/2001/REC-xml-c14n-20010315"/></Transforms><DigestMethod Algorithm="http://www.w3.org/2000/09/xmldsig#sha1"/><DigestValue>xrPXQIEO40G9t5bFNhJXnmENgxg=</DigestValue></Reference></SignedInfo><SignatureValue>vSdZ/LO+MoEjLHSKzdZPMKLcV3H1aapJu0gwuosU0hQlLKT9po3TRaoUPeFbIvKbrDSknlEmJYKdosJGnv5fvQ2IjMeMVB2VQx33VtexqP2TO7bVC+BORu7aGWRfDcnTuh9Cr1UxFugnrdOsvgNqmoUJZNMS+k7sU0zhJC/wNc3HFGyJ5uFseVW7Wq+BFUwrfu5SkWjUmivq5IuDM3HX3xk/096rs6aXy1lWkQcVlwOgy4Jm75hsRGY0/STr7LZxjB8LxB/aejulD07ZeoQvX5dlUMt0bXt682YclVkfYGoXAgSGYcr3MrgeWQxmao610eTGIabnrzqyONH7gE101w==</SignatureValue><KeyInfo><X509Data><X509Certificate>MIIHfTCCBWWgAwIBAgIIeUF1+tGPJSUwDQYJKoZIhvcNAQELBQAwczELMAkGA1UEBhMCQlIxEzARBgNVBAoTCklDUC1CcmFzaWwxNjA0BgNVBAsTLVNlY3JldGFyaWEgZGEgUmVjZWl0YSBGZWRlcmFsIGRvIEJyYXNpbCAtIFJGQjEXMBUGA1UEAxMOQUMgQ05ETCBSRkIgdjMwHhcNMjUwMjEwMTI0NzE5WhcNMjYwMjEwMTI0NzE5WjCB+zELMAkGA1UEBhMCQlIxEzARBgNVBAoTCklDUC1CcmFzaWwxCzAJBgNVBAgTAlBCMRQwEgYDVQQHEwtKT0FPIFBFU1NPQTEXMBUGA1UECxMOMDkxMTc2MzEwMDAxNjAxNjA0BgNVBAsTLVNlY3JldGFyaWEgZGEgUmVjZWl0YSBGZWRlcmFsIGRvIEJyYXNpbCAtIFJGQjEWMBQGA1UECxMNUkZCIGUtQ05QSiBBMTEZMBcGA1UECxMQdmlkZW9jb25mZXJlbmNpYTEwMC4GA1UEAxMnQVVUTyBFTEVUUklDQSBERU1JUiBMVERBOjEyMjYwNzIzMDAwMTA5MIIBIjANBgkqhkiG9w0BAQEFAAOCAQ8AMIIBCgKCAQEAyRmv1XkNFE1/Z8XC8Dt7a8et4i1TSbfxtSMu2zNxvAu1L6BqbOS21Thwo+7dxL2+OlwDmw8/a3pXBrZQ89sQZ3UfwEt2Vc+iaM+0sOLgrXPDWJxVypYzAwDij9/F3WW2Kr/NoWsd7X2rvKZkOPUCgOsZ4FhGzeIxa1ev9z8nkmwrX8HpSmq/YgtlQpqMcZo/KKKxB6A+VFziaw/MHwJr0Y5pzJJqLoQhDpPL4cMvUSThDXyMnzzI5RdOe7a0faXIEXyQK5XDB1zONv2mzyAIZYuTJEivnwDc5MQF/XXPVYDk+A4Xj3bBIWQ37FlXo2AS/RMFWl66T9KIzndJqDVYNQIDAQABo4ICijCCAoYwHwYDVR0jBBgwFoAUax80FUEa6pseyiLSzt3vu+kyyokwDgYDVR0PAQH/BAQDAgXgMGcGA1UdIARgMF4wXAYGYEwBAgE0MFIwUAYIKwYBBQUHAgEWRGh0dHA6Ly9yZXBvc2l0b3Jpby5hY3NwY2JyYXNpbC5vcmcuYnIvYWMtY25kbHJmYi9hYy1jbmRsLXJmYi1kcGMucGRmMIGmBgNVHR8EgZ4wgZswS6BJoEeGRWh0dHA6Ly9yZXBvc2l0b3Jpby5hY3NwY2JyYXNpbC5vcmcuYnIvYWMtY25kbHJmYi9sY3ItYWMtY25kbHJmYnY1LmNybDBMoEqgSIZGaHR0cDovL3JlcG9zaXRvcmlvMi5hY3NwY2JyYXNpbC5vcmcuYnIvYWMtY25kbHJmYi9sY3ItYWMtY25kbHJmYnY1LmNybDBdBggrBgEFBQcBAQRRME8wTQYIKwYBBQUHMAKGQWh0dHA6Ly9yZXBvc2l0b3Jpby5hY3NwY2JyYXNpbC5vcmcuYnIvYWMtY25kbHJmYi9hYy1jbmRscmZidjUucDdiMIG3BgNVHREEga8wgayBGkZJTkFOQ0VJUk8uREVNSVJAR01BSUwuQ09NoCAGBWBMAQMCoBcTFUVETUlSIERFIExJTUEgTUFSVElOU6AZBgVgTAEDA6AQEw4xMjI2MDcyMzAwMDEwOaA4BgVgTAEDBKAvEy0wODEyMTk4MzA1MDkyNzA1NDkzMDAwMDAwMDAwMDAwMDAwMDAwMDAwMDAwMDCgFwYFYEwBAwegDhMMMDAwMDAwMDAwMDAwMB0GA1UdJQQWMBQGCCsGAQUFBwMCBggrBgEFBQcDBDAJBgNVHRMEAjAAMA0GCSqGSIb3DQEBCwUAA4ICAQA2hVDKQGMJVBWLQUXbEUBo/61gJjZAIKEfvVuRMxstx30qr3DcfEkBeL37nq9AA718p8Vo0aWkeB8S0JsntWjPVFEox0tbBCiChg3qfI2cA0IO1+H/084ZbdfrGxf83co+voIBcRpS5I/CZvqYa2ZZHDGThfMQSm7tvD2rZ2z/v8x/rvKSIkjQfUw6I87UY5X94bhR/mm/HjdXYTcvLkGDJTYpJXuGKaP8cjHORn8xHkk3MTYNWsWsmMHTECJSeZxnWaJfHfzLaZpUfAt9iK0Vh/5qGxteHRD/3sPl5VgCAmdR/i0M5IWYVL0xr+nCi7AH4wfbdvjkYLBe3gQBFY1DuNuAp9tzihBEg59ZqDySddaexWm0oy6v3pwuBTr7LGzvVWEODLTpmNOf8MDh6HPSgpccqc/XtmFo+LT0LIVeCE8Fj5FFj5p+qVdhlLgl0KgxVtxtwcfTpGd1FH1KF+VNK8EHwTf9jpNP+XRZmpBjcS6ZA2f6WaGN6DJTJMSZMTvy67i8Xu8N5UQoQBt+rXXKWgUXvbtmwN1mLmJCYaL0IRzqof0BcFVZWF8oU9vIkoKQbkRFk6WLUonkwgK5WGYfYHXnqRIBKRTgrnrLhrFeNIQ3VFSLT3M8hLw1C1R8wPmafDy90NqA0MoMe7P8QoTWzb2eczLhMslRBP52KRYbXA==</X509Certificate></X509Data></KeyInfo></Signature></NFe>	\N	\N	2026-02-01 01:47:15.358162+00	2026-02-01 01:49:11.547+00	1	\N	5102	\N	\N	\N	f	\N	3	19	\N
15	NFE	99	15	25260112260723000109550990000000151044915067	HOMOLOGACAO	RASCUNHO	\N	\N	\N	2026-02-01 01:51:27.345+00	\N	\N	399.00	0.00	399.00	<?xml version="1.0" encoding="UTF-8"?><NFe xmlns="http://www.portalfiscal.inf.br/nfe"><infNFe Id="NFe25260112260723000109550990000000151044915067" versao="4.00"><ide><cUF>25</cUF><cNF>04491506</cNF><natOp>ENTRADA DE MERCADORIA</natOp><mod>55</mod><serie>99</serie><nNF>15</nNF><dhEmi>2026-01-31T22:51:27-03:00</dhEmi><tpNF>0</tpNF><idDest>1</idDest><cMunFG>2507507</cMunFG><tpImp>1</tpImp><tpEmis>1</tpEmis><cDV>7</cDV><tpAmb>2</tpAmb><finNFe>1</finNFe><indFinal>1</indFinal><indPres>1</indPres><procEmi>0</procEmi><verProc>ERPOficina 1.0.0</verProc></ide><emit><CNPJ>12260723000109</CNPJ><xNome>AUTO ELETRICA DEMIR LTDA</xNome><xFant>DEMIR INJECAO ELETRONICA A DIESEL</xFant><enderEmit><xLgr>RUA JORNALISTA JOSE RAMALHO</xLgr><nro>33</nro><xCpl>SALA 05</xCpl><xBairro>COSTA E SILVA</xBairro><cMun>2507507</cMun><xMun>JOAO PESSOA</xMun><UF>PB</UF><CEP>58081110</CEP><cPais>1058</cPais><xPais>BRASIL</xPais><fone>8332337025</fone></enderEmit><IE>161726542</IE><CRT>3</CRT></emit><dest><CNPJ>39788312000147</CNPJ><xNome>BRUNO BORGES DE MEDEIROS</xNome><enderDest><xLgr>BR 230, KM 53</xLgr><nro>S/N</nro><xBairro>MANGUINHOS</xBairro><cMun>0000000</cMun><xMun>BAYEUX</xMun><UF>PB</UF><CEP>58111001</CEP><cPais>1058</cPais><xPais>BRASIL</xPais></enderDest><indIEDest>9</indIEDest></dest><det nItem="1"><prod><cProd>26</cProd><cEAN>SEM GTIN</cEAN><xProd>Filtro de Óleo Wega WO-120</xProd><NCM>84212300</NCM><CFOP>5102</CFOP><uCom>UN</uCom><qCom>10.00</qCom><vUnCom>39.90</vUnCom><vProd>399.00</vProd><cEANTrib>SEM GTIN</cEANTrib><uTrib>UN</uTrib><qTrib>10.00</qTrib><vUnTrib>39.90</vUnTrib><indTot>1</indTot></prod><imposto><ICMS><ICMS00><orig>0</orig><CST>041</CST><modBC>3</modBC><vBC>399.00</vBC><pICMS>18.00</pICMS><vICMS>71.82</vICMS></ICMS00></ICMS><PIS><PISAliq><CST>01</CST><vBC>399.00</vBC><pPIS>1.65</pPIS><vPIS>6.58</vPIS></PISAliq></PIS><COFINS><COFINSAliq><CST>01</CST><vBC>399.00</vBC><pCOFINS>7.60</pCOFINS><vCOFINS>30.32</vCOFINS></COFINSAliq></COFINS></imposto></det><total><ICMSTot><vBC>399.00</vBC><vICMS>71.82</vICMS><vICMSDeson>0.00</vICMSDeson><vFCP>0.00</vFCP><vBCST>0.00</vBCST><vST>0.00</vST><vFCPST>0.00</vFCPST><vFCPSTRet>0.00</vFCPSTRet><vProd>399.00</vProd><vFrete>0.00</vFrete><vSeg>0.00</vSeg><vDesc>0.00</vDesc><vII>0.00</vII><vIPI>0.00</vIPI><vIPIDevol>0.00</vIPIDevol><vPIS>6.58</vPIS><vCOFINS>30.32</vCOFINS><vOutro>0.00</vOutro><vNF>399.00</vNF></ICMSTot></total><transp><modFrete>9</modFrete></transp><pag><detPag><tPag>01</tPag><vPag>399.00</vPag></detPag></pag><infAdic><infCpl>NF-e de entrada de mercadoria.</infCpl></infAdic><infRespTec><CNPJ>58598900000162</CNPJ><xContato>FIGO Softwares</xContato><email>figo.devtech@gmail.com</email><fone>83987872668</fone></infRespTec></infNFe><Signature xmlns="http://www.w3.org/2000/09/xmldsig#"><SignedInfo><CanonicalizationMethod Algorithm="http://www.w3.org/TR/2001/REC-xml-c14n-20010315"/><SignatureMethod Algorithm="http://www.w3.org/2000/09/xmldsig#rsa-sha1"/><Reference URI="#NFe25260112260723000109550990000000151044915067"><Transforms><Transform Algorithm="http://www.w3.org/2000/09/xmldsig#enveloped-signature"/><Transform Algorithm="http://www.w3.org/TR/2001/REC-xml-c14n-20010315"/></Transforms><DigestMethod Algorithm="http://www.w3.org/2000/09/xmldsig#sha1"/><DigestValue>AidowLoXvKSqwpYi9r5pjMH1djk=</DigestValue></Reference></SignedInfo><SignatureValue>xtR1rbnMi3as5ErMoi1OKV3MAh/biLp18AyhvNfmdx+kiTjVFvvTxnY/+v2FegZBMtzyUFUzRK2L2VTbjMj6+TiOw/FDVnFduXxYRnhxYveVAbowI83/04+Gi3rJmrNrXoIvlfPReRU2bg6eccpOBRyigJ/NVFX++Gu6GyzMLnskuGtV6Akal9dn7Glsd4e9pRa8gGuHJRRF/gYKyZ29fdm9c6IbzJ/mwSCq+aeD747S4kedEB2XBLu+wR0f+fFnEIlHBAzCEWQTcYmrmfxj1dUnN5WSMei71oXfOzYveFpn99bqChOj9hUD15zajUZhUnei4JsYQDQjvTPVOinWWA==</SignatureValue><KeyInfo><X509Data><X509Certificate>MIIHfTCCBWWgAwIBAgIIeUF1+tGPJSUwDQYJKoZIhvcNAQELBQAwczELMAkGA1UEBhMCQlIxEzARBgNVBAoTCklDUC1CcmFzaWwxNjA0BgNVBAsTLVNlY3JldGFyaWEgZGEgUmVjZWl0YSBGZWRlcmFsIGRvIEJyYXNpbCAtIFJGQjEXMBUGA1UEAxMOQUMgQ05ETCBSRkIgdjMwHhcNMjUwMjEwMTI0NzE5WhcNMjYwMjEwMTI0NzE5WjCB+zELMAkGA1UEBhMCQlIxEzARBgNVBAoTCklDUC1CcmFzaWwxCzAJBgNVBAgTAlBCMRQwEgYDVQQHEwtKT0FPIFBFU1NPQTEXMBUGA1UECxMOMDkxMTc2MzEwMDAxNjAxNjA0BgNVBAsTLVNlY3JldGFyaWEgZGEgUmVjZWl0YSBGZWRlcmFsIGRvIEJyYXNpbCAtIFJGQjEWMBQGA1UECxMNUkZCIGUtQ05QSiBBMTEZMBcGA1UECxMQdmlkZW9jb25mZXJlbmNpYTEwMC4GA1UEAxMnQVVUTyBFTEVUUklDQSBERU1JUiBMVERBOjEyMjYwNzIzMDAwMTA5MIIBIjANBgkqhkiG9w0BAQEFAAOCAQ8AMIIBCgKCAQEAyRmv1XkNFE1/Z8XC8Dt7a8et4i1TSbfxtSMu2zNxvAu1L6BqbOS21Thwo+7dxL2+OlwDmw8/a3pXBrZQ89sQZ3UfwEt2Vc+iaM+0sOLgrXPDWJxVypYzAwDij9/F3WW2Kr/NoWsd7X2rvKZkOPUCgOsZ4FhGzeIxa1ev9z8nkmwrX8HpSmq/YgtlQpqMcZo/KKKxB6A+VFziaw/MHwJr0Y5pzJJqLoQhDpPL4cMvUSThDXyMnzzI5RdOe7a0faXIEXyQK5XDB1zONv2mzyAIZYuTJEivnwDc5MQF/XXPVYDk+A4Xj3bBIWQ37FlXo2AS/RMFWl66T9KIzndJqDVYNQIDAQABo4ICijCCAoYwHwYDVR0jBBgwFoAUax80FUEa6pseyiLSzt3vu+kyyokwDgYDVR0PAQH/BAQDAgXgMGcGA1UdIARgMF4wXAYGYEwBAgE0MFIwUAYIKwYBBQUHAgEWRGh0dHA6Ly9yZXBvc2l0b3Jpby5hY3NwY2JyYXNpbC5vcmcuYnIvYWMtY25kbHJmYi9hYy1jbmRsLXJmYi1kcGMucGRmMIGmBgNVHR8EgZ4wgZswS6BJoEeGRWh0dHA6Ly9yZXBvc2l0b3Jpby5hY3NwY2JyYXNpbC5vcmcuYnIvYWMtY25kbHJmYi9sY3ItYWMtY25kbHJmYnY1LmNybDBMoEqgSIZGaHR0cDovL3JlcG9zaXRvcmlvMi5hY3NwY2JyYXNpbC5vcmcuYnIvYWMtY25kbHJmYi9sY3ItYWMtY25kbHJmYnY1LmNybDBdBggrBgEFBQcBAQRRME8wTQYIKwYBBQUHMAKGQWh0dHA6Ly9yZXBvc2l0b3Jpby5hY3NwY2JyYXNpbC5vcmcuYnIvYWMtY25kbHJmYi9hYy1jbmRscmZidjUucDdiMIG3BgNVHREEga8wgayBGkZJTkFOQ0VJUk8uREVNSVJAR01BSUwuQ09NoCAGBWBMAQMCoBcTFUVETUlSIERFIExJTUEgTUFSVElOU6AZBgVgTAEDA6AQEw4xMjI2MDcyMzAwMDEwOaA4BgVgTAEDBKAvEy0wODEyMTk4MzA1MDkyNzA1NDkzMDAwMDAwMDAwMDAwMDAwMDAwMDAwMDAwMDCgFwYFYEwBAwegDhMMMDAwMDAwMDAwMDAwMB0GA1UdJQQWMBQGCCsGAQUFBwMCBggrBgEFBQcDBDAJBgNVHRMEAjAAMA0GCSqGSIb3DQEBCwUAA4ICAQA2hVDKQGMJVBWLQUXbEUBo/61gJjZAIKEfvVuRMxstx30qr3DcfEkBeL37nq9AA718p8Vo0aWkeB8S0JsntWjPVFEox0tbBCiChg3qfI2cA0IO1+H/084ZbdfrGxf83co+voIBcRpS5I/CZvqYa2ZZHDGThfMQSm7tvD2rZ2z/v8x/rvKSIkjQfUw6I87UY5X94bhR/mm/HjdXYTcvLkGDJTYpJXuGKaP8cjHORn8xHkk3MTYNWsWsmMHTECJSeZxnWaJfHfzLaZpUfAt9iK0Vh/5qGxteHRD/3sPl5VgCAmdR/i0M5IWYVL0xr+nCi7AH4wfbdvjkYLBe3gQBFY1DuNuAp9tzihBEg59ZqDySddaexWm0oy6v3pwuBTr7LGzvVWEODLTpmNOf8MDh6HPSgpccqc/XtmFo+LT0LIVeCE8Fj5FFj5p+qVdhlLgl0KgxVtxtwcfTpGd1FH1KF+VNK8EHwTf9jpNP+XRZmpBjcS6ZA2f6WaGN6DJTJMSZMTvy67i8Xu8N5UQoQBt+rXXKWgUXvbtmwN1mLmJCYaL0IRzqof0BcFVZWF8oU9vIkoKQbkRFk6WLUonkwgK5WGYfYHXnqRIBKRTgrnrLhrFeNIQ3VFSLT3M8hLw1C1R8wPmafDy90NqA0MoMe7P8QoTWzb2eczLhMslRBP52KRYbXA==</X509Certificate></X509Data></KeyInfo></Signature></NFe>	\N	\N	2026-02-01 01:50:40.959416+00	2026-02-01 01:51:31.791+00	1	\N	5102	\N	\N	\N	f	\N	3	19	\N
16	NFE	99	16	25260112260723000109550990000000161381687865	HOMOLOGACAO	REJEITADA	\N	\N	\N	2026-02-01 01:56:44.017+00	\N	\N	399.00	0.00	399.00	<?xml version="1.0" encoding="UTF-8"?><NFe xmlns="http://www.portalfiscal.inf.br/nfe"><infNFe Id="NFe25260112260723000109550990000000161381687865" versao="4.00"><ide><cUF>25</cUF><cNF>38168786</cNF><natOp>ENTRADA DE MERCADORIA</natOp><mod>55</mod><serie>99</serie><nNF>16</nNF><dhEmi>2026-01-31T22:56:44-03:00</dhEmi><tpNF>0</tpNF><idDest>1</idDest><cMunFG>2507507</cMunFG><tpImp>1</tpImp><tpEmis>1</tpEmis><cDV>5</cDV><tpAmb>2</tpAmb><finNFe>1</finNFe><indFinal>1</indFinal><indPres>1</indPres><procEmi>0</procEmi><verProc>ERPOficina 1.0.0</verProc></ide><emit><CNPJ>12260723000109</CNPJ><xNome>AUTO ELETRICA DEMIR LTDA</xNome><xFant>DEMIR INJECAO ELETRONICA A DIESEL</xFant><enderEmit><xLgr>RUA JORNALISTA JOSE RAMALHO</xLgr><nro>33</nro><xCpl>SALA 05</xCpl><xBairro>COSTA E SILVA</xBairro><cMun>2507507</cMun><xMun>JOAO PESSOA</xMun><UF>PB</UF><CEP>58081110</CEP><cPais>1058</cPais><xPais>BRASIL</xPais><fone>8332337025</fone></enderEmit><IE>161726542</IE><CRT>3</CRT></emit><dest><CNPJ>39788312000147</CNPJ><xNome>BRUNO BORGES DE MEDEIROS</xNome><enderDest><xLgr>BR 230, KM 53</xLgr><nro>S/N</nro><xBairro>MANGUINHOS</xBairro><cMun>0000000</cMun><xMun>BAYEUX</xMun><UF>PB</UF><CEP>58111001</CEP><cPais>1058</cPais><xPais>BRASIL</xPais></enderDest><indIEDest>9</indIEDest></dest><det nItem="1"><prod><cProd>26</cProd><cEAN>SEM GTIN</cEAN><xProd>Filtro de Óleo Wega WO-120</xProd><NCM>84212300</NCM><CFOP>6102</CFOP><uCom>UN</uCom><qCom>10.00</qCom><vUnCom>39.90</vUnCom><vProd>399.00</vProd><cEANTrib>SEM GTIN</cEANTrib><uTrib>UN</uTrib><qTrib>10.00</qTrib><vUnTrib>39.90</vUnTrib><indTot>1</indTot></prod><imposto><ICMS><ICMS00><orig>0</orig><CST>00</CST><modBC>3</modBC><vBC>399.00</vBC><pICMS>18.00</pICMS><vICMS>71.82</vICMS></ICMS00></ICMS><PIS><PISAliq><CST>01</CST><vBC>399.00</vBC><pPIS>1.65</pPIS><vPIS>6.58</vPIS></PISAliq></PIS><COFINS><COFINSAliq><CST>01</CST><vBC>399.00</vBC><pCOFINS>7.60</pCOFINS><vCOFINS>30.32</vCOFINS></COFINSAliq></COFINS></imposto></det><total><ICMSTot><vBC>399.00</vBC><vICMS>71.82</vICMS><vICMSDeson>0.00</vICMSDeson><vFCP>0.00</vFCP><vBCST>0.00</vBCST><vST>0.00</vST><vFCPST>0.00</vFCPST><vFCPSTRet>0.00</vFCPSTRet><vProd>399.00</vProd><vFrete>0.00</vFrete><vSeg>0.00</vSeg><vDesc>0.00</vDesc><vII>0.00</vII><vIPI>0.00</vIPI><vIPIDevol>0.00</vIPIDevol><vPIS>6.58</vPIS><vCOFINS>30.32</vCOFINS><vOutro>0.00</vOutro><vNF>399.00</vNF></ICMSTot></total><transp><modFrete>9</modFrete></transp><pag><detPag><tPag>01</tPag><vPag>399.00</vPag></detPag></pag><infAdic><infCpl>NF-e de entrada de mercadoria.</infCpl></infAdic><infRespTec><CNPJ>58598900000162</CNPJ><xContato>FIGO Softwares</xContato><email>figo.devtech@gmail.com</email><fone>83987872668</fone></infRespTec></infNFe><Signature xmlns="http://www.w3.org/2000/09/xmldsig#"><SignedInfo><CanonicalizationMethod Algorithm="http://www.w3.org/TR/2001/REC-xml-c14n-20010315"/><SignatureMethod Algorithm="http://www.w3.org/2000/09/xmldsig#rsa-sha1"/><Reference URI="#NFe25260112260723000109550990000000161381687865"><Transforms><Transform Algorithm="http://www.w3.org/2000/09/xmldsig#enveloped-signature"/><Transform Algorithm="http://www.w3.org/TR/2001/REC-xml-c14n-20010315"/></Transforms><DigestMethod Algorithm="http://www.w3.org/2000/09/xmldsig#sha1"/><DigestValue>86VGYnuiGS5+9nG9NIhK5FU8Cko=</DigestValue></Reference></SignedInfo><SignatureValue>i2qypo5Fsi4T26BLaIfFWsDC0mXALH+sFhZ7gMhkbOsOpt83zldGcfcC3CkTRelpF1uwxLcqXrl0iUGVuNeNJlIgaXqRs7aqnPBLpxlY6X+bFAcWh82jzV92nQX2uTGQoxmuKQUjQFrtSyaz2EJBfpNW1GXTGezauhuInz1Qc9c9CHbLH+xNX3pR1XllcxOQGI2mUtvoBMKGoAHw8CA+1PdUqGf8+TYAOk66NM2J3tydbWV0Xx4kYN2h4OhA3Sqs0nTr+po02JLCIANBvNApheG0JwNblY0CLaBnr3gGgl4pOK8ijoam+6iRyv8eeFK7EtCZM2W8gt1R9h7fgRfNzw==</SignatureValue><KeyInfo><X509Data><X509Certificate>MIIHfTCCBWWgAwIBAgIIeUF1+tGPJSUwDQYJKoZIhvcNAQELBQAwczELMAkGA1UEBhMCQlIxEzARBgNVBAoTCklDUC1CcmFzaWwxNjA0BgNVBAsTLVNlY3JldGFyaWEgZGEgUmVjZWl0YSBGZWRlcmFsIGRvIEJyYXNpbCAtIFJGQjEXMBUGA1UEAxMOQUMgQ05ETCBSRkIgdjMwHhcNMjUwMjEwMTI0NzE5WhcNMjYwMjEwMTI0NzE5WjCB+zELMAkGA1UEBhMCQlIxEzARBgNVBAoTCklDUC1CcmFzaWwxCzAJBgNVBAgTAlBCMRQwEgYDVQQHEwtKT0FPIFBFU1NPQTEXMBUGA1UECxMOMDkxMTc2MzEwMDAxNjAxNjA0BgNVBAsTLVNlY3JldGFyaWEgZGEgUmVjZWl0YSBGZWRlcmFsIGRvIEJyYXNpbCAtIFJGQjEWMBQGA1UECxMNUkZCIGUtQ05QSiBBMTEZMBcGA1UECxMQdmlkZW9jb25mZXJlbmNpYTEwMC4GA1UEAxMnQVVUTyBFTEVUUklDQSBERU1JUiBMVERBOjEyMjYwNzIzMDAwMTA5MIIBIjANBgkqhkiG9w0BAQEFAAOCAQ8AMIIBCgKCAQEAyRmv1XkNFE1/Z8XC8Dt7a8et4i1TSbfxtSMu2zNxvAu1L6BqbOS21Thwo+7dxL2+OlwDmw8/a3pXBrZQ89sQZ3UfwEt2Vc+iaM+0sOLgrXPDWJxVypYzAwDij9/F3WW2Kr/NoWsd7X2rvKZkOPUCgOsZ4FhGzeIxa1ev9z8nkmwrX8HpSmq/YgtlQpqMcZo/KKKxB6A+VFziaw/MHwJr0Y5pzJJqLoQhDpPL4cMvUSThDXyMnzzI5RdOe7a0faXIEXyQK5XDB1zONv2mzyAIZYuTJEivnwDc5MQF/XXPVYDk+A4Xj3bBIWQ37FlXo2AS/RMFWl66T9KIzndJqDVYNQIDAQABo4ICijCCAoYwHwYDVR0jBBgwFoAUax80FUEa6pseyiLSzt3vu+kyyokwDgYDVR0PAQH/BAQDAgXgMGcGA1UdIARgMF4wXAYGYEwBAgE0MFIwUAYIKwYBBQUHAgEWRGh0dHA6Ly9yZXBvc2l0b3Jpby5hY3NwY2JyYXNpbC5vcmcuYnIvYWMtY25kbHJmYi9hYy1jbmRsLXJmYi1kcGMucGRmMIGmBgNVHR8EgZ4wgZswS6BJoEeGRWh0dHA6Ly9yZXBvc2l0b3Jpby5hY3NwY2JyYXNpbC5vcmcuYnIvYWMtY25kbHJmYi9sY3ItYWMtY25kbHJmYnY1LmNybDBMoEqgSIZGaHR0cDovL3JlcG9zaXRvcmlvMi5hY3NwY2JyYXNpbC5vcmcuYnIvYWMtY25kbHJmYi9sY3ItYWMtY25kbHJmYnY1LmNybDBdBggrBgEFBQcBAQRRME8wTQYIKwYBBQUHMAKGQWh0dHA6Ly9yZXBvc2l0b3Jpby5hY3NwY2JyYXNpbC5vcmcuYnIvYWMtY25kbHJmYi9hYy1jbmRscmZidjUucDdiMIG3BgNVHREEga8wgayBGkZJTkFOQ0VJUk8uREVNSVJAR01BSUwuQ09NoCAGBWBMAQMCoBcTFUVETUlSIERFIExJTUEgTUFSVElOU6AZBgVgTAEDA6AQEw4xMjI2MDcyMzAwMDEwOaA4BgVgTAEDBKAvEy0wODEyMTk4MzA1MDkyNzA1NDkzMDAwMDAwMDAwMDAwMDAwMDAwMDAwMDAwMDCgFwYFYEwBAwegDhMMMDAwMDAwMDAwMDAwMB0GA1UdJQQWMBQGCCsGAQUFBwMCBggrBgEFBQcDBDAJBgNVHRMEAjAAMA0GCSqGSIb3DQEBCwUAA4ICAQA2hVDKQGMJVBWLQUXbEUBo/61gJjZAIKEfvVuRMxstx30qr3DcfEkBeL37nq9AA718p8Vo0aWkeB8S0JsntWjPVFEox0tbBCiChg3qfI2cA0IO1+H/084ZbdfrGxf83co+voIBcRpS5I/CZvqYa2ZZHDGThfMQSm7tvD2rZ2z/v8x/rvKSIkjQfUw6I87UY5X94bhR/mm/HjdXYTcvLkGDJTYpJXuGKaP8cjHORn8xHkk3MTYNWsWsmMHTECJSeZxnWaJfHfzLaZpUfAt9iK0Vh/5qGxteHRD/3sPl5VgCAmdR/i0M5IWYVL0xr+nCi7AH4wfbdvjkYLBe3gQBFY1DuNuAp9tzihBEg59ZqDySddaexWm0oy6v3pwuBTr7LGzvVWEODLTpmNOf8MDh6HPSgpccqc/XtmFo+LT0LIVeCE8Fj5FFj5p+qVdhlLgl0KgxVtxtwcfTpGd1FH1KF+VNK8EHwTf9jpNP+XRZmpBjcS6ZA2f6WaGN6DJTJMSZMTvy67i8Xu8N5UQoQBt+rXXKWgUXvbtmwN1mLmJCYaL0IRzqof0BcFVZWF8oU9vIkoKQbkRFk6WLUonkwgK5WGYfYHXnqRIBKRTgrnrLhrFeNIQ3VFSLT3M8hLw1C1R8wPmafDy90NqA0MoMe7P8QoTWzb2eczLhMslRBP52KRYbXA==</X509Certificate></X509Data></KeyInfo></Signature></NFe>	<?xml version="1.0" encoding="UTF-8"?><nfeProc xmlns="http://www.portalfiscal.inf.br/nfe" versao="4.00"><NFe xmlns="http://www.portalfiscal.inf.br/nfe"><infNFe Id="NFe25260112260723000109550990000000161381687865" versao="4.00"><ide><cUF>25</cUF><cNF>38168786</cNF><natOp>ENTRADA DE MERCADORIA</natOp><mod>55</mod><serie>99</serie><nNF>16</nNF><dhEmi>2026-01-31T22:56:44-03:00</dhEmi><tpNF>0</tpNF><idDest>1</idDest><cMunFG>2507507</cMunFG><tpImp>1</tpImp><tpEmis>1</tpEmis><cDV>5</cDV><tpAmb>2</tpAmb><finNFe>1</finNFe><indFinal>1</indFinal><indPres>1</indPres><procEmi>0</procEmi><verProc>ERPOficina 1.0.0</verProc></ide><emit><CNPJ>12260723000109</CNPJ><xNome>AUTO ELETRICA DEMIR LTDA</xNome><xFant>DEMIR INJECAO ELETRONICA A DIESEL</xFant><enderEmit><xLgr>RUA JORNALISTA JOSE RAMALHO</xLgr><nro>33</nro><xCpl>SALA 05</xCpl><xBairro>COSTA E SILVA</xBairro><cMun>2507507</cMun><xMun>JOAO PESSOA</xMun><UF>PB</UF><CEP>58081110</CEP><cPais>1058</cPais><xPais>BRASIL</xPais><fone>8332337025</fone></enderEmit><IE>161726542</IE><CRT>3</CRT></emit><dest><CNPJ>39788312000147</CNPJ><xNome>BRUNO BORGES DE MEDEIROS</xNome><enderDest><xLgr>BR 230, KM 53</xLgr><nro>S/N</nro><xBairro>MANGUINHOS</xBairro><cMun>0000000</cMun><xMun>BAYEUX</xMun><UF>PB</UF><CEP>58111001</CEP><cPais>1058</cPais><xPais>BRASIL</xPais></enderDest><indIEDest>9</indIEDest></dest><det nItem="1"><prod><cProd>26</cProd><cEAN>SEM GTIN</cEAN><xProd>Filtro de Óleo Wega WO-120</xProd><NCM>84212300</NCM><CFOP>6102</CFOP><uCom>UN</uCom><qCom>10.00</qCom><vUnCom>39.90</vUnCom><vProd>399.00</vProd><cEANTrib>SEM GTIN</cEANTrib><uTrib>UN</uTrib><qTrib>10.00</qTrib><vUnTrib>39.90</vUnTrib><indTot>1</indTot></prod><imposto><ICMS><ICMS00><orig>0</orig><CST>00</CST><modBC>3</modBC><vBC>399.00</vBC><pICMS>18.00</pICMS><vICMS>71.82</vICMS></ICMS00></ICMS><PIS><PISAliq><CST>01</CST><vBC>399.00</vBC><pPIS>1.65</pPIS><vPIS>6.58</vPIS></PISAliq></PIS><COFINS><COFINSAliq><CST>01</CST><vBC>399.00</vBC><pCOFINS>7.60</pCOFINS><vCOFINS>30.32</vCOFINS></COFINSAliq></COFINS></imposto></det><total><ICMSTot><vBC>399.00</vBC><vICMS>71.82</vICMS><vICMSDeson>0.00</vICMSDeson><vFCP>0.00</vFCP><vBCST>0.00</vBCST><vST>0.00</vST><vFCPST>0.00</vFCPST><vFCPSTRet>0.00</vFCPSTRet><vProd>399.00</vProd><vFrete>0.00</vFrete><vSeg>0.00</vSeg><vDesc>0.00</vDesc><vII>0.00</vII><vIPI>0.00</vIPI><vIPIDevol>0.00</vIPIDevol><vPIS>6.58</vPIS><vCOFINS>30.32</vCOFINS><vOutro>0.00</vOutro><vNF>399.00</vNF></ICMSTot></total><transp><modFrete>9</modFrete></transp><pag><detPag><tPag>01</tPag><vPag>399.00</vPag></detPag></pag><infAdic><infCpl>NF-e de entrada de mercadoria.</infCpl></infAdic><infRespTec><CNPJ>58598900000162</CNPJ><xContato>FIGO Softwares</xContato><email>figo.devtech@gmail.com</email><fone>83987872668</fone></infRespTec></infNFe><Signature xmlns="http://www.w3.org/2000/09/xmldsig#"><SignedInfo><CanonicalizationMethod Algorithm="http://www.w3.org/TR/2001/REC-xml-c14n-20010315"/><SignatureMethod Algorithm="http://www.w3.org/2000/09/xmldsig#rsa-sha1"/><Reference URI="#NFe25260112260723000109550990000000161381687865"><Transforms><Transform Algorithm="http://www.w3.org/2000/09/xmldsig#enveloped-signature"/><Transform Algorithm="http://www.w3.org/TR/2001/REC-xml-c14n-20010315"/></Transforms><DigestMethod Algorithm="http://www.w3.org/2000/09/xmldsig#sha1"/><DigestValue>86VGYnuiGS5+9nG9NIhK5FU8Cko=</DigestValue></Reference></SignedInfo><SignatureValue>i2qypo5Fsi4T26BLaIfFWsDC0mXALH+sFhZ7gMhkbOsOpt83zldGcfcC3CkTRelpF1uwxLcqXrl0iUGVuNeNJlIgaXqRs7aqnPBLpxlY6X+bFAcWh82jzV92nQX2uTGQoxmuKQUjQFrtSyaz2EJBfpNW1GXTGezauhuInz1Qc9c9CHbLH+xNX3pR1XllcxOQGI2mUtvoBMKGoAHw8CA+1PdUqGf8+TYAOk66NM2J3tydbWV0Xx4kYN2h4OhA3Sqs0nTr+po02JLCIANBvNApheG0JwNblY0CLaBnr3gGgl4pOK8ijoam+6iRyv8eeFK7EtCZM2W8gt1R9h7fgRfNzw==</SignatureValue><KeyInfo><X509Data><X509Certificate>MIIHfTCCBWWgAwIBAgIIeUF1+tGPJSUwDQYJKoZIhvcNAQELBQAwczELMAkGA1UEBhMCQlIxEzARBgNVBAoTCklDUC1CcmFzaWwxNjA0BgNVBAsTLVNlY3JldGFyaWEgZGEgUmVjZWl0YSBGZWRlcmFsIGRvIEJyYXNpbCAtIFJGQjEXMBUGA1UEAxMOQUMgQ05ETCBSRkIgdjMwHhcNMjUwMjEwMTI0NzE5WhcNMjYwMjEwMTI0NzE5WjCB+zELMAkGA1UEBhMCQlIxEzARBgNVBAoTCklDUC1CcmFzaWwxCzAJBgNVBAgTAlBCMRQwEgYDVQQHEwtKT0FPIFBFU1NPQTEXMBUGA1UECxMOMDkxMTc2MzEwMDAxNjAxNjA0BgNVBAsTLVNlY3JldGFyaWEgZGEgUmVjZWl0YSBGZWRlcmFsIGRvIEJyYXNpbCAtIFJGQjEWMBQGA1UECxMNUkZCIGUtQ05QSiBBMTEZMBcGA1UECxMQdmlkZW9jb25mZXJlbmNpYTEwMC4GA1UEAxMnQVVUTyBFTEVUUklDQSBERU1JUiBMVERBOjEyMjYwNzIzMDAwMTA5MIIBIjANBgkqhkiG9w0BAQEFAAOCAQ8AMIIBCgKCAQEAyRmv1XkNFE1/Z8XC8Dt7a8et4i1TSbfxtSMu2zNxvAu1L6BqbOS21Thwo+7dxL2+OlwDmw8/a3pXBrZQ89sQZ3UfwEt2Vc+iaM+0sOLgrXPDWJxVypYzAwDij9/F3WW2Kr/NoWsd7X2rvKZkOPUCgOsZ4FhGzeIxa1ev9z8nkmwrX8HpSmq/YgtlQpqMcZo/KKKxB6A+VFziaw/MHwJr0Y5pzJJqLoQhDpPL4cMvUSThDXyMnzzI5RdOe7a0faXIEXyQK5XDB1zONv2mzyAIZYuTJEivnwDc5MQF/XXPVYDk+A4Xj3bBIWQ37FlXo2AS/RMFWl66T9KIzndJqDVYNQIDAQABo4ICijCCAoYwHwYDVR0jBBgwFoAUax80FUEa6pseyiLSzt3vu+kyyokwDgYDVR0PAQH/BAQDAgXgMGcGA1UdIARgMF4wXAYGYEwBAgE0MFIwUAYIKwYBBQUHAgEWRGh0dHA6Ly9yZXBvc2l0b3Jpby5hY3NwY2JyYXNpbC5vcmcuYnIvYWMtY25kbHJmYi9hYy1jbmRsLXJmYi1kcGMucGRmMIGmBgNVHR8EgZ4wgZswS6BJoEeGRWh0dHA6Ly9yZXBvc2l0b3Jpby5hY3NwY2JyYXNpbC5vcmcuYnIvYWMtY25kbHJmYi9sY3ItYWMtY25kbHJmYnY1LmNybDBMoEqgSIZGaHR0cDovL3JlcG9zaXRvcmlvMi5hY3NwY2JyYXNpbC5vcmcuYnIvYWMtY25kbHJmYi9sY3ItYWMtY25kbHJmYnY1LmNybDBdBggrBgEFBQcBAQRRME8wTQYIKwYBBQUHMAKGQWh0dHA6Ly9yZXBvc2l0b3Jpby5hY3NwY2JyYXNpbC5vcmcuYnIvYWMtY25kbHJmYi9hYy1jbmRscmZidjUucDdiMIG3BgNVHREEga8wgayBGkZJTkFOQ0VJUk8uREVNSVJAR01BSUwuQ09NoCAGBWBMAQMCoBcTFUVETUlSIERFIExJTUEgTUFSVElOU6AZBgVgTAEDA6AQEw4xMjI2MDcyMzAwMDEwOaA4BgVgTAEDBKAvEy0wODEyMTk4MzA1MDkyNzA1NDkzMDAwMDAwMDAwMDAwMDAwMDAwMDAwMDAwMDCgFwYFYEwBAwegDhMMMDAwMDAwMDAwMDAwMB0GA1UdJQQWMBQGCCsGAQUFBwMCBggrBgEFBQcDBDAJBgNVHRMEAjAAMA0GCSqGSIb3DQEBCwUAA4ICAQA2hVDKQGMJVBWLQUXbEUBo/61gJjZAIKEfvVuRMxstx30qr3DcfEkBeL37nq9AA718p8Vo0aWkeB8S0JsntWjPVFEox0tbBCiChg3qfI2cA0IO1+H/084ZbdfrGxf83co+voIBcRpS5I/CZvqYa2ZZHDGThfMQSm7tvD2rZ2z/v8x/rvKSIkjQfUw6I87UY5X94bhR/mm/HjdXYTcvLkGDJTYpJXuGKaP8cjHORn8xHkk3MTYNWsWsmMHTECJSeZxnWaJfHfzLaZpUfAt9iK0Vh/5qGxteHRD/3sPl5VgCAmdR/i0M5IWYVL0xr+nCi7AH4wfbdvjkYLBe3gQBFY1DuNuAp9tzihBEg59ZqDySddaexWm0oy6v3pwuBTr7LGzvVWEODLTpmNOf8MDh6HPSgpccqc/XtmFo+LT0LIVeCE8Fj5FFj5p+qVdhlLgl0KgxVtxtwcfTpGd1FH1KF+VNK8EHwTf9jpNP+XRZmpBjcS6ZA2f6WaGN6DJTJMSZMTvy67i8Xu8N5UQoQBt+rXXKWgUXvbtmwN1mLmJCYaL0IRzqof0BcFVZWF8oU9vIkoKQbkRFk6WLUonkwgK5WGYfYHXnqRIBKRTgrnrLhrFeNIQ3VFSLT3M8hLw1C1R8wPmafDy90NqA0MoMe7P8QoTWzb2eczLhMslRBP52KRYbXA==</X509Certificate></X509Data></KeyInfo></Signature></NFe><protNFe versao="4.00"><infProt><tpAmb>2</tpAmb><verAplic>SVRS2512230852</verAplic><chNFe>25260112260723000109550990000000161381687865</chNFe><dhRecbto>2026-01-31T22:56:05-03:00</dhRecbto><digVal>86VGYnuiGS5+9nG9NIhK5FU8Cko=</digVal><cStat>598</cStat><xMotivo>Rejeicao: NF-e emitida em ambiente de homologacao com Razao Social do destinatario diferente de NF-E EMITIDA EM AMBIENTE DE HOMOLOGACAO - SEM VALOR FISCAL</xMotivo></infProt></protNFe></nfeProc>	\N	2026-02-01 01:55:57.629514+00	2026-02-01 01:56:51.877+00	1	\N	6102	\N	\N	\N	f	\N	3	19	\N
17	NFE	99	17	25260112260723000109550990000000171860604126	HOMOLOGACAO	REJEITADA	\N	\N	\N	2026-02-01 01:56:58.206+00	\N	\N	399.00	0.00	399.00	<?xml version="1.0" encoding="UTF-8"?><NFe xmlns="http://www.portalfiscal.inf.br/nfe"><infNFe Id="NFe25260112260723000109550990000000171860604126" versao="4.00"><ide><cUF>25</cUF><cNF>86060412</cNF><natOp>ENTRADA DE MERCADORIA</natOp><mod>55</mod><serie>99</serie><nNF>17</nNF><dhEmi>2026-01-31T22:56:58-03:00</dhEmi><tpNF>0</tpNF><idDest>1</idDest><cMunFG>2507507</cMunFG><tpImp>1</tpImp><tpEmis>1</tpEmis><cDV>6</cDV><tpAmb>2</tpAmb><finNFe>1</finNFe><indFinal>1</indFinal><indPres>1</indPres><procEmi>0</procEmi><verProc>ERPOficina 1.0.0</verProc></ide><emit><CNPJ>12260723000109</CNPJ><xNome>AUTO ELETRICA DEMIR LTDA</xNome><xFant>DEMIR INJECAO ELETRONICA A DIESEL</xFant><enderEmit><xLgr>RUA JORNALISTA JOSE RAMALHO</xLgr><nro>33</nro><xCpl>SALA 05</xCpl><xBairro>COSTA E SILVA</xBairro><cMun>2507507</cMun><xMun>JOAO PESSOA</xMun><UF>PB</UF><CEP>58081110</CEP><cPais>1058</cPais><xPais>BRASIL</xPais><fone>8332337025</fone></enderEmit><IE>161726542</IE><CRT>3</CRT></emit><dest><CNPJ>39788312000147</CNPJ><xNome>NF-E EMITIDA EM AMBIENTE DE HOMOLOGACAO</xNome><enderDest><xLgr>BR 230, KM 53</xLgr><nro>S/N</nro><xBairro>MANGUINHOS</xBairro><cMun>0000000</cMun><xMun>BAYEUX</xMun><UF>PB</UF><CEP>58111001</CEP><cPais>1058</cPais><xPais>BRASIL</xPais></enderDest><indIEDest>9</indIEDest></dest><det nItem="1"><prod><cProd>26</cProd><cEAN>SEM GTIN</cEAN><xProd>Filtro de Óleo Wega WO-120</xProd><NCM>84212300</NCM><CFOP>6102</CFOP><uCom>UN</uCom><qCom>10.00</qCom><vUnCom>39.90</vUnCom><vProd>399.00</vProd><cEANTrib>SEM GTIN</cEANTrib><uTrib>UN</uTrib><qTrib>10.00</qTrib><vUnTrib>39.90</vUnTrib><indTot>1</indTot></prod><imposto><ICMS><ICMS00><orig>0</orig><CST>00</CST><modBC>3</modBC><vBC>399.00</vBC><pICMS>18.00</pICMS><vICMS>71.82</vICMS></ICMS00></ICMS><PIS><PISAliq><CST>01</CST><vBC>399.00</vBC><pPIS>1.65</pPIS><vPIS>6.58</vPIS></PISAliq></PIS><COFINS><COFINSAliq><CST>01</CST><vBC>399.00</vBC><pCOFINS>7.60</pCOFINS><vCOFINS>30.32</vCOFINS></COFINSAliq></COFINS></imposto></det><total><ICMSTot><vBC>399.00</vBC><vICMS>71.82</vICMS><vICMSDeson>0.00</vICMSDeson><vFCP>0.00</vFCP><vBCST>0.00</vBCST><vST>0.00</vST><vFCPST>0.00</vFCPST><vFCPSTRet>0.00</vFCPSTRet><vProd>399.00</vProd><vFrete>0.00</vFrete><vSeg>0.00</vSeg><vDesc>0.00</vDesc><vII>0.00</vII><vIPI>0.00</vIPI><vIPIDevol>0.00</vIPIDevol><vPIS>6.58</vPIS><vCOFINS>30.32</vCOFINS><vOutro>0.00</vOutro><vNF>399.00</vNF></ICMSTot></total><transp><modFrete>9</modFrete></transp><pag><detPag><tPag>01</tPag><vPag>399.00</vPag></detPag></pag><infAdic><infCpl>NF-e de entrada de mercadoria.</infCpl></infAdic><infRespTec><CNPJ>58598900000162</CNPJ><xContato>FIGO Softwares</xContato><email>figo.devtech@gmail.com</email><fone>83987872668</fone></infRespTec></infNFe><Signature xmlns="http://www.w3.org/2000/09/xmldsig#"><SignedInfo><CanonicalizationMethod Algorithm="http://www.w3.org/TR/2001/REC-xml-c14n-20010315"/><SignatureMethod Algorithm="http://www.w3.org/2000/09/xmldsig#rsa-sha1"/><Reference URI="#NFe25260112260723000109550990000000171860604126"><Transforms><Transform Algorithm="http://www.w3.org/2000/09/xmldsig#enveloped-signature"/><Transform Algorithm="http://www.w3.org/TR/2001/REC-xml-c14n-20010315"/></Transforms><DigestMethod Algorithm="http://www.w3.org/2000/09/xmldsig#sha1"/><DigestValue>bD5QxJ2NrFJR+yOfG2HGlKQ7Q3M=</DigestValue></Reference></SignedInfo><SignatureValue>IS1Hnd0tci+niXdJssFLEbfC6GE9x0/DaLnT+zku0nv1RwuuyjEWN0iExy88Tu1aCDuEDWWlt9i+3mye5nk1NJzMpa6tt6e8I2bygwhwEb+BgsixC4jBVNUatb+wwEVKE91kP2g5fpNpBvnBpy6++k+IZ1ARxjGAFsaY3MhRoc6JaXwjmiCyYfQlsKbS55j+HYr1JQzqim7sosAkGAZnCEN+1u83TZcZLH/CY/mqYfBwVTuspBSX3nXcyVvSCcrsK/9TdSltnW3f5nb/1ZsaMsk9RgIZD3K4vWlm5LTEr2Eo209ujRvHIkvGPGQs9Y13qpTZI4l5nsWGKtOj0xcJww==</SignatureValue><KeyInfo><X509Data><X509Certificate>MIIHfTCCBWWgAwIBAgIIeUF1+tGPJSUwDQYJKoZIhvcNAQELBQAwczELMAkGA1UEBhMCQlIxEzARBgNVBAoTCklDUC1CcmFzaWwxNjA0BgNVBAsTLVNlY3JldGFyaWEgZGEgUmVjZWl0YSBGZWRlcmFsIGRvIEJyYXNpbCAtIFJGQjEXMBUGA1UEAxMOQUMgQ05ETCBSRkIgdjMwHhcNMjUwMjEwMTI0NzE5WhcNMjYwMjEwMTI0NzE5WjCB+zELMAkGA1UEBhMCQlIxEzARBgNVBAoTCklDUC1CcmFzaWwxCzAJBgNVBAgTAlBCMRQwEgYDVQQHEwtKT0FPIFBFU1NPQTEXMBUGA1UECxMOMDkxMTc2MzEwMDAxNjAxNjA0BgNVBAsTLVNlY3JldGFyaWEgZGEgUmVjZWl0YSBGZWRlcmFsIGRvIEJyYXNpbCAtIFJGQjEWMBQGA1UECxMNUkZCIGUtQ05QSiBBMTEZMBcGA1UECxMQdmlkZW9jb25mZXJlbmNpYTEwMC4GA1UEAxMnQVVUTyBFTEVUUklDQSBERU1JUiBMVERBOjEyMjYwNzIzMDAwMTA5MIIBIjANBgkqhkiG9w0BAQEFAAOCAQ8AMIIBCgKCAQEAyRmv1XkNFE1/Z8XC8Dt7a8et4i1TSbfxtSMu2zNxvAu1L6BqbOS21Thwo+7dxL2+OlwDmw8/a3pXBrZQ89sQZ3UfwEt2Vc+iaM+0sOLgrXPDWJxVypYzAwDij9/F3WW2Kr/NoWsd7X2rvKZkOPUCgOsZ4FhGzeIxa1ev9z8nkmwrX8HpSmq/YgtlQpqMcZo/KKKxB6A+VFziaw/MHwJr0Y5pzJJqLoQhDpPL4cMvUSThDXyMnzzI5RdOe7a0faXIEXyQK5XDB1zONv2mzyAIZYuTJEivnwDc5MQF/XXPVYDk+A4Xj3bBIWQ37FlXo2AS/RMFWl66T9KIzndJqDVYNQIDAQABo4ICijCCAoYwHwYDVR0jBBgwFoAUax80FUEa6pseyiLSzt3vu+kyyokwDgYDVR0PAQH/BAQDAgXgMGcGA1UdIARgMF4wXAYGYEwBAgE0MFIwUAYIKwYBBQUHAgEWRGh0dHA6Ly9yZXBvc2l0b3Jpby5hY3NwY2JyYXNpbC5vcmcuYnIvYWMtY25kbHJmYi9hYy1jbmRsLXJmYi1kcGMucGRmMIGmBgNVHR8EgZ4wgZswS6BJoEeGRWh0dHA6Ly9yZXBvc2l0b3Jpby5hY3NwY2JyYXNpbC5vcmcuYnIvYWMtY25kbHJmYi9sY3ItYWMtY25kbHJmYnY1LmNybDBMoEqgSIZGaHR0cDovL3JlcG9zaXRvcmlvMi5hY3NwY2JyYXNpbC5vcmcuYnIvYWMtY25kbHJmYi9sY3ItYWMtY25kbHJmYnY1LmNybDBdBggrBgEFBQcBAQRRME8wTQYIKwYBBQUHMAKGQWh0dHA6Ly9yZXBvc2l0b3Jpby5hY3NwY2JyYXNpbC5vcmcuYnIvYWMtY25kbHJmYi9hYy1jbmRscmZidjUucDdiMIG3BgNVHREEga8wgayBGkZJTkFOQ0VJUk8uREVNSVJAR01BSUwuQ09NoCAGBWBMAQMCoBcTFUVETUlSIERFIExJTUEgTUFSVElOU6AZBgVgTAEDA6AQEw4xMjI2MDcyMzAwMDEwOaA4BgVgTAEDBKAvEy0wODEyMTk4MzA1MDkyNzA1NDkzMDAwMDAwMDAwMDAwMDAwMDAwMDAwMDAwMDCgFwYFYEwBAwegDhMMMDAwMDAwMDAwMDAwMB0GA1UdJQQWMBQGCCsGAQUFBwMCBggrBgEFBQcDBDAJBgNVHRMEAjAAMA0GCSqGSIb3DQEBCwUAA4ICAQA2hVDKQGMJVBWLQUXbEUBo/61gJjZAIKEfvVuRMxstx30qr3DcfEkBeL37nq9AA718p8Vo0aWkeB8S0JsntWjPVFEox0tbBCiChg3qfI2cA0IO1+H/084ZbdfrGxf83co+voIBcRpS5I/CZvqYa2ZZHDGThfMQSm7tvD2rZ2z/v8x/rvKSIkjQfUw6I87UY5X94bhR/mm/HjdXYTcvLkGDJTYpJXuGKaP8cjHORn8xHkk3MTYNWsWsmMHTECJSeZxnWaJfHfzLaZpUfAt9iK0Vh/5qGxteHRD/3sPl5VgCAmdR/i0M5IWYVL0xr+nCi7AH4wfbdvjkYLBe3gQBFY1DuNuAp9tzihBEg59ZqDySddaexWm0oy6v3pwuBTr7LGzvVWEODLTpmNOf8MDh6HPSgpccqc/XtmFo+LT0LIVeCE8Fj5FFj5p+qVdhlLgl0KgxVtxtwcfTpGd1FH1KF+VNK8EHwTf9jpNP+XRZmpBjcS6ZA2f6WaGN6DJTJMSZMTvy67i8Xu8N5UQoQBt+rXXKWgUXvbtmwN1mLmJCYaL0IRzqof0BcFVZWF8oU9vIkoKQbkRFk6WLUonkwgK5WGYfYHXnqRIBKRTgrnrLhrFeNIQ3VFSLT3M8hLw1C1R8wPmafDy90NqA0MoMe7P8QoTWzb2eczLhMslRBP52KRYbXA==</X509Certificate></X509Data></KeyInfo></Signature></NFe>	<?xml version="1.0" encoding="UTF-8"?><nfeProc xmlns="http://www.portalfiscal.inf.br/nfe" versao="4.00"><NFe xmlns="http://www.portalfiscal.inf.br/nfe"><infNFe Id="NFe25260112260723000109550990000000171860604126" versao="4.00"><ide><cUF>25</cUF><cNF>86060412</cNF><natOp>ENTRADA DE MERCADORIA</natOp><mod>55</mod><serie>99</serie><nNF>17</nNF><dhEmi>2026-01-31T22:56:58-03:00</dhEmi><tpNF>0</tpNF><idDest>1</idDest><cMunFG>2507507</cMunFG><tpImp>1</tpImp><tpEmis>1</tpEmis><cDV>6</cDV><tpAmb>2</tpAmb><finNFe>1</finNFe><indFinal>1</indFinal><indPres>1</indPres><procEmi>0</procEmi><verProc>ERPOficina 1.0.0</verProc></ide><emit><CNPJ>12260723000109</CNPJ><xNome>AUTO ELETRICA DEMIR LTDA</xNome><xFant>DEMIR INJECAO ELETRONICA A DIESEL</xFant><enderEmit><xLgr>RUA JORNALISTA JOSE RAMALHO</xLgr><nro>33</nro><xCpl>SALA 05</xCpl><xBairro>COSTA E SILVA</xBairro><cMun>2507507</cMun><xMun>JOAO PESSOA</xMun><UF>PB</UF><CEP>58081110</CEP><cPais>1058</cPais><xPais>BRASIL</xPais><fone>8332337025</fone></enderEmit><IE>161726542</IE><CRT>3</CRT></emit><dest><CNPJ>39788312000147</CNPJ><xNome>NF-E EMITIDA EM AMBIENTE DE HOMOLOGACAO</xNome><enderDest><xLgr>BR 230, KM 53</xLgr><nro>S/N</nro><xBairro>MANGUINHOS</xBairro><cMun>0000000</cMun><xMun>BAYEUX</xMun><UF>PB</UF><CEP>58111001</CEP><cPais>1058</cPais><xPais>BRASIL</xPais></enderDest><indIEDest>9</indIEDest></dest><det nItem="1"><prod><cProd>26</cProd><cEAN>SEM GTIN</cEAN><xProd>Filtro de Óleo Wega WO-120</xProd><NCM>84212300</NCM><CFOP>6102</CFOP><uCom>UN</uCom><qCom>10.00</qCom><vUnCom>39.90</vUnCom><vProd>399.00</vProd><cEANTrib>SEM GTIN</cEANTrib><uTrib>UN</uTrib><qTrib>10.00</qTrib><vUnTrib>39.90</vUnTrib><indTot>1</indTot></prod><imposto><ICMS><ICMS00><orig>0</orig><CST>00</CST><modBC>3</modBC><vBC>399.00</vBC><pICMS>18.00</pICMS><vICMS>71.82</vICMS></ICMS00></ICMS><PIS><PISAliq><CST>01</CST><vBC>399.00</vBC><pPIS>1.65</pPIS><vPIS>6.58</vPIS></PISAliq></PIS><COFINS><COFINSAliq><CST>01</CST><vBC>399.00</vBC><pCOFINS>7.60</pCOFINS><vCOFINS>30.32</vCOFINS></COFINSAliq></COFINS></imposto></det><total><ICMSTot><vBC>399.00</vBC><vICMS>71.82</vICMS><vICMSDeson>0.00</vICMSDeson><vFCP>0.00</vFCP><vBCST>0.00</vBCST><vST>0.00</vST><vFCPST>0.00</vFCPST><vFCPSTRet>0.00</vFCPSTRet><vProd>399.00</vProd><vFrete>0.00</vFrete><vSeg>0.00</vSeg><vDesc>0.00</vDesc><vII>0.00</vII><vIPI>0.00</vIPI><vIPIDevol>0.00</vIPIDevol><vPIS>6.58</vPIS><vCOFINS>30.32</vCOFINS><vOutro>0.00</vOutro><vNF>399.00</vNF></ICMSTot></total><transp><modFrete>9</modFrete></transp><pag><detPag><tPag>01</tPag><vPag>399.00</vPag></detPag></pag><infAdic><infCpl>NF-e de entrada de mercadoria.</infCpl></infAdic><infRespTec><CNPJ>58598900000162</CNPJ><xContato>FIGO Softwares</xContato><email>figo.devtech@gmail.com</email><fone>83987872668</fone></infRespTec></infNFe><Signature xmlns="http://www.w3.org/2000/09/xmldsig#"><SignedInfo><CanonicalizationMethod Algorithm="http://www.w3.org/TR/2001/REC-xml-c14n-20010315"/><SignatureMethod Algorithm="http://www.w3.org/2000/09/xmldsig#rsa-sha1"/><Reference URI="#NFe25260112260723000109550990000000171860604126"><Transforms><Transform Algorithm="http://www.w3.org/2000/09/xmldsig#enveloped-signature"/><Transform Algorithm="http://www.w3.org/TR/2001/REC-xml-c14n-20010315"/></Transforms><DigestMethod Algorithm="http://www.w3.org/2000/09/xmldsig#sha1"/><DigestValue>bD5QxJ2NrFJR+yOfG2HGlKQ7Q3M=</DigestValue></Reference></SignedInfo><SignatureValue>IS1Hnd0tci+niXdJssFLEbfC6GE9x0/DaLnT+zku0nv1RwuuyjEWN0iExy88Tu1aCDuEDWWlt9i+3mye5nk1NJzMpa6tt6e8I2bygwhwEb+BgsixC4jBVNUatb+wwEVKE91kP2g5fpNpBvnBpy6++k+IZ1ARxjGAFsaY3MhRoc6JaXwjmiCyYfQlsKbS55j+HYr1JQzqim7sosAkGAZnCEN+1u83TZcZLH/CY/mqYfBwVTuspBSX3nXcyVvSCcrsK/9TdSltnW3f5nb/1ZsaMsk9RgIZD3K4vWlm5LTEr2Eo209ujRvHIkvGPGQs9Y13qpTZI4l5nsWGKtOj0xcJww==</SignatureValue><KeyInfo><X509Data><X509Certificate>MIIHfTCCBWWgAwIBAgIIeUF1+tGPJSUwDQYJKoZIhvcNAQELBQAwczELMAkGA1UEBhMCQlIxEzARBgNVBAoTCklDUC1CcmFzaWwxNjA0BgNVBAsTLVNlY3JldGFyaWEgZGEgUmVjZWl0YSBGZWRlcmFsIGRvIEJyYXNpbCAtIFJGQjEXMBUGA1UEAxMOQUMgQ05ETCBSRkIgdjMwHhcNMjUwMjEwMTI0NzE5WhcNMjYwMjEwMTI0NzE5WjCB+zELMAkGA1UEBhMCQlIxEzARBgNVBAoTCklDUC1CcmFzaWwxCzAJBgNVBAgTAlBCMRQwEgYDVQQHEwtKT0FPIFBFU1NPQTEXMBUGA1UECxMOMDkxMTc2MzEwMDAxNjAxNjA0BgNVBAsTLVNlY3JldGFyaWEgZGEgUmVjZWl0YSBGZWRlcmFsIGRvIEJyYXNpbCAtIFJGQjEWMBQGA1UECxMNUkZCIGUtQ05QSiBBMTEZMBcGA1UECxMQdmlkZW9jb25mZXJlbmNpYTEwMC4GA1UEAxMnQVVUTyBFTEVUUklDQSBERU1JUiBMVERBOjEyMjYwNzIzMDAwMTA5MIIBIjANBgkqhkiG9w0BAQEFAAOCAQ8AMIIBCgKCAQEAyRmv1XkNFE1/Z8XC8Dt7a8et4i1TSbfxtSMu2zNxvAu1L6BqbOS21Thwo+7dxL2+OlwDmw8/a3pXBrZQ89sQZ3UfwEt2Vc+iaM+0sOLgrXPDWJxVypYzAwDij9/F3WW2Kr/NoWsd7X2rvKZkOPUCgOsZ4FhGzeIxa1ev9z8nkmwrX8HpSmq/YgtlQpqMcZo/KKKxB6A+VFziaw/MHwJr0Y5pzJJqLoQhDpPL4cMvUSThDXyMnzzI5RdOe7a0faXIEXyQK5XDB1zONv2mzyAIZYuTJEivnwDc5MQF/XXPVYDk+A4Xj3bBIWQ37FlXo2AS/RMFWl66T9KIzndJqDVYNQIDAQABo4ICijCCAoYwHwYDVR0jBBgwFoAUax80FUEa6pseyiLSzt3vu+kyyokwDgYDVR0PAQH/BAQDAgXgMGcGA1UdIARgMF4wXAYGYEwBAgE0MFIwUAYIKwYBBQUHAgEWRGh0dHA6Ly9yZXBvc2l0b3Jpby5hY3NwY2JyYXNpbC5vcmcuYnIvYWMtY25kbHJmYi9hYy1jbmRsLXJmYi1kcGMucGRmMIGmBgNVHR8EgZ4wgZswS6BJoEeGRWh0dHA6Ly9yZXBvc2l0b3Jpby5hY3NwY2JyYXNpbC5vcmcuYnIvYWMtY25kbHJmYi9sY3ItYWMtY25kbHJmYnY1LmNybDBMoEqgSIZGaHR0cDovL3JlcG9zaXRvcmlvMi5hY3NwY2JyYXNpbC5vcmcuYnIvYWMtY25kbHJmYi9sY3ItYWMtY25kbHJmYnY1LmNybDBdBggrBgEFBQcBAQRRME8wTQYIKwYBBQUHMAKGQWh0dHA6Ly9yZXBvc2l0b3Jpby5hY3NwY2JyYXNpbC5vcmcuYnIvYWMtY25kbHJmYi9hYy1jbmRscmZidjUucDdiMIG3BgNVHREEga8wgayBGkZJTkFOQ0VJUk8uREVNSVJAR01BSUwuQ09NoCAGBWBMAQMCoBcTFUVETUlSIERFIExJTUEgTUFSVElOU6AZBgVgTAEDA6AQEw4xMjI2MDcyMzAwMDEwOaA4BgVgTAEDBKAvEy0wODEyMTk4MzA1MDkyNzA1NDkzMDAwMDAwMDAwMDAwMDAwMDAwMDAwMDAwMDCgFwYFYEwBAwegDhMMMDAwMDAwMDAwMDAwMB0GA1UdJQQWMBQGCCsGAQUFBwMCBggrBgEFBQcDBDAJBgNVHRMEAjAAMA0GCSqGSIb3DQEBCwUAA4ICAQA2hVDKQGMJVBWLQUXbEUBo/61gJjZAIKEfvVuRMxstx30qr3DcfEkBeL37nq9AA718p8Vo0aWkeB8S0JsntWjPVFEox0tbBCiChg3qfI2cA0IO1+H/084ZbdfrGxf83co+voIBcRpS5I/CZvqYa2ZZHDGThfMQSm7tvD2rZ2z/v8x/rvKSIkjQfUw6I87UY5X94bhR/mm/HjdXYTcvLkGDJTYpJXuGKaP8cjHORn8xHkk3MTYNWsWsmMHTECJSeZxnWaJfHfzLaZpUfAt9iK0Vh/5qGxteHRD/3sPl5VgCAmdR/i0M5IWYVL0xr+nCi7AH4wfbdvjkYLBe3gQBFY1DuNuAp9tzihBEg59ZqDySddaexWm0oy6v3pwuBTr7LGzvVWEODLTpmNOf8MDh6HPSgpccqc/XtmFo+LT0LIVeCE8Fj5FFj5p+qVdhlLgl0KgxVtxtwcfTpGd1FH1KF+VNK8EHwTf9jpNP+XRZmpBjcS6ZA2f6WaGN6DJTJMSZMTvy67i8Xu8N5UQoQBt+rXXKWgUXvbtmwN1mLmJCYaL0IRzqof0BcFVZWF8oU9vIkoKQbkRFk6WLUonkwgK5WGYfYHXnqRIBKRTgrnrLhrFeNIQ3VFSLT3M8hLw1C1R8wPmafDy90NqA0MoMe7P8QoTWzb2eczLhMslRBP52KRYbXA==</X509Certificate></X509Data></KeyInfo></Signature></NFe><protNFe versao="4.00"><infProt><tpAmb>2</tpAmb><verAplic>SVRS2512230852</verAplic><chNFe>25260112260723000109550990000000171860604126</chNFe><dhRecbto>2026-01-31T22:56:48-03:00</dhRecbto><digVal>bD5QxJ2NrFJR+yOfG2HGlKQ7Q3M=</digVal><cStat>598</cStat><xMotivo>Rejeicao: NF-e emitida em ambiente de homologacao com Razao Social do destinatario diferente de NF-E EMITIDA EM AMBIENTE DE HOMOLOGACAO - SEM VALOR FISCAL</xMotivo></infProt></protNFe></nfeProc>	\N	2026-02-01 01:56:11.812469+00	2026-02-01 01:57:35.399+00	1	\N	6102	\N	\N	\N	f	\N	3	19	\N
18	NFE	99	18	25260112260723000109550990000000181997729703	HOMOLOGACAO	REJEITADA	\N	\N	\N	2026-02-01 01:57:41.027+00	\N	\N	399.00	0.00	399.00	<?xml version="1.0" encoding="UTF-8"?><NFe xmlns="http://www.portalfiscal.inf.br/nfe"><infNFe Id="NFe25260112260723000109550990000000181997729703" versao="4.00"><ide><cUF>25</cUF><cNF>99772970</cNF><natOp>ENTRADA DE MERCADORIA</natOp><mod>55</mod><serie>99</serie><nNF>18</nNF><dhEmi>2026-01-31T22:57:41-03:00</dhEmi><tpNF>0</tpNF><idDest>1</idDest><cMunFG>2507507</cMunFG><tpImp>1</tpImp><tpEmis>1</tpEmis><cDV>3</cDV><tpAmb>2</tpAmb><finNFe>1</finNFe><indFinal>1</indFinal><indPres>1</indPres><procEmi>0</procEmi><verProc>ERPOficina 1.0.0</verProc></ide><emit><CNPJ>12260723000109</CNPJ><xNome>AUTO ELETRICA DEMIR LTDA</xNome><xFant>DEMIR INJECAO ELETRONICA A DIESEL</xFant><enderEmit><xLgr>RUA JORNALISTA JOSE RAMALHO</xLgr><nro>33</nro><xCpl>SALA 05</xCpl><xBairro>COSTA E SILVA</xBairro><cMun>2507507</cMun><xMun>JOAO PESSOA</xMun><UF>PB</UF><CEP>58081110</CEP><cPais>1058</cPais><xPais>BRASIL</xPais><fone>8332337025</fone></enderEmit><IE>161726542</IE><CRT>3</CRT></emit><dest><CNPJ>39788312000147</CNPJ><xNome>NF-E EMITIDA EM AMBIENTE DE HOMOLOGACAO</xNome><enderDest><xLgr>BR 230, KM 53</xLgr><nro>S/N</nro><xBairro>MANGUINHOS</xBairro><cMun>0000000</cMun><xMun>BAYEUX</xMun><UF>PB</UF><CEP>58111001</CEP><cPais>1058</cPais><xPais>BRASIL</xPais></enderDest><indIEDest>9</indIEDest></dest><det nItem="1"><prod><cProd>26</cProd><cEAN>SEM GTIN</cEAN><xProd>Filtro de Óleo Wega WO-120</xProd><NCM>84212300</NCM><CFOP>6102</CFOP><uCom>UN</uCom><qCom>10.00</qCom><vUnCom>39.90</vUnCom><vProd>399.00</vProd><cEANTrib>SEM GTIN</cEANTrib><uTrib>UN</uTrib><qTrib>10.00</qTrib><vUnTrib>39.90</vUnTrib><indTot>1</indTot></prod><imposto><ICMS><ICMS00><orig>0</orig><CST>00</CST><modBC>3</modBC><vBC>399.00</vBC><pICMS>18.00</pICMS><vICMS>71.82</vICMS></ICMS00></ICMS><PIS><PISAliq><CST>01</CST><vBC>399.00</vBC><pPIS>1.65</pPIS><vPIS>6.58</vPIS></PISAliq></PIS><COFINS><COFINSAliq><CST>01</CST><vBC>399.00</vBC><pCOFINS>7.60</pCOFINS><vCOFINS>30.32</vCOFINS></COFINSAliq></COFINS></imposto></det><total><ICMSTot><vBC>399.00</vBC><vICMS>71.82</vICMS><vICMSDeson>0.00</vICMSDeson><vFCP>0.00</vFCP><vBCST>0.00</vBCST><vST>0.00</vST><vFCPST>0.00</vFCPST><vFCPSTRet>0.00</vFCPSTRet><vProd>399.00</vProd><vFrete>0.00</vFrete><vSeg>0.00</vSeg><vDesc>0.00</vDesc><vII>0.00</vII><vIPI>0.00</vIPI><vIPIDevol>0.00</vIPIDevol><vPIS>6.58</vPIS><vCOFINS>30.32</vCOFINS><vOutro>0.00</vOutro><vNF>399.00</vNF></ICMSTot></total><transp><modFrete>9</modFrete></transp><pag><detPag><tPag>01</tPag><vPag>399.00</vPag></detPag></pag><infAdic><infCpl>NF-e de entrada de mercadoria.</infCpl></infAdic><infRespTec><CNPJ>58598900000162</CNPJ><xContato>FIGO Softwares</xContato><email>figo.devtech@gmail.com</email><fone>83987872668</fone></infRespTec></infNFe><Signature xmlns="http://www.w3.org/2000/09/xmldsig#"><SignedInfo><CanonicalizationMethod Algorithm="http://www.w3.org/TR/2001/REC-xml-c14n-20010315"/><SignatureMethod Algorithm="http://www.w3.org/2000/09/xmldsig#rsa-sha1"/><Reference URI="#NFe25260112260723000109550990000000181997729703"><Transforms><Transform Algorithm="http://www.w3.org/2000/09/xmldsig#enveloped-signature"/><Transform Algorithm="http://www.w3.org/TR/2001/REC-xml-c14n-20010315"/></Transforms><DigestMethod Algorithm="http://www.w3.org/2000/09/xmldsig#sha1"/><DigestValue>lszWxJ9lJV+DhfqBwaJBwd6pk58=</DigestValue></Reference></SignedInfo><SignatureValue>mk1uJbbQwCZfJokSrR+Kjn03ZtRI7gQaUyrH0i7V5Dq5XPyLE1VBoPM3bVG23gl2wbUXsM7Ob8t8jV1EfOGzQ+r7Oe9Fb+IzaWM2iV3UD0eFU8HMZ3SX1yImsuwzCDVhAiZoqEkv+sSXSBUO7N7Hrqkrxy6kEQl8xZIe060wQh+sSyIz8W9Evn2TSi/mjN/ry9XvfaGy1wPj44Cbf4IcV86LUzeU7Gn9t+yuf9XB07tBXJ/L4VeG7SJPM+LMzjqDbjPjSkrTjLnPMzPv8X2ZP9kzaV9ioCpEhXA4XxNxbF/Pa926yBOo5GJblKpZnwLvnRmkZsOYV6ha6DguReH0GA==</SignatureValue><KeyInfo><X509Data><X509Certificate>MIIHfTCCBWWgAwIBAgIIeUF1+tGPJSUwDQYJKoZIhvcNAQELBQAwczELMAkGA1UEBhMCQlIxEzARBgNVBAoTCklDUC1CcmFzaWwxNjA0BgNVBAsTLVNlY3JldGFyaWEgZGEgUmVjZWl0YSBGZWRlcmFsIGRvIEJyYXNpbCAtIFJGQjEXMBUGA1UEAxMOQUMgQ05ETCBSRkIgdjMwHhcNMjUwMjEwMTI0NzE5WhcNMjYwMjEwMTI0NzE5WjCB+zELMAkGA1UEBhMCQlIxEzARBgNVBAoTCklDUC1CcmFzaWwxCzAJBgNVBAgTAlBCMRQwEgYDVQQHEwtKT0FPIFBFU1NPQTEXMBUGA1UECxMOMDkxMTc2MzEwMDAxNjAxNjA0BgNVBAsTLVNlY3JldGFyaWEgZGEgUmVjZWl0YSBGZWRlcmFsIGRvIEJyYXNpbCAtIFJGQjEWMBQGA1UECxMNUkZCIGUtQ05QSiBBMTEZMBcGA1UECxMQdmlkZW9jb25mZXJlbmNpYTEwMC4GA1UEAxMnQVVUTyBFTEVUUklDQSBERU1JUiBMVERBOjEyMjYwNzIzMDAwMTA5MIIBIjANBgkqhkiG9w0BAQEFAAOCAQ8AMIIBCgKCAQEAyRmv1XkNFE1/Z8XC8Dt7a8et4i1TSbfxtSMu2zNxvAu1L6BqbOS21Thwo+7dxL2+OlwDmw8/a3pXBrZQ89sQZ3UfwEt2Vc+iaM+0sOLgrXPDWJxVypYzAwDij9/F3WW2Kr/NoWsd7X2rvKZkOPUCgOsZ4FhGzeIxa1ev9z8nkmwrX8HpSmq/YgtlQpqMcZo/KKKxB6A+VFziaw/MHwJr0Y5pzJJqLoQhDpPL4cMvUSThDXyMnzzI5RdOe7a0faXIEXyQK5XDB1zONv2mzyAIZYuTJEivnwDc5MQF/XXPVYDk+A4Xj3bBIWQ37FlXo2AS/RMFWl66T9KIzndJqDVYNQIDAQABo4ICijCCAoYwHwYDVR0jBBgwFoAUax80FUEa6pseyiLSzt3vu+kyyokwDgYDVR0PAQH/BAQDAgXgMGcGA1UdIARgMF4wXAYGYEwBAgE0MFIwUAYIKwYBBQUHAgEWRGh0dHA6Ly9yZXBvc2l0b3Jpby5hY3NwY2JyYXNpbC5vcmcuYnIvYWMtY25kbHJmYi9hYy1jbmRsLXJmYi1kcGMucGRmMIGmBgNVHR8EgZ4wgZswS6BJoEeGRWh0dHA6Ly9yZXBvc2l0b3Jpby5hY3NwY2JyYXNpbC5vcmcuYnIvYWMtY25kbHJmYi9sY3ItYWMtY25kbHJmYnY1LmNybDBMoEqgSIZGaHR0cDovL3JlcG9zaXRvcmlvMi5hY3NwY2JyYXNpbC5vcmcuYnIvYWMtY25kbHJmYi9sY3ItYWMtY25kbHJmYnY1LmNybDBdBggrBgEFBQcBAQRRME8wTQYIKwYBBQUHMAKGQWh0dHA6Ly9yZXBvc2l0b3Jpby5hY3NwY2JyYXNpbC5vcmcuYnIvYWMtY25kbHJmYi9hYy1jbmRscmZidjUucDdiMIG3BgNVHREEga8wgayBGkZJTkFOQ0VJUk8uREVNSVJAR01BSUwuQ09NoCAGBWBMAQMCoBcTFUVETUlSIERFIExJTUEgTUFSVElOU6AZBgVgTAEDA6AQEw4xMjI2MDcyMzAwMDEwOaA4BgVgTAEDBKAvEy0wODEyMTk4MzA1MDkyNzA1NDkzMDAwMDAwMDAwMDAwMDAwMDAwMDAwMDAwMDCgFwYFYEwBAwegDhMMMDAwMDAwMDAwMDAwMB0GA1UdJQQWMBQGCCsGAQUFBwMCBggrBgEFBQcDBDAJBgNVHRMEAjAAMA0GCSqGSIb3DQEBCwUAA4ICAQA2hVDKQGMJVBWLQUXbEUBo/61gJjZAIKEfvVuRMxstx30qr3DcfEkBeL37nq9AA718p8Vo0aWkeB8S0JsntWjPVFEox0tbBCiChg3qfI2cA0IO1+H/084ZbdfrGxf83co+voIBcRpS5I/CZvqYa2ZZHDGThfMQSm7tvD2rZ2z/v8x/rvKSIkjQfUw6I87UY5X94bhR/mm/HjdXYTcvLkGDJTYpJXuGKaP8cjHORn8xHkk3MTYNWsWsmMHTECJSeZxnWaJfHfzLaZpUfAt9iK0Vh/5qGxteHRD/3sPl5VgCAmdR/i0M5IWYVL0xr+nCi7AH4wfbdvjkYLBe3gQBFY1DuNuAp9tzihBEg59ZqDySddaexWm0oy6v3pwuBTr7LGzvVWEODLTpmNOf8MDh6HPSgpccqc/XtmFo+LT0LIVeCE8Fj5FFj5p+qVdhlLgl0KgxVtxtwcfTpGd1FH1KF+VNK8EHwTf9jpNP+XRZmpBjcS6ZA2f6WaGN6DJTJMSZMTvy67i8Xu8N5UQoQBt+rXXKWgUXvbtmwN1mLmJCYaL0IRzqof0BcFVZWF8oU9vIkoKQbkRFk6WLUonkwgK5WGYfYHXnqRIBKRTgrnrLhrFeNIQ3VFSLT3M8hLw1C1R8wPmafDy90NqA0MoMe7P8QoTWzb2eczLhMslRBP52KRYbXA==</X509Certificate></X509Data></KeyInfo></Signature></NFe>	<?xml version="1.0" encoding="UTF-8"?><nfeProc xmlns="http://www.portalfiscal.inf.br/nfe" versao="4.00"><NFe xmlns="http://www.portalfiscal.inf.br/nfe"><infNFe Id="NFe25260112260723000109550990000000181997729703" versao="4.00"><ide><cUF>25</cUF><cNF>99772970</cNF><natOp>ENTRADA DE MERCADORIA</natOp><mod>55</mod><serie>99</serie><nNF>18</nNF><dhEmi>2026-01-31T22:57:41-03:00</dhEmi><tpNF>0</tpNF><idDest>1</idDest><cMunFG>2507507</cMunFG><tpImp>1</tpImp><tpEmis>1</tpEmis><cDV>3</cDV><tpAmb>2</tpAmb><finNFe>1</finNFe><indFinal>1</indFinal><indPres>1</indPres><procEmi>0</procEmi><verProc>ERPOficina 1.0.0</verProc></ide><emit><CNPJ>12260723000109</CNPJ><xNome>AUTO ELETRICA DEMIR LTDA</xNome><xFant>DEMIR INJECAO ELETRONICA A DIESEL</xFant><enderEmit><xLgr>RUA JORNALISTA JOSE RAMALHO</xLgr><nro>33</nro><xCpl>SALA 05</xCpl><xBairro>COSTA E SILVA</xBairro><cMun>2507507</cMun><xMun>JOAO PESSOA</xMun><UF>PB</UF><CEP>58081110</CEP><cPais>1058</cPais><xPais>BRASIL</xPais><fone>8332337025</fone></enderEmit><IE>161726542</IE><CRT>3</CRT></emit><dest><CNPJ>39788312000147</CNPJ><xNome>NF-E EMITIDA EM AMBIENTE DE HOMOLOGACAO</xNome><enderDest><xLgr>BR 230, KM 53</xLgr><nro>S/N</nro><xBairro>MANGUINHOS</xBairro><cMun>0000000</cMun><xMun>BAYEUX</xMun><UF>PB</UF><CEP>58111001</CEP><cPais>1058</cPais><xPais>BRASIL</xPais></enderDest><indIEDest>9</indIEDest></dest><det nItem="1"><prod><cProd>26</cProd><cEAN>SEM GTIN</cEAN><xProd>Filtro de Óleo Wega WO-120</xProd><NCM>84212300</NCM><CFOP>6102</CFOP><uCom>UN</uCom><qCom>10.00</qCom><vUnCom>39.90</vUnCom><vProd>399.00</vProd><cEANTrib>SEM GTIN</cEANTrib><uTrib>UN</uTrib><qTrib>10.00</qTrib><vUnTrib>39.90</vUnTrib><indTot>1</indTot></prod><imposto><ICMS><ICMS00><orig>0</orig><CST>00</CST><modBC>3</modBC><vBC>399.00</vBC><pICMS>18.00</pICMS><vICMS>71.82</vICMS></ICMS00></ICMS><PIS><PISAliq><CST>01</CST><vBC>399.00</vBC><pPIS>1.65</pPIS><vPIS>6.58</vPIS></PISAliq></PIS><COFINS><COFINSAliq><CST>01</CST><vBC>399.00</vBC><pCOFINS>7.60</pCOFINS><vCOFINS>30.32</vCOFINS></COFINSAliq></COFINS></imposto></det><total><ICMSTot><vBC>399.00</vBC><vICMS>71.82</vICMS><vICMSDeson>0.00</vICMSDeson><vFCP>0.00</vFCP><vBCST>0.00</vBCST><vST>0.00</vST><vFCPST>0.00</vFCPST><vFCPSTRet>0.00</vFCPSTRet><vProd>399.00</vProd><vFrete>0.00</vFrete><vSeg>0.00</vSeg><vDesc>0.00</vDesc><vII>0.00</vII><vIPI>0.00</vIPI><vIPIDevol>0.00</vIPIDevol><vPIS>6.58</vPIS><vCOFINS>30.32</vCOFINS><vOutro>0.00</vOutro><vNF>399.00</vNF></ICMSTot></total><transp><modFrete>9</modFrete></transp><pag><detPag><tPag>01</tPag><vPag>399.00</vPag></detPag></pag><infAdic><infCpl>NF-e de entrada de mercadoria.</infCpl></infAdic><infRespTec><CNPJ>58598900000162</CNPJ><xContato>FIGO Softwares</xContato><email>figo.devtech@gmail.com</email><fone>83987872668</fone></infRespTec></infNFe><Signature xmlns="http://www.w3.org/2000/09/xmldsig#"><SignedInfo><CanonicalizationMethod Algorithm="http://www.w3.org/TR/2001/REC-xml-c14n-20010315"/><SignatureMethod Algorithm="http://www.w3.org/2000/09/xmldsig#rsa-sha1"/><Reference URI="#NFe25260112260723000109550990000000181997729703"><Transforms><Transform Algorithm="http://www.w3.org/2000/09/xmldsig#enveloped-signature"/><Transform Algorithm="http://www.w3.org/TR/2001/REC-xml-c14n-20010315"/></Transforms><DigestMethod Algorithm="http://www.w3.org/2000/09/xmldsig#sha1"/><DigestValue>lszWxJ9lJV+DhfqBwaJBwd6pk58=</DigestValue></Reference></SignedInfo><SignatureValue>mk1uJbbQwCZfJokSrR+Kjn03ZtRI7gQaUyrH0i7V5Dq5XPyLE1VBoPM3bVG23gl2wbUXsM7Ob8t8jV1EfOGzQ+r7Oe9Fb+IzaWM2iV3UD0eFU8HMZ3SX1yImsuwzCDVhAiZoqEkv+sSXSBUO7N7Hrqkrxy6kEQl8xZIe060wQh+sSyIz8W9Evn2TSi/mjN/ry9XvfaGy1wPj44Cbf4IcV86LUzeU7Gn9t+yuf9XB07tBXJ/L4VeG7SJPM+LMzjqDbjPjSkrTjLnPMzPv8X2ZP9kzaV9ioCpEhXA4XxNxbF/Pa926yBOo5GJblKpZnwLvnRmkZsOYV6ha6DguReH0GA==</SignatureValue><KeyInfo><X509Data><X509Certificate>MIIHfTCCBWWgAwIBAgIIeUF1+tGPJSUwDQYJKoZIhvcNAQELBQAwczELMAkGA1UEBhMCQlIxEzARBgNVBAoTCklDUC1CcmFzaWwxNjA0BgNVBAsTLVNlY3JldGFyaWEgZGEgUmVjZWl0YSBGZWRlcmFsIGRvIEJyYXNpbCAtIFJGQjEXMBUGA1UEAxMOQUMgQ05ETCBSRkIgdjMwHhcNMjUwMjEwMTI0NzE5WhcNMjYwMjEwMTI0NzE5WjCB+zELMAkGA1UEBhMCQlIxEzARBgNVBAoTCklDUC1CcmFzaWwxCzAJBgNVBAgTAlBCMRQwEgYDVQQHEwtKT0FPIFBFU1NPQTEXMBUGA1UECxMOMDkxMTc2MzEwMDAxNjAxNjA0BgNVBAsTLVNlY3JldGFyaWEgZGEgUmVjZWl0YSBGZWRlcmFsIGRvIEJyYXNpbCAtIFJGQjEWMBQGA1UECxMNUkZCIGUtQ05QSiBBMTEZMBcGA1UECxMQdmlkZW9jb25mZXJlbmNpYTEwMC4GA1UEAxMnQVVUTyBFTEVUUklDQSBERU1JUiBMVERBOjEyMjYwNzIzMDAwMTA5MIIBIjANBgkqhkiG9w0BAQEFAAOCAQ8AMIIBCgKCAQEAyRmv1XkNFE1/Z8XC8Dt7a8et4i1TSbfxtSMu2zNxvAu1L6BqbOS21Thwo+7dxL2+OlwDmw8/a3pXBrZQ89sQZ3UfwEt2Vc+iaM+0sOLgrXPDWJxVypYzAwDij9/F3WW2Kr/NoWsd7X2rvKZkOPUCgOsZ4FhGzeIxa1ev9z8nkmwrX8HpSmq/YgtlQpqMcZo/KKKxB6A+VFziaw/MHwJr0Y5pzJJqLoQhDpPL4cMvUSThDXyMnzzI5RdOe7a0faXIEXyQK5XDB1zONv2mzyAIZYuTJEivnwDc5MQF/XXPVYDk+A4Xj3bBIWQ37FlXo2AS/RMFWl66T9KIzndJqDVYNQIDAQABo4ICijCCAoYwHwYDVR0jBBgwFoAUax80FUEa6pseyiLSzt3vu+kyyokwDgYDVR0PAQH/BAQDAgXgMGcGA1UdIARgMF4wXAYGYEwBAgE0MFIwUAYIKwYBBQUHAgEWRGh0dHA6Ly9yZXBvc2l0b3Jpby5hY3NwY2JyYXNpbC5vcmcuYnIvYWMtY25kbHJmYi9hYy1jbmRsLXJmYi1kcGMucGRmMIGmBgNVHR8EgZ4wgZswS6BJoEeGRWh0dHA6Ly9yZXBvc2l0b3Jpby5hY3NwY2JyYXNpbC5vcmcuYnIvYWMtY25kbHJmYi9sY3ItYWMtY25kbHJmYnY1LmNybDBMoEqgSIZGaHR0cDovL3JlcG9zaXRvcmlvMi5hY3NwY2JyYXNpbC5vcmcuYnIvYWMtY25kbHJmYi9sY3ItYWMtY25kbHJmYnY1LmNybDBdBggrBgEFBQcBAQRRME8wTQYIKwYBBQUHMAKGQWh0dHA6Ly9yZXBvc2l0b3Jpby5hY3NwY2JyYXNpbC5vcmcuYnIvYWMtY25kbHJmYi9hYy1jbmRscmZidjUucDdiMIG3BgNVHREEga8wgayBGkZJTkFOQ0VJUk8uREVNSVJAR01BSUwuQ09NoCAGBWBMAQMCoBcTFUVETUlSIERFIExJTUEgTUFSVElOU6AZBgVgTAEDA6AQEw4xMjI2MDcyMzAwMDEwOaA4BgVgTAEDBKAvEy0wODEyMTk4MzA1MDkyNzA1NDkzMDAwMDAwMDAwMDAwMDAwMDAwMDAwMDAwMDCgFwYFYEwBAwegDhMMMDAwMDAwMDAwMDAwMB0GA1UdJQQWMBQGCCsGAQUFBwMCBggrBgEFBQcDBDAJBgNVHRMEAjAAMA0GCSqGSIb3DQEBCwUAA4ICAQA2hVDKQGMJVBWLQUXbEUBo/61gJjZAIKEfvVuRMxstx30qr3DcfEkBeL37nq9AA718p8Vo0aWkeB8S0JsntWjPVFEox0tbBCiChg3qfI2cA0IO1+H/084ZbdfrGxf83co+voIBcRpS5I/CZvqYa2ZZHDGThfMQSm7tvD2rZ2z/v8x/rvKSIkjQfUw6I87UY5X94bhR/mm/HjdXYTcvLkGDJTYpJXuGKaP8cjHORn8xHkk3MTYNWsWsmMHTECJSeZxnWaJfHfzLaZpUfAt9iK0Vh/5qGxteHRD/3sPl5VgCAmdR/i0M5IWYVL0xr+nCi7AH4wfbdvjkYLBe3gQBFY1DuNuAp9tzihBEg59ZqDySddaexWm0oy6v3pwuBTr7LGzvVWEODLTpmNOf8MDh6HPSgpccqc/XtmFo+LT0LIVeCE8Fj5FFj5p+qVdhlLgl0KgxVtxtwcfTpGd1FH1KF+VNK8EHwTf9jpNP+XRZmpBjcS6ZA2f6WaGN6DJTJMSZMTvy67i8Xu8N5UQoQBt+rXXKWgUXvbtmwN1mLmJCYaL0IRzqof0BcFVZWF8oU9vIkoKQbkRFk6WLUonkwgK5WGYfYHXnqRIBKRTgrnrLhrFeNIQ3VFSLT3M8hLw1C1R8wPmafDy90NqA0MoMe7P8QoTWzb2eczLhMslRBP52KRYbXA==</X509Certificate></X509Data></KeyInfo></Signature></NFe><protNFe versao="4.00"><infProt><tpAmb>2</tpAmb><verAplic>SVRS2512230852</verAplic><chNFe>25260112260723000109550990000000181997729703</chNFe><dhRecbto>2026-01-31T22:57:37-03:00</dhRecbto><digVal>lszWxJ9lJV+DhfqBwaJBwd6pk58=</digVal><cStat>598</cStat><xMotivo>Rejeicao: NF-e emitida em ambiente de homologacao com Razao Social do destinatario diferente de NF-E EMITIDA EM AMBIENTE DE HOMOLOGACAO - SEM VALOR FISCAL</xMotivo></infProt></protNFe></nfeProc>	\N	2026-02-01 01:56:54.633862+00	2026-02-01 01:58:24.122+00	1	\N	6102	\N	\N	\N	f	\N	3	19	\N
19	NFE	99	19	25260112260723000109550990000000191469616302	HOMOLOGACAO	REJEITADA	\N	\N	\N	2026-02-01 01:58:09.167+00	\N	\N	399.00	0.00	399.00	<?xml version="1.0" encoding="UTF-8"?><NFe xmlns="http://www.portalfiscal.inf.br/nfe"><infNFe Id="NFe25260112260723000109550990000000191469616302" versao="4.00"><ide><cUF>25</cUF><cNF>46961630</cNF><natOp>ENTRADA DE MERCADORIA</natOp><mod>55</mod><serie>99</serie><nNF>19</nNF><dhEmi>2026-01-31T22:58:09-03:00</dhEmi><tpNF>0</tpNF><idDest>1</idDest><cMunFG>2507507</cMunFG><tpImp>1</tpImp><tpEmis>1</tpEmis><cDV>2</cDV><tpAmb>2</tpAmb><finNFe>1</finNFe><indFinal>1</indFinal><indPres>1</indPres><procEmi>0</procEmi><verProc>ERPOficina 1.0.0</verProc></ide><emit><CNPJ>12260723000109</CNPJ><xNome>AUTO ELETRICA DEMIR LTDA</xNome><xFant>DEMIR INJECAO ELETRONICA A DIESEL</xFant><enderEmit><xLgr>RUA JORNALISTA JOSE RAMALHO</xLgr><nro>33</nro><xCpl>SALA 05</xCpl><xBairro>COSTA E SILVA</xBairro><cMun>2507507</cMun><xMun>JOAO PESSOA</xMun><UF>PB</UF><CEP>58081110</CEP><cPais>1058</cPais><xPais>BRASIL</xPais><fone>8332337025</fone></enderEmit><IE>161726542</IE><CRT>3</CRT></emit><dest><CNPJ>39788312000147</CNPJ><xNome>NF-E EMITIDA EM AMBIENTE DE HOMOLOGACAO - SEM VALOR FISCAL</xNome><enderDest><xLgr>BR 230, KM 53</xLgr><nro>S/N</nro><xBairro>MANGUINHOS</xBairro><cMun>0000000</cMun><xMun>BAYEUX</xMun><UF>PB</UF><CEP>58111001</CEP><cPais>1058</cPais><xPais>BRASIL</xPais></enderDest><indIEDest>9</indIEDest></dest><det nItem="1"><prod><cProd>26</cProd><cEAN>SEM GTIN</cEAN><xProd>Filtro de Óleo Wega WO-120</xProd><NCM>84212300</NCM><CFOP>6102</CFOP><uCom>UN</uCom><qCom>10.00</qCom><vUnCom>39.90</vUnCom><vProd>399.00</vProd><cEANTrib>SEM GTIN</cEANTrib><uTrib>UN</uTrib><qTrib>10.00</qTrib><vUnTrib>39.90</vUnTrib><indTot>1</indTot></prod><imposto><ICMS><ICMS00><orig>0</orig><CST>00</CST><modBC>3</modBC><vBC>399.00</vBC><pICMS>18.00</pICMS><vICMS>71.82</vICMS></ICMS00></ICMS><PIS><PISAliq><CST>01</CST><vBC>399.00</vBC><pPIS>1.65</pPIS><vPIS>6.58</vPIS></PISAliq></PIS><COFINS><COFINSAliq><CST>01</CST><vBC>399.00</vBC><pCOFINS>7.60</pCOFINS><vCOFINS>30.32</vCOFINS></COFINSAliq></COFINS></imposto></det><total><ICMSTot><vBC>399.00</vBC><vICMS>71.82</vICMS><vICMSDeson>0.00</vICMSDeson><vFCP>0.00</vFCP><vBCST>0.00</vBCST><vST>0.00</vST><vFCPST>0.00</vFCPST><vFCPSTRet>0.00</vFCPSTRet><vProd>399.00</vProd><vFrete>0.00</vFrete><vSeg>0.00</vSeg><vDesc>0.00</vDesc><vII>0.00</vII><vIPI>0.00</vIPI><vIPIDevol>0.00</vIPIDevol><vPIS>6.58</vPIS><vCOFINS>30.32</vCOFINS><vOutro>0.00</vOutro><vNF>399.00</vNF></ICMSTot></total><transp><modFrete>9</modFrete></transp><pag><detPag><tPag>01</tPag><vPag>399.00</vPag></detPag></pag><infAdic><infCpl>NF-e de entrada de mercadoria.</infCpl></infAdic><infRespTec><CNPJ>58598900000162</CNPJ><xContato>FIGO Softwares</xContato><email>figo.devtech@gmail.com</email><fone>83987872668</fone></infRespTec></infNFe><Signature xmlns="http://www.w3.org/2000/09/xmldsig#"><SignedInfo><CanonicalizationMethod Algorithm="http://www.w3.org/TR/2001/REC-xml-c14n-20010315"/><SignatureMethod Algorithm="http://www.w3.org/2000/09/xmldsig#rsa-sha1"/><Reference URI="#NFe25260112260723000109550990000000191469616302"><Transforms><Transform Algorithm="http://www.w3.org/2000/09/xmldsig#enveloped-signature"/><Transform Algorithm="http://www.w3.org/TR/2001/REC-xml-c14n-20010315"/></Transforms><DigestMethod Algorithm="http://www.w3.org/2000/09/xmldsig#sha1"/><DigestValue>0NxihJIslAY/yhNhiVFhZ7lfj/w=</DigestValue></Reference></SignedInfo><SignatureValue>JXV6mkBHzXHxKm5if7pHCM8A9VaTxtb65hLxfn4994EBv6Fq9XO0CEN5QcacjNKNMCGtj89vWnRkoFnV8/YmQEOtX4q8IMLjblG0UFRnPaY6KE1wq5Bxcv2xWamMObvkD+UQuH0vT3Pc3iRowHk5UThsIpOAtsl6db1uawWBAXdledSfwwTxkxleF1b61Mmm41FxoBPnWVXvHK0S7Xs2wIUdsONiPsKaTqJfWNYKmThMOL1/lZrMuEJOz25a2RgiR5uJHTS+FjiRO/Xj0zdD4Ol7er2vcDf3OXRrjMVRuXmgnmOlO1optqWk/1vLCxbC1EWwS++xN3suSe++2LY83g==</SignatureValue><KeyInfo><X509Data><X509Certificate>MIIHfTCCBWWgAwIBAgIIeUF1+tGPJSUwDQYJKoZIhvcNAQELBQAwczELMAkGA1UEBhMCQlIxEzARBgNVBAoTCklDUC1CcmFzaWwxNjA0BgNVBAsTLVNlY3JldGFyaWEgZGEgUmVjZWl0YSBGZWRlcmFsIGRvIEJyYXNpbCAtIFJGQjEXMBUGA1UEAxMOQUMgQ05ETCBSRkIgdjMwHhcNMjUwMjEwMTI0NzE5WhcNMjYwMjEwMTI0NzE5WjCB+zELMAkGA1UEBhMCQlIxEzARBgNVBAoTCklDUC1CcmFzaWwxCzAJBgNVBAgTAlBCMRQwEgYDVQQHEwtKT0FPIFBFU1NPQTEXMBUGA1UECxMOMDkxMTc2MzEwMDAxNjAxNjA0BgNVBAsTLVNlY3JldGFyaWEgZGEgUmVjZWl0YSBGZWRlcmFsIGRvIEJyYXNpbCAtIFJGQjEWMBQGA1UECxMNUkZCIGUtQ05QSiBBMTEZMBcGA1UECxMQdmlkZW9jb25mZXJlbmNpYTEwMC4GA1UEAxMnQVVUTyBFTEVUUklDQSBERU1JUiBMVERBOjEyMjYwNzIzMDAwMTA5MIIBIjANBgkqhkiG9w0BAQEFAAOCAQ8AMIIBCgKCAQEAyRmv1XkNFE1/Z8XC8Dt7a8et4i1TSbfxtSMu2zNxvAu1L6BqbOS21Thwo+7dxL2+OlwDmw8/a3pXBrZQ89sQZ3UfwEt2Vc+iaM+0sOLgrXPDWJxVypYzAwDij9/F3WW2Kr/NoWsd7X2rvKZkOPUCgOsZ4FhGzeIxa1ev9z8nkmwrX8HpSmq/YgtlQpqMcZo/KKKxB6A+VFziaw/MHwJr0Y5pzJJqLoQhDpPL4cMvUSThDXyMnzzI5RdOe7a0faXIEXyQK5XDB1zONv2mzyAIZYuTJEivnwDc5MQF/XXPVYDk+A4Xj3bBIWQ37FlXo2AS/RMFWl66T9KIzndJqDVYNQIDAQABo4ICijCCAoYwHwYDVR0jBBgwFoAUax80FUEa6pseyiLSzt3vu+kyyokwDgYDVR0PAQH/BAQDAgXgMGcGA1UdIARgMF4wXAYGYEwBAgE0MFIwUAYIKwYBBQUHAgEWRGh0dHA6Ly9yZXBvc2l0b3Jpby5hY3NwY2JyYXNpbC5vcmcuYnIvYWMtY25kbHJmYi9hYy1jbmRsLXJmYi1kcGMucGRmMIGmBgNVHR8EgZ4wgZswS6BJoEeGRWh0dHA6Ly9yZXBvc2l0b3Jpby5hY3NwY2JyYXNpbC5vcmcuYnIvYWMtY25kbHJmYi9sY3ItYWMtY25kbHJmYnY1LmNybDBMoEqgSIZGaHR0cDovL3JlcG9zaXRvcmlvMi5hY3NwY2JyYXNpbC5vcmcuYnIvYWMtY25kbHJmYi9sY3ItYWMtY25kbHJmYnY1LmNybDBdBggrBgEFBQcBAQRRME8wTQYIKwYBBQUHMAKGQWh0dHA6Ly9yZXBvc2l0b3Jpby5hY3NwY2JyYXNpbC5vcmcuYnIvYWMtY25kbHJmYi9hYy1jbmRscmZidjUucDdiMIG3BgNVHREEga8wgayBGkZJTkFOQ0VJUk8uREVNSVJAR01BSUwuQ09NoCAGBWBMAQMCoBcTFUVETUlSIERFIExJTUEgTUFSVElOU6AZBgVgTAEDA6AQEw4xMjI2MDcyMzAwMDEwOaA4BgVgTAEDBKAvEy0wODEyMTk4MzA1MDkyNzA1NDkzMDAwMDAwMDAwMDAwMDAwMDAwMDAwMDAwMDCgFwYFYEwBAwegDhMMMDAwMDAwMDAwMDAwMB0GA1UdJQQWMBQGCCsGAQUFBwMCBggrBgEFBQcDBDAJBgNVHRMEAjAAMA0GCSqGSIb3DQEBCwUAA4ICAQA2hVDKQGMJVBWLQUXbEUBo/61gJjZAIKEfvVuRMxstx30qr3DcfEkBeL37nq9AA718p8Vo0aWkeB8S0JsntWjPVFEox0tbBCiChg3qfI2cA0IO1+H/084ZbdfrGxf83co+voIBcRpS5I/CZvqYa2ZZHDGThfMQSm7tvD2rZ2z/v8x/rvKSIkjQfUw6I87UY5X94bhR/mm/HjdXYTcvLkGDJTYpJXuGKaP8cjHORn8xHkk3MTYNWsWsmMHTECJSeZxnWaJfHfzLaZpUfAt9iK0Vh/5qGxteHRD/3sPl5VgCAmdR/i0M5IWYVL0xr+nCi7AH4wfbdvjkYLBe3gQBFY1DuNuAp9tzihBEg59ZqDySddaexWm0oy6v3pwuBTr7LGzvVWEODLTpmNOf8MDh6HPSgpccqc/XtmFo+LT0LIVeCE8Fj5FFj5p+qVdhlLgl0KgxVtxtwcfTpGd1FH1KF+VNK8EHwTf9jpNP+XRZmpBjcS6ZA2f6WaGN6DJTJMSZMTvy67i8Xu8N5UQoQBt+rXXKWgUXvbtmwN1mLmJCYaL0IRzqof0BcFVZWF8oU9vIkoKQbkRFk6WLUonkwgK5WGYfYHXnqRIBKRTgrnrLhrFeNIQ3VFSLT3M8hLw1C1R8wPmafDy90NqA0MoMe7P8QoTWzb2eczLhMslRBP52KRYbXA==</X509Certificate></X509Data></KeyInfo></Signature></NFe>	<?xml version="1.0" encoding="UTF-8"?><nfeProc xmlns="http://www.portalfiscal.inf.br/nfe" versao="4.00"><NFe xmlns="http://www.portalfiscal.inf.br/nfe"><infNFe Id="NFe25260112260723000109550990000000191469616302" versao="4.00"><ide><cUF>25</cUF><cNF>46961630</cNF><natOp>ENTRADA DE MERCADORIA</natOp><mod>55</mod><serie>99</serie><nNF>19</nNF><dhEmi>2026-01-31T22:58:09-03:00</dhEmi><tpNF>0</tpNF><idDest>1</idDest><cMunFG>2507507</cMunFG><tpImp>1</tpImp><tpEmis>1</tpEmis><cDV>2</cDV><tpAmb>2</tpAmb><finNFe>1</finNFe><indFinal>1</indFinal><indPres>1</indPres><procEmi>0</procEmi><verProc>ERPOficina 1.0.0</verProc></ide><emit><CNPJ>12260723000109</CNPJ><xNome>AUTO ELETRICA DEMIR LTDA</xNome><xFant>DEMIR INJECAO ELETRONICA A DIESEL</xFant><enderEmit><xLgr>RUA JORNALISTA JOSE RAMALHO</xLgr><nro>33</nro><xCpl>SALA 05</xCpl><xBairro>COSTA E SILVA</xBairro><cMun>2507507</cMun><xMun>JOAO PESSOA</xMun><UF>PB</UF><CEP>58081110</CEP><cPais>1058</cPais><xPais>BRASIL</xPais><fone>8332337025</fone></enderEmit><IE>161726542</IE><CRT>3</CRT></emit><dest><CNPJ>39788312000147</CNPJ><xNome>NF-E EMITIDA EM AMBIENTE DE HOMOLOGACAO - SEM VALOR FISCAL</xNome><enderDest><xLgr>BR 230, KM 53</xLgr><nro>S/N</nro><xBairro>MANGUINHOS</xBairro><cMun>0000000</cMun><xMun>BAYEUX</xMun><UF>PB</UF><CEP>58111001</CEP><cPais>1058</cPais><xPais>BRASIL</xPais></enderDest><indIEDest>9</indIEDest></dest><det nItem="1"><prod><cProd>26</cProd><cEAN>SEM GTIN</cEAN><xProd>Filtro de Óleo Wega WO-120</xProd><NCM>84212300</NCM><CFOP>6102</CFOP><uCom>UN</uCom><qCom>10.00</qCom><vUnCom>39.90</vUnCom><vProd>399.00</vProd><cEANTrib>SEM GTIN</cEANTrib><uTrib>UN</uTrib><qTrib>10.00</qTrib><vUnTrib>39.90</vUnTrib><indTot>1</indTot></prod><imposto><ICMS><ICMS00><orig>0</orig><CST>00</CST><modBC>3</modBC><vBC>399.00</vBC><pICMS>18.00</pICMS><vICMS>71.82</vICMS></ICMS00></ICMS><PIS><PISAliq><CST>01</CST><vBC>399.00</vBC><pPIS>1.65</pPIS><vPIS>6.58</vPIS></PISAliq></PIS><COFINS><COFINSAliq><CST>01</CST><vBC>399.00</vBC><pCOFINS>7.60</pCOFINS><vCOFINS>30.32</vCOFINS></COFINSAliq></COFINS></imposto></det><total><ICMSTot><vBC>399.00</vBC><vICMS>71.82</vICMS><vICMSDeson>0.00</vICMSDeson><vFCP>0.00</vFCP><vBCST>0.00</vBCST><vST>0.00</vST><vFCPST>0.00</vFCPST><vFCPSTRet>0.00</vFCPSTRet><vProd>399.00</vProd><vFrete>0.00</vFrete><vSeg>0.00</vSeg><vDesc>0.00</vDesc><vII>0.00</vII><vIPI>0.00</vIPI><vIPIDevol>0.00</vIPIDevol><vPIS>6.58</vPIS><vCOFINS>30.32</vCOFINS><vOutro>0.00</vOutro><vNF>399.00</vNF></ICMSTot></total><transp><modFrete>9</modFrete></transp><pag><detPag><tPag>01</tPag><vPag>399.00</vPag></detPag></pag><infAdic><infCpl>NF-e de entrada de mercadoria.</infCpl></infAdic><infRespTec><CNPJ>58598900000162</CNPJ><xContato>FIGO Softwares</xContato><email>figo.devtech@gmail.com</email><fone>83987872668</fone></infRespTec></infNFe><Signature xmlns="http://www.w3.org/2000/09/xmldsig#"><SignedInfo><CanonicalizationMethod Algorithm="http://www.w3.org/TR/2001/REC-xml-c14n-20010315"/><SignatureMethod Algorithm="http://www.w3.org/2000/09/xmldsig#rsa-sha1"/><Reference URI="#NFe25260112260723000109550990000000191469616302"><Transforms><Transform Algorithm="http://www.w3.org/2000/09/xmldsig#enveloped-signature"/><Transform Algorithm="http://www.w3.org/TR/2001/REC-xml-c14n-20010315"/></Transforms><DigestMethod Algorithm="http://www.w3.org/2000/09/xmldsig#sha1"/><DigestValue>0NxihJIslAY/yhNhiVFhZ7lfj/w=</DigestValue></Reference></SignedInfo><SignatureValue>JXV6mkBHzXHxKm5if7pHCM8A9VaTxtb65hLxfn4994EBv6Fq9XO0CEN5QcacjNKNMCGtj89vWnRkoFnV8/YmQEOtX4q8IMLjblG0UFRnPaY6KE1wq5Bxcv2xWamMObvkD+UQuH0vT3Pc3iRowHk5UThsIpOAtsl6db1uawWBAXdledSfwwTxkxleF1b61Mmm41FxoBPnWVXvHK0S7Xs2wIUdsONiPsKaTqJfWNYKmThMOL1/lZrMuEJOz25a2RgiR5uJHTS+FjiRO/Xj0zdD4Ol7er2vcDf3OXRrjMVRuXmgnmOlO1optqWk/1vLCxbC1EWwS++xN3suSe++2LY83g==</SignatureValue><KeyInfo><X509Data><X509Certificate>MIIHfTCCBWWgAwIBAgIIeUF1+tGPJSUwDQYJKoZIhvcNAQELBQAwczELMAkGA1UEBhMCQlIxEzARBgNVBAoTCklDUC1CcmFzaWwxNjA0BgNVBAsTLVNlY3JldGFyaWEgZGEgUmVjZWl0YSBGZWRlcmFsIGRvIEJyYXNpbCAtIFJGQjEXMBUGA1UEAxMOQUMgQ05ETCBSRkIgdjMwHhcNMjUwMjEwMTI0NzE5WhcNMjYwMjEwMTI0NzE5WjCB+zELMAkGA1UEBhMCQlIxEzARBgNVBAoTCklDUC1CcmFzaWwxCzAJBgNVBAgTAlBCMRQwEgYDVQQHEwtKT0FPIFBFU1NPQTEXMBUGA1UECxMOMDkxMTc2MzEwMDAxNjAxNjA0BgNVBAsTLVNlY3JldGFyaWEgZGEgUmVjZWl0YSBGZWRlcmFsIGRvIEJyYXNpbCAtIFJGQjEWMBQGA1UECxMNUkZCIGUtQ05QSiBBMTEZMBcGA1UECxMQdmlkZW9jb25mZXJlbmNpYTEwMC4GA1UEAxMnQVVUTyBFTEVUUklDQSBERU1JUiBMVERBOjEyMjYwNzIzMDAwMTA5MIIBIjANBgkqhkiG9w0BAQEFAAOCAQ8AMIIBCgKCAQEAyRmv1XkNFE1/Z8XC8Dt7a8et4i1TSbfxtSMu2zNxvAu1L6BqbOS21Thwo+7dxL2+OlwDmw8/a3pXBrZQ89sQZ3UfwEt2Vc+iaM+0sOLgrXPDWJxVypYzAwDij9/F3WW2Kr/NoWsd7X2rvKZkOPUCgOsZ4FhGzeIxa1ev9z8nkmwrX8HpSmq/YgtlQpqMcZo/KKKxB6A+VFziaw/MHwJr0Y5pzJJqLoQhDpPL4cMvUSThDXyMnzzI5RdOe7a0faXIEXyQK5XDB1zONv2mzyAIZYuTJEivnwDc5MQF/XXPVYDk+A4Xj3bBIWQ37FlXo2AS/RMFWl66T9KIzndJqDVYNQIDAQABo4ICijCCAoYwHwYDVR0jBBgwFoAUax80FUEa6pseyiLSzt3vu+kyyokwDgYDVR0PAQH/BAQDAgXgMGcGA1UdIARgMF4wXAYGYEwBAgE0MFIwUAYIKwYBBQUHAgEWRGh0dHA6Ly9yZXBvc2l0b3Jpby5hY3NwY2JyYXNpbC5vcmcuYnIvYWMtY25kbHJmYi9hYy1jbmRsLXJmYi1kcGMucGRmMIGmBgNVHR8EgZ4wgZswS6BJoEeGRWh0dHA6Ly9yZXBvc2l0b3Jpby5hY3NwY2JyYXNpbC5vcmcuYnIvYWMtY25kbHJmYi9sY3ItYWMtY25kbHJmYnY1LmNybDBMoEqgSIZGaHR0cDovL3JlcG9zaXRvcmlvMi5hY3NwY2JyYXNpbC5vcmcuYnIvYWMtY25kbHJmYi9sY3ItYWMtY25kbHJmYnY1LmNybDBdBggrBgEFBQcBAQRRME8wTQYIKwYBBQUHMAKGQWh0dHA6Ly9yZXBvc2l0b3Jpby5hY3NwY2JyYXNpbC5vcmcuYnIvYWMtY25kbHJmYi9hYy1jbmRscmZidjUucDdiMIG3BgNVHREEga8wgayBGkZJTkFOQ0VJUk8uREVNSVJAR01BSUwuQ09NoCAGBWBMAQMCoBcTFUVETUlSIERFIExJTUEgTUFSVElOU6AZBgVgTAEDA6AQEw4xMjI2MDcyMzAwMDEwOaA4BgVgTAEDBKAvEy0wODEyMTk4MzA1MDkyNzA1NDkzMDAwMDAwMDAwMDAwMDAwMDAwMDAwMDAwMDCgFwYFYEwBAwegDhMMMDAwMDAwMDAwMDAwMB0GA1UdJQQWMBQGCCsGAQUFBwMCBggrBgEFBQcDBDAJBgNVHRMEAjAAMA0GCSqGSIb3DQEBCwUAA4ICAQA2hVDKQGMJVBWLQUXbEUBo/61gJjZAIKEfvVuRMxstx30qr3DcfEkBeL37nq9AA718p8Vo0aWkeB8S0JsntWjPVFEox0tbBCiChg3qfI2cA0IO1+H/084ZbdfrGxf83co+voIBcRpS5I/CZvqYa2ZZHDGThfMQSm7tvD2rZ2z/v8x/rvKSIkjQfUw6I87UY5X94bhR/mm/HjdXYTcvLkGDJTYpJXuGKaP8cjHORn8xHkk3MTYNWsWsmMHTECJSeZxnWaJfHfzLaZpUfAt9iK0Vh/5qGxteHRD/3sPl5VgCAmdR/i0M5IWYVL0xr+nCi7AH4wfbdvjkYLBe3gQBFY1DuNuAp9tzihBEg59ZqDySddaexWm0oy6v3pwuBTr7LGzvVWEODLTpmNOf8MDh6HPSgpccqc/XtmFo+LT0LIVeCE8Fj5FFj5p+qVdhlLgl0KgxVtxtwcfTpGd1FH1KF+VNK8EHwTf9jpNP+XRZmpBjcS6ZA2f6WaGN6DJTJMSZMTvy67i8Xu8N5UQoQBt+rXXKWgUXvbtmwN1mLmJCYaL0IRzqof0BcFVZWF8oU9vIkoKQbkRFk6WLUonkwgK5WGYfYHXnqRIBKRTgrnrLhrFeNIQ3VFSLT3M8hLw1C1R8wPmafDy90NqA0MoMe7P8QoTWzb2eczLhMslRBP52KRYbXA==</X509Certificate></X509Data></KeyInfo></Signature></NFe><protNFe versao="4.00"><infProt><tpAmb>2</tpAmb><verAplic>SVRS2512230852</verAplic><chNFe>25260112260723000109550990000000191469616302</chNFe><dhRecbto>2026-01-31T23:03:38-03:00</dhRecbto><digVal>0NxihJIslAY/yhNhiVFhZ7lfj/w=</digVal><cStat>274</cStat><xMotivo>Rejeicao: Codigo Municipio do Destinatario inexistente</xMotivo></infProt></protNFe></nfeProc>	\N	2026-02-01 01:57:22.766314+00	2026-02-01 02:04:24.839+00	1	\N	6102	\N	\N	\N	f	\N	3	19	\N
20	NFE	99	20	25260112260723000109550990000000201799109669	HOMOLOGACAO	REJEITADA	\N	5	680	2026-02-01 02:00:10.05241+00	\N	\N	39.90	0.00	39.90	<?xml version="1.0" encoding="UTF-8"?><NFe xmlns="http://www.portalfiscal.inf.br/nfe"><infNFe Id="NFe25260112260723000109550990000000201799109669" versao="4.00"><ide><cUF>25</cUF><cNF>79910966</cNF><natOp>VENDA DE MERCADORIA</natOp><mod>55</mod><serie>99</serie><nNF>20</nNF><dhEmi>2026-01-31T23:00:57-03:00</dhEmi><tpNF>1</tpNF><idDest>1</idDest><cMunFG>2507507</cMunFG><tpImp>1</tpImp><tpEmis>1</tpEmis><cDV>9</cDV><tpAmb>2</tpAmb><finNFe>1</finNFe><indFinal>1</indFinal><indPres>1</indPres><procEmi>0</procEmi><verProc>ERPOficina 1.0.0</verProc></ide><emit><CNPJ>12260723000109</CNPJ><xNome>AUTO ELETRICA DEMIR LTDA</xNome><xFant>DEMIR INJECAO ELETRONICA A DIESEL</xFant><enderEmit><xLgr>RUA JORNALISTA JOSE RAMALHO</xLgr><nro>33</nro><xCpl>SALA 05</xCpl><xBairro>COSTA E SILVA</xBairro><cMun>2507507</cMun><xMun>JOAO PESSOA</xMun><UF>PB</UF><CEP>58081110</CEP><cPais>1058</cPais><xPais>BRASIL</xPais><fone>8332337025</fone></enderEmit><IE>161726542</IE><CRT>3</CRT></emit><dest><CPF>70869037447</CPF><xNome>NF-E EMITIDA EM AMBIENTE DE HOMOLOGACAO</xNome><enderDest><xLgr>Rodovia BR-101</xLgr><nro>S/N</nro><xBairro>Imaculada</xBairro><cMun>2507507</cMun><xMun>Bayeux</xMun><UF>PB</UF><CEP>58111001</CEP><cPais>1058</cPais><xPais>BRASIL</xPais><fone>83998737170</fone></enderDest><indIEDest>9</indIEDest></dest><det nItem="1"><prod><cProd>26</cProd><cEAN>SEM GTIN</cEAN><xProd>Filtro de Óleo Wega WO-120</xProd><NCM>84212300</NCM><CFOP>5102</CFOP><uCom>UN</uCom><qCom>1.00</qCom><vUnCom>39.90</vUnCom><vProd>39.90</vProd><cEANTrib>SEM GTIN</cEANTrib><uTrib>UN</uTrib><qTrib>1.00</qTrib><vUnTrib>39.90</vUnTrib><indTot>1</indTot></prod><imposto><ICMS><ICMS00><orig>0</orig><CST>00</CST><modBC>3</modBC><vBC>39.90</vBC><pICMS>18.00</pICMS><vICMS>7.18</vICMS></ICMS00></ICMS><PIS><PISAliq><CST>01</CST><vBC>39.90</vBC><pPIS>1.65</pPIS><vPIS>0.66</vPIS></PISAliq></PIS><COFINS><COFINSAliq><CST>01</CST><vBC>39.90</vBC><pCOFINS>7.60</pCOFINS><vCOFINS>3.03</vCOFINS></COFINSAliq></COFINS></imposto></det><total><ICMSTot><vBC>39.90</vBC><vICMS>7.18</vICMS><vICMSDeson>0.00</vICMSDeson><vFCP>0.00</vFCP><vBCST>0.00</vBCST><vST>0.00</vST><vFCPST>0.00</vFCPST><vFCPSTRet>0.00</vFCPSTRet><vProd>39.90</vProd><vFrete>0.00</vFrete><vSeg>0.00</vSeg><vDesc>0.00</vDesc><vII>0.00</vII><vIPI>0.00</vIPI><vIPIDevol>0.00</vIPIDevol><vPIS>0.66</vPIS><vCOFINS>3.03</vCOFINS><vOutro>0.00</vOutro><vNF>39.90</vNF></ICMSTot></total><transp><modFrete>9</modFrete></transp><pag><detPag><tPag>01</tPag><vPag>39.90</vPag></detPag></pag><infAdic><infCpl>NF-e de venda de mercadoria.</infCpl></infAdic><infRespTec><CNPJ>58598900000162</CNPJ><xContato>FIGO Softwares</xContato><email>figo.devtech@gmail.com</email><fone>83987872668</fone></infRespTec></infNFe><Signature xmlns="http://www.w3.org/2000/09/xmldsig#"><SignedInfo><CanonicalizationMethod Algorithm="http://www.w3.org/TR/2001/REC-xml-c14n-20010315"/><SignatureMethod Algorithm="http://www.w3.org/2000/09/xmldsig#rsa-sha1"/><Reference URI="#NFe25260112260723000109550990000000201799109669"><Transforms><Transform Algorithm="http://www.w3.org/2000/09/xmldsig#enveloped-signature"/><Transform Algorithm="http://www.w3.org/TR/2001/REC-xml-c14n-20010315"/></Transforms><DigestMethod Algorithm="http://www.w3.org/2000/09/xmldsig#sha1"/><DigestValue>RTP1kUoQn4bqsX9MMThdgJ3aJqI=</DigestValue></Reference></SignedInfo><SignatureValue>lQcyhf726ZXfGvG41XmxJOc+PcpC5Dc4kLl9k+h2TpsESdfYyako2Q0/CNo17u2qqhUrwGJbuRIa3yy/dqVhKT8qXCTMpHJaHhf3tcbofpD8Oj2uWjlDMlQkjEwBXj0QY5ZdM+yl3+06Loze+s9S2VzfG0DhHeWgzBGAqS7VdSTmscNOhe4LRd+kZOm82JdcOO4irxDG9LTN7unTcO184wnfhUV6FiWqSuHWf2ylQw8yBPse2pJzS1HihR/Dr8mhqSUKyJfRizLKf4RAi2g+pE4tX7vTAhBoK7Rfi1SWJUPT7gNp6xTHAEFz7Rites9IiHLsIEEcxsV15DI7jneiJA==</SignatureValue><KeyInfo><X509Data><X509Certificate>MIIHfTCCBWWgAwIBAgIIeUF1+tGPJSUwDQYJKoZIhvcNAQELBQAwczELMAkGA1UEBhMCQlIxEzARBgNVBAoTCklDUC1CcmFzaWwxNjA0BgNVBAsTLVNlY3JldGFyaWEgZGEgUmVjZWl0YSBGZWRlcmFsIGRvIEJyYXNpbCAtIFJGQjEXMBUGA1UEAxMOQUMgQ05ETCBSRkIgdjMwHhcNMjUwMjEwMTI0NzE5WhcNMjYwMjEwMTI0NzE5WjCB+zELMAkGA1UEBhMCQlIxEzARBgNVBAoTCklDUC1CcmFzaWwxCzAJBgNVBAgTAlBCMRQwEgYDVQQHEwtKT0FPIFBFU1NPQTEXMBUGA1UECxMOMDkxMTc2MzEwMDAxNjAxNjA0BgNVBAsTLVNlY3JldGFyaWEgZGEgUmVjZWl0YSBGZWRlcmFsIGRvIEJyYXNpbCAtIFJGQjEWMBQGA1UECxMNUkZCIGUtQ05QSiBBMTEZMBcGA1UECxMQdmlkZW9jb25mZXJlbmNpYTEwMC4GA1UEAxMnQVVUTyBFTEVUUklDQSBERU1JUiBMVERBOjEyMjYwNzIzMDAwMTA5MIIBIjANBgkqhkiG9w0BAQEFAAOCAQ8AMIIBCgKCAQEAyRmv1XkNFE1/Z8XC8Dt7a8et4i1TSbfxtSMu2zNxvAu1L6BqbOS21Thwo+7dxL2+OlwDmw8/a3pXBrZQ89sQZ3UfwEt2Vc+iaM+0sOLgrXPDWJxVypYzAwDij9/F3WW2Kr/NoWsd7X2rvKZkOPUCgOsZ4FhGzeIxa1ev9z8nkmwrX8HpSmq/YgtlQpqMcZo/KKKxB6A+VFziaw/MHwJr0Y5pzJJqLoQhDpPL4cMvUSThDXyMnzzI5RdOe7a0faXIEXyQK5XDB1zONv2mzyAIZYuTJEivnwDc5MQF/XXPVYDk+A4Xj3bBIWQ37FlXo2AS/RMFWl66T9KIzndJqDVYNQIDAQABo4ICijCCAoYwHwYDVR0jBBgwFoAUax80FUEa6pseyiLSzt3vu+kyyokwDgYDVR0PAQH/BAQDAgXgMGcGA1UdIARgMF4wXAYGYEwBAgE0MFIwUAYIKwYBBQUHAgEWRGh0dHA6Ly9yZXBvc2l0b3Jpby5hY3NwY2JyYXNpbC5vcmcuYnIvYWMtY25kbHJmYi9hYy1jbmRsLXJmYi1kcGMucGRmMIGmBgNVHR8EgZ4wgZswS6BJoEeGRWh0dHA6Ly9yZXBvc2l0b3Jpby5hY3NwY2JyYXNpbC5vcmcuYnIvYWMtY25kbHJmYi9sY3ItYWMtY25kbHJmYnY1LmNybDBMoEqgSIZGaHR0cDovL3JlcG9zaXRvcmlvMi5hY3NwY2JyYXNpbC5vcmcuYnIvYWMtY25kbHJmYi9sY3ItYWMtY25kbHJmYnY1LmNybDBdBggrBgEFBQcBAQRRME8wTQYIKwYBBQUHMAKGQWh0dHA6Ly9yZXBvc2l0b3Jpby5hY3NwY2JyYXNpbC5vcmcuYnIvYWMtY25kbHJmYi9hYy1jbmRscmZidjUucDdiMIG3BgNVHREEga8wgayBGkZJTkFOQ0VJUk8uREVNSVJAR01BSUwuQ09NoCAGBWBMAQMCoBcTFUVETUlSIERFIExJTUEgTUFSVElOU6AZBgVgTAEDA6AQEw4xMjI2MDcyMzAwMDEwOaA4BgVgTAEDBKAvEy0wODEyMTk4MzA1MDkyNzA1NDkzMDAwMDAwMDAwMDAwMDAwMDAwMDAwMDAwMDCgFwYFYEwBAwegDhMMMDAwMDAwMDAwMDAwMB0GA1UdJQQWMBQGCCsGAQUFBwMCBggrBgEFBQcDBDAJBgNVHRMEAjAAMA0GCSqGSIb3DQEBCwUAA4ICAQA2hVDKQGMJVBWLQUXbEUBo/61gJjZAIKEfvVuRMxstx30qr3DcfEkBeL37nq9AA718p8Vo0aWkeB8S0JsntWjPVFEox0tbBCiChg3qfI2cA0IO1+H/084ZbdfrGxf83co+voIBcRpS5I/CZvqYa2ZZHDGThfMQSm7tvD2rZ2z/v8x/rvKSIkjQfUw6I87UY5X94bhR/mm/HjdXYTcvLkGDJTYpJXuGKaP8cjHORn8xHkk3MTYNWsWsmMHTECJSeZxnWaJfHfzLaZpUfAt9iK0Vh/5qGxteHRD/3sPl5VgCAmdR/i0M5IWYVL0xr+nCi7AH4wfbdvjkYLBe3gQBFY1DuNuAp9tzihBEg59ZqDySddaexWm0oy6v3pwuBTr7LGzvVWEODLTpmNOf8MDh6HPSgpccqc/XtmFo+LT0LIVeCE8Fj5FFj5p+qVdhlLgl0KgxVtxtwcfTpGd1FH1KF+VNK8EHwTf9jpNP+XRZmpBjcS6ZA2f6WaGN6DJTJMSZMTvy67i8Xu8N5UQoQBt+rXXKWgUXvbtmwN1mLmJCYaL0IRzqof0BcFVZWF8oU9vIkoKQbkRFk6WLUonkwgK5WGYfYHXnqRIBKRTgrnrLhrFeNIQ3VFSLT3M8hLw1C1R8wPmafDy90NqA0MoMe7P8QoTWzb2eczLhMslRBP52KRYbXA==</X509Certificate></X509Data></KeyInfo></Signature></NFe>	<?xml version="1.0" encoding="UTF-8"?><nfeProc xmlns="http://www.portalfiscal.inf.br/nfe" versao="4.00"><NFe xmlns="http://www.portalfiscal.inf.br/nfe"><infNFe Id="NFe25260112260723000109550990000000201799109669" versao="4.00"><ide><cUF>25</cUF><cNF>79910966</cNF><natOp>VENDA DE MERCADORIA</natOp><mod>55</mod><serie>99</serie><nNF>20</nNF><dhEmi>2026-01-31T23:00:57-03:00</dhEmi><tpNF>1</tpNF><idDest>1</idDest><cMunFG>2507507</cMunFG><tpImp>1</tpImp><tpEmis>1</tpEmis><cDV>9</cDV><tpAmb>2</tpAmb><finNFe>1</finNFe><indFinal>1</indFinal><indPres>1</indPres><procEmi>0</procEmi><verProc>ERPOficina 1.0.0</verProc></ide><emit><CNPJ>12260723000109</CNPJ><xNome>AUTO ELETRICA DEMIR LTDA</xNome><xFant>DEMIR INJECAO ELETRONICA A DIESEL</xFant><enderEmit><xLgr>RUA JORNALISTA JOSE RAMALHO</xLgr><nro>33</nro><xCpl>SALA 05</xCpl><xBairro>COSTA E SILVA</xBairro><cMun>2507507</cMun><xMun>JOAO PESSOA</xMun><UF>PB</UF><CEP>58081110</CEP><cPais>1058</cPais><xPais>BRASIL</xPais><fone>8332337025</fone></enderEmit><IE>161726542</IE><CRT>3</CRT></emit><dest><CPF>70869037447</CPF><xNome>NF-E EMITIDA EM AMBIENTE DE HOMOLOGACAO</xNome><enderDest><xLgr>Rodovia BR-101</xLgr><nro>S/N</nro><xBairro>Imaculada</xBairro><cMun>2507507</cMun><xMun>Bayeux</xMun><UF>PB</UF><CEP>58111001</CEP><cPais>1058</cPais><xPais>BRASIL</xPais><fone>83998737170</fone></enderDest><indIEDest>9</indIEDest></dest><det nItem="1"><prod><cProd>26</cProd><cEAN>SEM GTIN</cEAN><xProd>Filtro de Óleo Wega WO-120</xProd><NCM>84212300</NCM><CFOP>5102</CFOP><uCom>UN</uCom><qCom>1.00</qCom><vUnCom>39.90</vUnCom><vProd>39.90</vProd><cEANTrib>SEM GTIN</cEANTrib><uTrib>UN</uTrib><qTrib>1.00</qTrib><vUnTrib>39.90</vUnTrib><indTot>1</indTot></prod><imposto><ICMS><ICMS00><orig>0</orig><CST>00</CST><modBC>3</modBC><vBC>39.90</vBC><pICMS>18.00</pICMS><vICMS>7.18</vICMS></ICMS00></ICMS><PIS><PISAliq><CST>01</CST><vBC>39.90</vBC><pPIS>1.65</pPIS><vPIS>0.66</vPIS></PISAliq></PIS><COFINS><COFINSAliq><CST>01</CST><vBC>39.90</vBC><pCOFINS>7.60</pCOFINS><vCOFINS>3.03</vCOFINS></COFINSAliq></COFINS></imposto></det><total><ICMSTot><vBC>39.90</vBC><vICMS>7.18</vICMS><vICMSDeson>0.00</vICMSDeson><vFCP>0.00</vFCP><vBCST>0.00</vBCST><vST>0.00</vST><vFCPST>0.00</vFCPST><vFCPSTRet>0.00</vFCPSTRet><vProd>39.90</vProd><vFrete>0.00</vFrete><vSeg>0.00</vSeg><vDesc>0.00</vDesc><vII>0.00</vII><vIPI>0.00</vIPI><vIPIDevol>0.00</vIPIDevol><vPIS>0.66</vPIS><vCOFINS>3.03</vCOFINS><vOutro>0.00</vOutro><vNF>39.90</vNF></ICMSTot></total><transp><modFrete>9</modFrete></transp><pag><detPag><tPag>01</tPag><vPag>39.90</vPag></detPag></pag><infAdic><infCpl>NF-e de venda de mercadoria.</infCpl></infAdic><infRespTec><CNPJ>58598900000162</CNPJ><xContato>FIGO Softwares</xContato><email>figo.devtech@gmail.com</email><fone>83987872668</fone></infRespTec></infNFe><Signature xmlns="http://www.w3.org/2000/09/xmldsig#"><SignedInfo><CanonicalizationMethod Algorithm="http://www.w3.org/TR/2001/REC-xml-c14n-20010315"/><SignatureMethod Algorithm="http://www.w3.org/2000/09/xmldsig#rsa-sha1"/><Reference URI="#NFe25260112260723000109550990000000201799109669"><Transforms><Transform Algorithm="http://www.w3.org/2000/09/xmldsig#enveloped-signature"/><Transform Algorithm="http://www.w3.org/TR/2001/REC-xml-c14n-20010315"/></Transforms><DigestMethod Algorithm="http://www.w3.org/2000/09/xmldsig#sha1"/><DigestValue>RTP1kUoQn4bqsX9MMThdgJ3aJqI=</DigestValue></Reference></SignedInfo><SignatureValue>lQcyhf726ZXfGvG41XmxJOc+PcpC5Dc4kLl9k+h2TpsESdfYyako2Q0/CNo17u2qqhUrwGJbuRIa3yy/dqVhKT8qXCTMpHJaHhf3tcbofpD8Oj2uWjlDMlQkjEwBXj0QY5ZdM+yl3+06Loze+s9S2VzfG0DhHeWgzBGAqS7VdSTmscNOhe4LRd+kZOm82JdcOO4irxDG9LTN7unTcO184wnfhUV6FiWqSuHWf2ylQw8yBPse2pJzS1HihR/Dr8mhqSUKyJfRizLKf4RAi2g+pE4tX7vTAhBoK7Rfi1SWJUPT7gNp6xTHAEFz7Rites9IiHLsIEEcxsV15DI7jneiJA==</SignatureValue><KeyInfo><X509Data><X509Certificate>MIIHfTCCBWWgAwIBAgIIeUF1+tGPJSUwDQYJKoZIhvcNAQELBQAwczELMAkGA1UEBhMCQlIxEzARBgNVBAoTCklDUC1CcmFzaWwxNjA0BgNVBAsTLVNlY3JldGFyaWEgZGEgUmVjZWl0YSBGZWRlcmFsIGRvIEJyYXNpbCAtIFJGQjEXMBUGA1UEAxMOQUMgQ05ETCBSRkIgdjMwHhcNMjUwMjEwMTI0NzE5WhcNMjYwMjEwMTI0NzE5WjCB+zELMAkGA1UEBhMCQlIxEzARBgNVBAoTCklDUC1CcmFzaWwxCzAJBgNVBAgTAlBCMRQwEgYDVQQHEwtKT0FPIFBFU1NPQTEXMBUGA1UECxMOMDkxMTc2MzEwMDAxNjAxNjA0BgNVBAsTLVNlY3JldGFyaWEgZGEgUmVjZWl0YSBGZWRlcmFsIGRvIEJyYXNpbCAtIFJGQjEWMBQGA1UECxMNUkZCIGUtQ05QSiBBMTEZMBcGA1UECxMQdmlkZW9jb25mZXJlbmNpYTEwMC4GA1UEAxMnQVVUTyBFTEVUUklDQSBERU1JUiBMVERBOjEyMjYwNzIzMDAwMTA5MIIBIjANBgkqhkiG9w0BAQEFAAOCAQ8AMIIBCgKCAQEAyRmv1XkNFE1/Z8XC8Dt7a8et4i1TSbfxtSMu2zNxvAu1L6BqbOS21Thwo+7dxL2+OlwDmw8/a3pXBrZQ89sQZ3UfwEt2Vc+iaM+0sOLgrXPDWJxVypYzAwDij9/F3WW2Kr/NoWsd7X2rvKZkOPUCgOsZ4FhGzeIxa1ev9z8nkmwrX8HpSmq/YgtlQpqMcZo/KKKxB6A+VFziaw/MHwJr0Y5pzJJqLoQhDpPL4cMvUSThDXyMnzzI5RdOe7a0faXIEXyQK5XDB1zONv2mzyAIZYuTJEivnwDc5MQF/XXPVYDk+A4Xj3bBIWQ37FlXo2AS/RMFWl66T9KIzndJqDVYNQIDAQABo4ICijCCAoYwHwYDVR0jBBgwFoAUax80FUEa6pseyiLSzt3vu+kyyokwDgYDVR0PAQH/BAQDAgXgMGcGA1UdIARgMF4wXAYGYEwBAgE0MFIwUAYIKwYBBQUHAgEWRGh0dHA6Ly9yZXBvc2l0b3Jpby5hY3NwY2JyYXNpbC5vcmcuYnIvYWMtY25kbHJmYi9hYy1jbmRsLXJmYi1kcGMucGRmMIGmBgNVHR8EgZ4wgZswS6BJoEeGRWh0dHA6Ly9yZXBvc2l0b3Jpby5hY3NwY2JyYXNpbC5vcmcuYnIvYWMtY25kbHJmYi9sY3ItYWMtY25kbHJmYnY1LmNybDBMoEqgSIZGaHR0cDovL3JlcG9zaXRvcmlvMi5hY3NwY2JyYXNpbC5vcmcuYnIvYWMtY25kbHJmYi9sY3ItYWMtY25kbHJmYnY1LmNybDBdBggrBgEFBQcBAQRRME8wTQYIKwYBBQUHMAKGQWh0dHA6Ly9yZXBvc2l0b3Jpby5hY3NwY2JyYXNpbC5vcmcuYnIvYWMtY25kbHJmYi9hYy1jbmRscmZidjUucDdiMIG3BgNVHREEga8wgayBGkZJTkFOQ0VJUk8uREVNSVJAR01BSUwuQ09NoCAGBWBMAQMCoBcTFUVETUlSIERFIExJTUEgTUFSVElOU6AZBgVgTAEDA6AQEw4xMjI2MDcyMzAwMDEwOaA4BgVgTAEDBKAvEy0wODEyMTk4MzA1MDkyNzA1NDkzMDAwMDAwMDAwMDAwMDAwMDAwMDAwMDAwMDCgFwYFYEwBAwegDhMMMDAwMDAwMDAwMDAwMB0GA1UdJQQWMBQGCCsGAQUFBwMCBggrBgEFBQcDBDAJBgNVHRMEAjAAMA0GCSqGSIb3DQEBCwUAA4ICAQA2hVDKQGMJVBWLQUXbEUBo/61gJjZAIKEfvVuRMxstx30qr3DcfEkBeL37nq9AA718p8Vo0aWkeB8S0JsntWjPVFEox0tbBCiChg3qfI2cA0IO1+H/084ZbdfrGxf83co+voIBcRpS5I/CZvqYa2ZZHDGThfMQSm7tvD2rZ2z/v8x/rvKSIkjQfUw6I87UY5X94bhR/mm/HjdXYTcvLkGDJTYpJXuGKaP8cjHORn8xHkk3MTYNWsWsmMHTECJSeZxnWaJfHfzLaZpUfAt9iK0Vh/5qGxteHRD/3sPl5VgCAmdR/i0M5IWYVL0xr+nCi7AH4wfbdvjkYLBe3gQBFY1DuNuAp9tzihBEg59ZqDySddaexWm0oy6v3pwuBTr7LGzvVWEODLTpmNOf8MDh6HPSgpccqc/XtmFo+LT0LIVeCE8Fj5FFj5p+qVdhlLgl0KgxVtxtwcfTpGd1FH1KF+VNK8EHwTf9jpNP+XRZmpBjcS6ZA2f6WaGN6DJTJMSZMTvy67i8Xu8N5UQoQBt+rXXKWgUXvbtmwN1mLmJCYaL0IRzqof0BcFVZWF8oU9vIkoKQbkRFk6WLUonkwgK5WGYfYHXnqRIBKRTgrnrLhrFeNIQ3VFSLT3M8hLw1C1R8wPmafDy90NqA0MoMe7P8QoTWzb2eczLhMslRBP52KRYbXA==</X509Certificate></X509Data></KeyInfo></Signature></NFe><protNFe versao="4.00"><infProt><tpAmb>2</tpAmb><verAplic>SVRS2512230852</verAplic><chNFe>25260112260723000109550990000000201799109669</chNFe><dhRecbto>2026-01-31T23:01:19-03:00</dhRecbto><digVal>RTP1kUoQn4bqsX9MMThdgJ3aJqI=</digVal><cStat>598</cStat><xMotivo>Rejeicao: NF-e emitida em ambiente de homologacao com Razao Social do destinatario diferente de NF-E EMITIDA EM AMBIENTE DE HOMOLOGACAO - SEM VALOR FISCAL</xMotivo></infProt></protNFe></nfeProc>	\N	2026-02-01 02:00:10.05241+00	2026-02-01 02:02:06.248+00	1	\N	\N	\N	\N	\N	f	\N	\N	\N	\N
21	NFE	99	21	25260112260723000109550990000000211250997720	HOMOLOGACAO	AUTORIZADA	\N	5	680	2026-02-01 02:02:41.640908+00	2026-02-01 02:03:53.259+00	325260000004015	39.90	0.00	39.90	<?xml version="1.0" encoding="UTF-8"?><NFe xmlns="http://www.portalfiscal.inf.br/nfe"><infNFe Id="NFe25260112260723000109550990000000211250997720" versao="4.00"><ide><cUF>25</cUF><cNF>25099772</cNF><natOp>VENDA DE MERCADORIA</natOp><mod>55</mod><serie>99</serie><nNF>21</nNF><dhEmi>2026-01-31T23:03:28-03:00</dhEmi><tpNF>1</tpNF><idDest>1</idDest><cMunFG>2507507</cMunFG><tpImp>1</tpImp><tpEmis>1</tpEmis><cDV>0</cDV><tpAmb>2</tpAmb><finNFe>1</finNFe><indFinal>1</indFinal><indPres>1</indPres><procEmi>0</procEmi><verProc>ERPOficina 1.0.0</verProc></ide><emit><CNPJ>12260723000109</CNPJ><xNome>AUTO ELETRICA DEMIR LTDA</xNome><xFant>DEMIR INJECAO ELETRONICA A DIESEL</xFant><enderEmit><xLgr>RUA JORNALISTA JOSE RAMALHO</xLgr><nro>33</nro><xCpl>SALA 05</xCpl><xBairro>COSTA E SILVA</xBairro><cMun>2507507</cMun><xMun>JOAO PESSOA</xMun><UF>PB</UF><CEP>58081110</CEP><cPais>1058</cPais><xPais>BRASIL</xPais><fone>8332337025</fone></enderEmit><IE>161726542</IE><CRT>3</CRT></emit><dest><CPF>70869037447</CPF><xNome>NF-E EMITIDA EM AMBIENTE DE HOMOLOGACAO - SEM VALOR FISCAL</xNome><enderDest><xLgr>Rodovia BR-101</xLgr><nro>S/N</nro><xBairro>Imaculada</xBairro><cMun>2507507</cMun><xMun>Bayeux</xMun><UF>PB</UF><CEP>58111001</CEP><cPais>1058</cPais><xPais>BRASIL</xPais><fone>83998737170</fone></enderDest><indIEDest>9</indIEDest></dest><det nItem="1"><prod><cProd>26</cProd><cEAN>SEM GTIN</cEAN><xProd>Filtro de Óleo Wega WO-120</xProd><NCM>84212300</NCM><CFOP>5102</CFOP><uCom>UN</uCom><qCom>1.00</qCom><vUnCom>39.90</vUnCom><vProd>39.90</vProd><cEANTrib>SEM GTIN</cEANTrib><uTrib>UN</uTrib><qTrib>1.00</qTrib><vUnTrib>39.90</vUnTrib><indTot>1</indTot></prod><imposto><ICMS><ICMS00><orig>0</orig><CST>00</CST><modBC>3</modBC><vBC>39.90</vBC><pICMS>18.00</pICMS><vICMS>7.18</vICMS></ICMS00></ICMS><PIS><PISAliq><CST>01</CST><vBC>39.90</vBC><pPIS>1.65</pPIS><vPIS>0.66</vPIS></PISAliq></PIS><COFINS><COFINSAliq><CST>01</CST><vBC>39.90</vBC><pCOFINS>7.60</pCOFINS><vCOFINS>3.03</vCOFINS></COFINSAliq></COFINS></imposto></det><total><ICMSTot><vBC>39.90</vBC><vICMS>7.18</vICMS><vICMSDeson>0.00</vICMSDeson><vFCP>0.00</vFCP><vBCST>0.00</vBCST><vST>0.00</vST><vFCPST>0.00</vFCPST><vFCPSTRet>0.00</vFCPSTRet><vProd>39.90</vProd><vFrete>0.00</vFrete><vSeg>0.00</vSeg><vDesc>0.00</vDesc><vII>0.00</vII><vIPI>0.00</vIPI><vIPIDevol>0.00</vIPIDevol><vPIS>0.66</vPIS><vCOFINS>3.03</vCOFINS><vOutro>0.00</vOutro><vNF>39.90</vNF></ICMSTot></total><transp><modFrete>9</modFrete></transp><pag><detPag><tPag>01</tPag><vPag>39.90</vPag></detPag></pag><infAdic><infCpl>NF-e de venda de mercadoria.</infCpl></infAdic><infRespTec><CNPJ>58598900000162</CNPJ><xContato>FIGO Softwares</xContato><email>figo.devtech@gmail.com</email><fone>83987872668</fone></infRespTec></infNFe><Signature xmlns="http://www.w3.org/2000/09/xmldsig#"><SignedInfo><CanonicalizationMethod Algorithm="http://www.w3.org/TR/2001/REC-xml-c14n-20010315"/><SignatureMethod Algorithm="http://www.w3.org/2000/09/xmldsig#rsa-sha1"/><Reference URI="#NFe25260112260723000109550990000000211250997720"><Transforms><Transform Algorithm="http://www.w3.org/2000/09/xmldsig#enveloped-signature"/><Transform Algorithm="http://www.w3.org/TR/2001/REC-xml-c14n-20010315"/></Transforms><DigestMethod Algorithm="http://www.w3.org/2000/09/xmldsig#sha1"/><DigestValue>RVCUxN+T+222raZ0302idTB+LVE=</DigestValue></Reference></SignedInfo><SignatureValue>vuY0k19JPQDJY7v5U9oeoZ+FJDl3LwATJSqo34d0wLC6ZCP4155LFvatBFO/sMDHapdj1Lo/NBk6nfzGNwV0GTeSMFLvkgYvKzx9+XVjaV3TgRbSS4DjDPdpMLrwA4XOYxKrI5mL6aQLyW+E1DASHFzreh0VEtiYsQ81+HLdOr/cwdnfCcuAIRTU2XWyajof7Qy8UhfSiKhSyx81jfAro66U5FJ21a9EdcRRYNXC0M7oreQjIT/lVJkIVGRj77FLv5pTITpjK7uMYlqRTSEyhw6q/vtQOqL6NBojg4p/hOTBHUwhHRNwn10E+Q3eGboyxNg/PzyLSvsBp4gw/kiwOg==</SignatureValue><KeyInfo><X509Data><X509Certificate>MIIHfTCCBWWgAwIBAgIIeUF1+tGPJSUwDQYJKoZIhvcNAQELBQAwczELMAkGA1UEBhMCQlIxEzARBgNVBAoTCklDUC1CcmFzaWwxNjA0BgNVBAsTLVNlY3JldGFyaWEgZGEgUmVjZWl0YSBGZWRlcmFsIGRvIEJyYXNpbCAtIFJGQjEXMBUGA1UEAxMOQUMgQ05ETCBSRkIgdjMwHhcNMjUwMjEwMTI0NzE5WhcNMjYwMjEwMTI0NzE5WjCB+zELMAkGA1UEBhMCQlIxEzARBgNVBAoTCklDUC1CcmFzaWwxCzAJBgNVBAgTAlBCMRQwEgYDVQQHEwtKT0FPIFBFU1NPQTEXMBUGA1UECxMOMDkxMTc2MzEwMDAxNjAxNjA0BgNVBAsTLVNlY3JldGFyaWEgZGEgUmVjZWl0YSBGZWRlcmFsIGRvIEJyYXNpbCAtIFJGQjEWMBQGA1UECxMNUkZCIGUtQ05QSiBBMTEZMBcGA1UECxMQdmlkZW9jb25mZXJlbmNpYTEwMC4GA1UEAxMnQVVUTyBFTEVUUklDQSBERU1JUiBMVERBOjEyMjYwNzIzMDAwMTA5MIIBIjANBgkqhkiG9w0BAQEFAAOCAQ8AMIIBCgKCAQEAyRmv1XkNFE1/Z8XC8Dt7a8et4i1TSbfxtSMu2zNxvAu1L6BqbOS21Thwo+7dxL2+OlwDmw8/a3pXBrZQ89sQZ3UfwEt2Vc+iaM+0sOLgrXPDWJxVypYzAwDij9/F3WW2Kr/NoWsd7X2rvKZkOPUCgOsZ4FhGzeIxa1ev9z8nkmwrX8HpSmq/YgtlQpqMcZo/KKKxB6A+VFziaw/MHwJr0Y5pzJJqLoQhDpPL4cMvUSThDXyMnzzI5RdOe7a0faXIEXyQK5XDB1zONv2mzyAIZYuTJEivnwDc5MQF/XXPVYDk+A4Xj3bBIWQ37FlXo2AS/RMFWl66T9KIzndJqDVYNQIDAQABo4ICijCCAoYwHwYDVR0jBBgwFoAUax80FUEa6pseyiLSzt3vu+kyyokwDgYDVR0PAQH/BAQDAgXgMGcGA1UdIARgMF4wXAYGYEwBAgE0MFIwUAYIKwYBBQUHAgEWRGh0dHA6Ly9yZXBvc2l0b3Jpby5hY3NwY2JyYXNpbC5vcmcuYnIvYWMtY25kbHJmYi9hYy1jbmRsLXJmYi1kcGMucGRmMIGmBgNVHR8EgZ4wgZswS6BJoEeGRWh0dHA6Ly9yZXBvc2l0b3Jpby5hY3NwY2JyYXNpbC5vcmcuYnIvYWMtY25kbHJmYi9sY3ItYWMtY25kbHJmYnY1LmNybDBMoEqgSIZGaHR0cDovL3JlcG9zaXRvcmlvMi5hY3NwY2JyYXNpbC5vcmcuYnIvYWMtY25kbHJmYi9sY3ItYWMtY25kbHJmYnY1LmNybDBdBggrBgEFBQcBAQRRME8wTQYIKwYBBQUHMAKGQWh0dHA6Ly9yZXBvc2l0b3Jpby5hY3NwY2JyYXNpbC5vcmcuYnIvYWMtY25kbHJmYi9hYy1jbmRscmZidjUucDdiMIG3BgNVHREEga8wgayBGkZJTkFOQ0VJUk8uREVNSVJAR01BSUwuQ09NoCAGBWBMAQMCoBcTFUVETUlSIERFIExJTUEgTUFSVElOU6AZBgVgTAEDA6AQEw4xMjI2MDcyMzAwMDEwOaA4BgVgTAEDBKAvEy0wODEyMTk4MzA1MDkyNzA1NDkzMDAwMDAwMDAwMDAwMDAwMDAwMDAwMDAwMDCgFwYFYEwBAwegDhMMMDAwMDAwMDAwMDAwMB0GA1UdJQQWMBQGCCsGAQUFBwMCBggrBgEFBQcDBDAJBgNVHRMEAjAAMA0GCSqGSIb3DQEBCwUAA4ICAQA2hVDKQGMJVBWLQUXbEUBo/61gJjZAIKEfvVuRMxstx30qr3DcfEkBeL37nq9AA718p8Vo0aWkeB8S0JsntWjPVFEox0tbBCiChg3qfI2cA0IO1+H/084ZbdfrGxf83co+voIBcRpS5I/CZvqYa2ZZHDGThfMQSm7tvD2rZ2z/v8x/rvKSIkjQfUw6I87UY5X94bhR/mm/HjdXYTcvLkGDJTYpJXuGKaP8cjHORn8xHkk3MTYNWsWsmMHTECJSeZxnWaJfHfzLaZpUfAt9iK0Vh/5qGxteHRD/3sPl5VgCAmdR/i0M5IWYVL0xr+nCi7AH4wfbdvjkYLBe3gQBFY1DuNuAp9tzihBEg59ZqDySddaexWm0oy6v3pwuBTr7LGzvVWEODLTpmNOf8MDh6HPSgpccqc/XtmFo+LT0LIVeCE8Fj5FFj5p+qVdhlLgl0KgxVtxtwcfTpGd1FH1KF+VNK8EHwTf9jpNP+XRZmpBjcS6ZA2f6WaGN6DJTJMSZMTvy67i8Xu8N5UQoQBt+rXXKWgUXvbtmwN1mLmJCYaL0IRzqof0BcFVZWF8oU9vIkoKQbkRFk6WLUonkwgK5WGYfYHXnqRIBKRTgrnrLhrFeNIQ3VFSLT3M8hLw1C1R8wPmafDy90NqA0MoMe7P8QoTWzb2eczLhMslRBP52KRYbXA==</X509Certificate></X509Data></KeyInfo></Signature></NFe>	<?xml version="1.0" encoding="UTF-8"?><nfeProc xmlns="http://www.portalfiscal.inf.br/nfe" versao="4.00"><NFe xmlns="http://www.portalfiscal.inf.br/nfe"><infNFe Id="NFe25260112260723000109550990000000211250997720" versao="4.00"><ide><cUF>25</cUF><cNF>25099772</cNF><natOp>VENDA DE MERCADORIA</natOp><mod>55</mod><serie>99</serie><nNF>21</nNF><dhEmi>2026-01-31T23:03:28-03:00</dhEmi><tpNF>1</tpNF><idDest>1</idDest><cMunFG>2507507</cMunFG><tpImp>1</tpImp><tpEmis>1</tpEmis><cDV>0</cDV><tpAmb>2</tpAmb><finNFe>1</finNFe><indFinal>1</indFinal><indPres>1</indPres><procEmi>0</procEmi><verProc>ERPOficina 1.0.0</verProc></ide><emit><CNPJ>12260723000109</CNPJ><xNome>AUTO ELETRICA DEMIR LTDA</xNome><xFant>DEMIR INJECAO ELETRONICA A DIESEL</xFant><enderEmit><xLgr>RUA JORNALISTA JOSE RAMALHO</xLgr><nro>33</nro><xCpl>SALA 05</xCpl><xBairro>COSTA E SILVA</xBairro><cMun>2507507</cMun><xMun>JOAO PESSOA</xMun><UF>PB</UF><CEP>58081110</CEP><cPais>1058</cPais><xPais>BRASIL</xPais><fone>8332337025</fone></enderEmit><IE>161726542</IE><CRT>3</CRT></emit><dest><CPF>70869037447</CPF><xNome>NF-E EMITIDA EM AMBIENTE DE HOMOLOGACAO - SEM VALOR FISCAL</xNome><enderDest><xLgr>Rodovia BR-101</xLgr><nro>S/N</nro><xBairro>Imaculada</xBairro><cMun>2507507</cMun><xMun>Bayeux</xMun><UF>PB</UF><CEP>58111001</CEP><cPais>1058</cPais><xPais>BRASIL</xPais><fone>83998737170</fone></enderDest><indIEDest>9</indIEDest></dest><det nItem="1"><prod><cProd>26</cProd><cEAN>SEM GTIN</cEAN><xProd>Filtro de Óleo Wega WO-120</xProd><NCM>84212300</NCM><CFOP>5102</CFOP><uCom>UN</uCom><qCom>1.00</qCom><vUnCom>39.90</vUnCom><vProd>39.90</vProd><cEANTrib>SEM GTIN</cEANTrib><uTrib>UN</uTrib><qTrib>1.00</qTrib><vUnTrib>39.90</vUnTrib><indTot>1</indTot></prod><imposto><ICMS><ICMS00><orig>0</orig><CST>00</CST><modBC>3</modBC><vBC>39.90</vBC><pICMS>18.00</pICMS><vICMS>7.18</vICMS></ICMS00></ICMS><PIS><PISAliq><CST>01</CST><vBC>39.90</vBC><pPIS>1.65</pPIS><vPIS>0.66</vPIS></PISAliq></PIS><COFINS><COFINSAliq><CST>01</CST><vBC>39.90</vBC><pCOFINS>7.60</pCOFINS><vCOFINS>3.03</vCOFINS></COFINSAliq></COFINS></imposto></det><total><ICMSTot><vBC>39.90</vBC><vICMS>7.18</vICMS><vICMSDeson>0.00</vICMSDeson><vFCP>0.00</vFCP><vBCST>0.00</vBCST><vST>0.00</vST><vFCPST>0.00</vFCPST><vFCPSTRet>0.00</vFCPSTRet><vProd>39.90</vProd><vFrete>0.00</vFrete><vSeg>0.00</vSeg><vDesc>0.00</vDesc><vII>0.00</vII><vIPI>0.00</vIPI><vIPIDevol>0.00</vIPIDevol><vPIS>0.66</vPIS><vCOFINS>3.03</vCOFINS><vOutro>0.00</vOutro><vNF>39.90</vNF></ICMSTot></total><transp><modFrete>9</modFrete></transp><pag><detPag><tPag>01</tPag><vPag>39.90</vPag></detPag></pag><infAdic><infCpl>NF-e de venda de mercadoria.</infCpl></infAdic><infRespTec><CNPJ>58598900000162</CNPJ><xContato>FIGO Softwares</xContato><email>figo.devtech@gmail.com</email><fone>83987872668</fone></infRespTec></infNFe><Signature xmlns="http://www.w3.org/2000/09/xmldsig#"><SignedInfo><CanonicalizationMethod Algorithm="http://www.w3.org/TR/2001/REC-xml-c14n-20010315"/><SignatureMethod Algorithm="http://www.w3.org/2000/09/xmldsig#rsa-sha1"/><Reference URI="#NFe25260112260723000109550990000000211250997720"><Transforms><Transform Algorithm="http://www.w3.org/2000/09/xmldsig#enveloped-signature"/><Transform Algorithm="http://www.w3.org/TR/2001/REC-xml-c14n-20010315"/></Transforms><DigestMethod Algorithm="http://www.w3.org/2000/09/xmldsig#sha1"/><DigestValue>RVCUxN+T+222raZ0302idTB+LVE=</DigestValue></Reference></SignedInfo><SignatureValue>vuY0k19JPQDJY7v5U9oeoZ+FJDl3LwATJSqo34d0wLC6ZCP4155LFvatBFO/sMDHapdj1Lo/NBk6nfzGNwV0GTeSMFLvkgYvKzx9+XVjaV3TgRbSS4DjDPdpMLrwA4XOYxKrI5mL6aQLyW+E1DASHFzreh0VEtiYsQ81+HLdOr/cwdnfCcuAIRTU2XWyajof7Qy8UhfSiKhSyx81jfAro66U5FJ21a9EdcRRYNXC0M7oreQjIT/lVJkIVGRj77FLv5pTITpjK7uMYlqRTSEyhw6q/vtQOqL6NBojg4p/hOTBHUwhHRNwn10E+Q3eGboyxNg/PzyLSvsBp4gw/kiwOg==</SignatureValue><KeyInfo><X509Data><X509Certificate>MIIHfTCCBWWgAwIBAgIIeUF1+tGPJSUwDQYJKoZIhvcNAQELBQAwczELMAkGA1UEBhMCQlIxEzARBgNVBAoTCklDUC1CcmFzaWwxNjA0BgNVBAsTLVNlY3JldGFyaWEgZGEgUmVjZWl0YSBGZWRlcmFsIGRvIEJyYXNpbCAtIFJGQjEXMBUGA1UEAxMOQUMgQ05ETCBSRkIgdjMwHhcNMjUwMjEwMTI0NzE5WhcNMjYwMjEwMTI0NzE5WjCB+zELMAkGA1UEBhMCQlIxEzARBgNVBAoTCklDUC1CcmFzaWwxCzAJBgNVBAgTAlBCMRQwEgYDVQQHEwtKT0FPIFBFU1NPQTEXMBUGA1UECxMOMDkxMTc2MzEwMDAxNjAxNjA0BgNVBAsTLVNlY3JldGFyaWEgZGEgUmVjZWl0YSBGZWRlcmFsIGRvIEJyYXNpbCAtIFJGQjEWMBQGA1UECxMNUkZCIGUtQ05QSiBBMTEZMBcGA1UECxMQdmlkZW9jb25mZXJlbmNpYTEwMC4GA1UEAxMnQVVUTyBFTEVUUklDQSBERU1JUiBMVERBOjEyMjYwNzIzMDAwMTA5MIIBIjANBgkqhkiG9w0BAQEFAAOCAQ8AMIIBCgKCAQEAyRmv1XkNFE1/Z8XC8Dt7a8et4i1TSbfxtSMu2zNxvAu1L6BqbOS21Thwo+7dxL2+OlwDmw8/a3pXBrZQ89sQZ3UfwEt2Vc+iaM+0sOLgrXPDWJxVypYzAwDij9/F3WW2Kr/NoWsd7X2rvKZkOPUCgOsZ4FhGzeIxa1ev9z8nkmwrX8HpSmq/YgtlQpqMcZo/KKKxB6A+VFziaw/MHwJr0Y5pzJJqLoQhDpPL4cMvUSThDXyMnzzI5RdOe7a0faXIEXyQK5XDB1zONv2mzyAIZYuTJEivnwDc5MQF/XXPVYDk+A4Xj3bBIWQ37FlXo2AS/RMFWl66T9KIzndJqDVYNQIDAQABo4ICijCCAoYwHwYDVR0jBBgwFoAUax80FUEa6pseyiLSzt3vu+kyyokwDgYDVR0PAQH/BAQDAgXgMGcGA1UdIARgMF4wXAYGYEwBAgE0MFIwUAYIKwYBBQUHAgEWRGh0dHA6Ly9yZXBvc2l0b3Jpby5hY3NwY2JyYXNpbC5vcmcuYnIvYWMtY25kbHJmYi9hYy1jbmRsLXJmYi1kcGMucGRmMIGmBgNVHR8EgZ4wgZswS6BJoEeGRWh0dHA6Ly9yZXBvc2l0b3Jpby5hY3NwY2JyYXNpbC5vcmcuYnIvYWMtY25kbHJmYi9sY3ItYWMtY25kbHJmYnY1LmNybDBMoEqgSIZGaHR0cDovL3JlcG9zaXRvcmlvMi5hY3NwY2JyYXNpbC5vcmcuYnIvYWMtY25kbHJmYi9sY3ItYWMtY25kbHJmYnY1LmNybDBdBggrBgEFBQcBAQRRME8wTQYIKwYBBQUHMAKGQWh0dHA6Ly9yZXBvc2l0b3Jpby5hY3NwY2JyYXNpbC5vcmcuYnIvYWMtY25kbHJmYi9hYy1jbmRscmZidjUucDdiMIG3BgNVHREEga8wgayBGkZJTkFOQ0VJUk8uREVNSVJAR01BSUwuQ09NoCAGBWBMAQMCoBcTFUVETUlSIERFIExJTUEgTUFSVElOU6AZBgVgTAEDA6AQEw4xMjI2MDcyMzAwMDEwOaA4BgVgTAEDBKAvEy0wODEyMTk4MzA1MDkyNzA1NDkzMDAwMDAwMDAwMDAwMDAwMDAwMDAwMDAwMDCgFwYFYEwBAwegDhMMMDAwMDAwMDAwMDAwMB0GA1UdJQQWMBQGCCsGAQUFBwMCBggrBgEFBQcDBDAJBgNVHRMEAjAAMA0GCSqGSIb3DQEBCwUAA4ICAQA2hVDKQGMJVBWLQUXbEUBo/61gJjZAIKEfvVuRMxstx30qr3DcfEkBeL37nq9AA718p8Vo0aWkeB8S0JsntWjPVFEox0tbBCiChg3qfI2cA0IO1+H/084ZbdfrGxf83co+voIBcRpS5I/CZvqYa2ZZHDGThfMQSm7tvD2rZ2z/v8x/rvKSIkjQfUw6I87UY5X94bhR/mm/HjdXYTcvLkGDJTYpJXuGKaP8cjHORn8xHkk3MTYNWsWsmMHTECJSeZxnWaJfHfzLaZpUfAt9iK0Vh/5qGxteHRD/3sPl5VgCAmdR/i0M5IWYVL0xr+nCi7AH4wfbdvjkYLBe3gQBFY1DuNuAp9tzihBEg59ZqDySddaexWm0oy6v3pwuBTr7LGzvVWEODLTpmNOf8MDh6HPSgpccqc/XtmFo+LT0LIVeCE8Fj5FFj5p+qVdhlLgl0KgxVtxtwcfTpGd1FH1KF+VNK8EHwTf9jpNP+XRZmpBjcS6ZA2f6WaGN6DJTJMSZMTvy67i8Xu8N5UQoQBt+rXXKWgUXvbtmwN1mLmJCYaL0IRzqof0BcFVZWF8oU9vIkoKQbkRFk6WLUonkwgK5WGYfYHXnqRIBKRTgrnrLhrFeNIQ3VFSLT3M8hLw1C1R8wPmafDy90NqA0MoMe7P8QoTWzb2eczLhMslRBP52KRYbXA==</X509Certificate></X509Data></KeyInfo></Signature></NFe><protNFe versao="4.00"><infProt><tpAmb>2</tpAmb><verAplic>SVRS2512230852</verAplic><chNFe>25260112260723000109550990000000211250997720</chNFe><dhRecbto>2026-01-31T23:03:06-03:00</dhRecbto><nProt>325260000004015</nProt><digVal>RVCUxN+T+222raZ0302idTB+LVE=</digVal><cStat>100</cStat><xMotivo>Autorizado o uso da NF-e</xMotivo></infProt></protNFe></nfeProc>	\N	2026-02-01 02:02:41.640908+00	2026-02-01 02:03:53.259+00	1	\N	\N	\N	\N	\N	f	\N	\N	\N	\N
22	NFE	99	22	25260112260723000109550990000000221181637608	HOMOLOGACAO	RASCUNHO	\N	\N	\N	2026-02-01 02:11:03.875+00	\N	\N	399.00	0.00	399.00	<?xml version="1.0" encoding="UTF-8"?><NFe xmlns="http://www.portalfiscal.inf.br/nfe"><infNFe Id="NFe25260112260723000109550990000000221181637608" versao="4.00"><ide><cUF>25</cUF><cNF>18163760</cNF><natOp>ENTRADA DE MERCADORIA</natOp><mod>55</mod><serie>99</serie><nNF>22</nNF><dhEmi>2026-01-31T23:11:04-03:00</dhEmi><tpNF>0</tpNF><idDest>1</idDest><cMunFG>2507507</cMunFG><tpImp>1</tpImp><tpEmis>1</tpEmis><cDV>8</cDV><tpAmb>2</tpAmb><finNFe>1</finNFe><indFinal>1</indFinal><indPres>1</indPres><procEmi>0</procEmi><verProc>ERPOficina 1.0.0</verProc></ide><emit><CNPJ>12260723000109</CNPJ><xNome>AUTO ELETRICA DEMIR LTDA</xNome><xFant>DEMIR INJECAO ELETRONICA A DIESEL</xFant><enderEmit><xLgr>RUA JORNALISTA JOSE RAMALHO</xLgr><nro>33</nro><xCpl>SALA 05</xCpl><xBairro>COSTA E SILVA</xBairro><cMun>2507507</cMun><xMun>JOAO PESSOA</xMun><UF>PB</UF><CEP>58081110</CEP><cPais>1058</cPais><xPais>BRASIL</xPais><fone>8332337025</fone></enderEmit><IE>161726542</IE><CRT>3</CRT></emit><dest><CNPJ>39788312000147</CNPJ><xNome>BRUNO BORGES DE MEDEIROS</xNome><enderDest><xLgr>BR 230, KM 53</xLgr><nro>S/N</nro><xBairro>MANGUINHOS</xBairro><cMun>0000000</cMun><xMun>BAYEUX</xMun><UF>PB</UF><CEP>58111001</CEP><cPais>1058</cPais><xPais>BRASIL</xPais></enderDest><indIEDest>9</indIEDest></dest><det nItem="1"><prod><cProd>26</cProd><cEAN>SEM GTIN</cEAN><xProd>Filtro de Óleo Wega WO-120</xProd><NCM>84212300</NCM><CFOP>6102</CFOP><uCom>UN</uCom><qCom>10.00</qCom><vUnCom>39.90</vUnCom><vProd>399.00</vProd><cEANTrib>SEM GTIN</cEANTrib><uTrib>UN</uTrib><qTrib>10.00</qTrib><vUnTrib>39.90</vUnTrib><indTot>1</indTot></prod><imposto><ICMS><ICMS00><orig>0</orig><CST>00</CST><modBC>3</modBC><vBC>399.00</vBC><pICMS>18.00</pICMS><vICMS>71.82</vICMS></ICMS00></ICMS><PIS><PISAliq><CST>01</CST><vBC>399.00</vBC><pPIS>1.65</pPIS><vPIS>6.58</vPIS></PISAliq></PIS><COFINS><COFINSAliq><CST>01</CST><vBC>399.00</vBC><pCOFINS>7.60</pCOFINS><vCOFINS>30.32</vCOFINS></COFINSAliq></COFINS></imposto></det><total><ICMSTot><vBC>399.00</vBC><vICMS>71.82</vICMS><vICMSDeson>0.00</vICMSDeson><vFCP>0.00</vFCP><vBCST>0.00</vBCST><vST>0.00</vST><vFCPST>0.00</vFCPST><vFCPSTRet>0.00</vFCPSTRet><vProd>399.00</vProd><vFrete>0.00</vFrete><vSeg>0.00</vSeg><vDesc>0.00</vDesc><vII>0.00</vII><vIPI>0.00</vIPI><vIPIDevol>0.00</vIPIDevol><vPIS>6.58</vPIS><vCOFINS>30.32</vCOFINS><vOutro>0.00</vOutro><vNF>399.00</vNF></ICMSTot></total><transp><modFrete>9</modFrete></transp><pag><detPag><tPag>01</tPag><vPag>399.00</vPag></detPag></pag><infAdic><infCpl>NF-e de entrada de mercadoria.</infCpl></infAdic><infRespTec><CNPJ>58598900000162</CNPJ><xContato>FIGO Softwares</xContato><email>figo.devtech@gmail.com</email><fone>83987872668</fone></infRespTec></infNFe></NFe>	\N	\N	2026-02-01 02:10:17.484545+00	2026-02-01 02:11:04.194+00	1	\N	6102	\N	\N	\N	f	\N	3	19	\N
23	NFE	99	23	25260112260723000109550990000000231058231868	HOMOLOGACAO	RASCUNHO	\N	\N	\N	2026-02-01 02:15:07.808+00	\N	\N	399.00	0.00	399.00	<?xml version="1.0" encoding="UTF-8"?><NFe xmlns="http://www.portalfiscal.inf.br/nfe"><infNFe Id="NFe25260112260723000109550990000000231058231868" versao="4.00"><ide><cUF>25</cUF><cNF>05823186</cNF><natOp>ENTRADA DE MERCADORIA</natOp><mod>55</mod><serie>99</serie><nNF>23</nNF><dhEmi>2026-01-31T23:15:08-03:00</dhEmi><tpNF>0</tpNF><idDest>1</idDest><cMunFG>2507507</cMunFG><tpImp>1</tpImp><tpEmis>1</tpEmis><cDV>8</cDV><tpAmb>2</tpAmb><finNFe>1</finNFe><indFinal>1</indFinal><indPres>1</indPres><procEmi>0</procEmi><verProc>ERPOficina 1.0.0</verProc></ide><emit><CNPJ>12260723000109</CNPJ><xNome>AUTO ELETRICA DEMIR LTDA</xNome><xFant>DEMIR INJECAO ELETRONICA A DIESEL</xFant><enderEmit><xLgr>RUA JORNALISTA JOSE RAMALHO</xLgr><nro>33</nro><xCpl>SALA 05</xCpl><xBairro>COSTA E SILVA</xBairro><cMun>2507507</cMun><xMun>JOAO PESSOA</xMun><UF>PB</UF><CEP>58081110</CEP><cPais>1058</cPais><xPais>BRASIL</xPais><fone>8332337025</fone></enderEmit><IE>161726542</IE><CRT>3</CRT></emit><dest><CNPJ>39788312000147</CNPJ><xNome>BRUNO BORGES DE MEDEIROS</xNome><enderDest><xLgr>BR 230, KM 53</xLgr><nro>S/N</nro><xBairro>MANGUINHOS</xBairro><cMun>2501807</cMun><xMun>BAYEUX</xMun><UF>PB</UF><CEP>58111001</CEP><cPais>1058</cPais><xPais>BRASIL</xPais></enderDest><indIEDest>9</indIEDest></dest><det nItem="1"><prod><cProd>26</cProd><cEAN>SEM GTIN</cEAN><xProd>Filtro de Óleo Wega WO-120</xProd><NCM>84212300</NCM><CFOP>6102</CFOP><uCom>UN</uCom><qCom>10.00</qCom><vUnCom>39.90</vUnCom><vProd>399.00</vProd><cEANTrib>SEM GTIN</cEANTrib><uTrib>UN</uTrib><qTrib>10.00</qTrib><vUnTrib>39.90</vUnTrib><indTot>1</indTot></prod><imposto><ICMS><ICMS00><orig>0</orig><CST>00</CST><modBC>3</modBC><vBC>399.00</vBC><pICMS>18.00</pICMS><vICMS>71.82</vICMS></ICMS00></ICMS><PIS><PISAliq><CST>01</CST><vBC>399.00</vBC><pPIS>1.65</pPIS><vPIS>6.58</vPIS></PISAliq></PIS><COFINS><COFINSAliq><CST>01</CST><vBC>399.00</vBC><pCOFINS>7.60</pCOFINS><vCOFINS>30.32</vCOFINS></COFINSAliq></COFINS></imposto></det><total><ICMSTot><vBC>399.00</vBC><vICMS>71.82</vICMS><vICMSDeson>0.00</vICMSDeson><vFCP>0.00</vFCP><vBCST>0.00</vBCST><vST>0.00</vST><vFCPST>0.00</vFCPST><vFCPSTRet>0.00</vFCPSTRet><vProd>399.00</vProd><vFrete>0.00</vFrete><vSeg>0.00</vSeg><vDesc>0.00</vDesc><vII>0.00</vII><vIPI>0.00</vIPI><vIPIDevol>0.00</vIPIDevol><vPIS>6.58</vPIS><vCOFINS>30.32</vCOFINS><vOutro>0.00</vOutro><vNF>399.00</vNF></ICMSTot></total><transp><modFrete>9</modFrete></transp><pag><detPag><tPag>01</tPag><vPag>399.00</vPag></detPag></pag><infAdic><infCpl>NF-e de entrada de mercadoria.</infCpl></infAdic><infRespTec><CNPJ>58598900000162</CNPJ><xContato>FIGO Softwares</xContato><email>figo.devtech@gmail.com</email><fone>83987872668</fone></infRespTec></infNFe></NFe>	\N	\N	2026-02-01 02:14:21.411005+00	2026-02-01 02:15:08.106+00	1	\N	6102	\N	\N	\N	f	\N	3	19	\N
24	NFE	99	24	25260212260723000109550990000000241678344635	HOMOLOGACAO	RASCUNHO	\N	\N	\N	2026-02-01 03:11:42.472+00	\N	\N	399.00	0.00	399.00	<?xml version="1.0" encoding="UTF-8"?><NFe xmlns="http://www.portalfiscal.inf.br/nfe"><infNFe Id="NFe25260212260723000109550990000000241678344635" versao="4.00"><ide><cUF>25</cUF><cNF>67834463</cNF><natOp>ENTRADA DE MERCADORIA</natOp><mod>55</mod><serie>99</serie><nNF>24</nNF><dhEmi>2026-02-01T00:11:42-03:00</dhEmi><tpNF>0</tpNF><idDest>1</idDest><cMunFG>2507507</cMunFG><tpImp>1</tpImp><tpEmis>1</tpEmis><cDV>5</cDV><tpAmb>2</tpAmb><finNFe>1</finNFe><indFinal>1</indFinal><indPres>1</indPres><procEmi>0</procEmi><verProc>ERPOficina 1.0.0</verProc></ide><emit><CNPJ>12260723000109</CNPJ><xNome>AUTO ELETRICA DEMIR LTDA</xNome><xFant>DEMIR INJECAO ELETRONICA A DIESEL</xFant><enderEmit><xLgr>RUA JORNALISTA JOSE RAMALHO</xLgr><nro>33</nro><xCpl>SALA 05</xCpl><xBairro>COSTA E SILVA</xBairro><cMun>2507507</cMun><xMun>JOAO PESSOA</xMun><UF>PB</UF><CEP>58081110</CEP><cPais>1058</cPais><xPais>BRASIL</xPais><fone>8332337025</fone></enderEmit><IE>161726542</IE><CRT>3</CRT></emit><dest><CNPJ>39788312000147</CNPJ><xNome>BRUNO BORGES DE MEDEIROS</xNome><enderDest><xLgr>BR 230, KM 53</xLgr><nro>S/N</nro><xBairro>MANGUINHOS</xBairro><cMun>2501807</cMun><xMun>BAYEUX</xMun><UF>PB</UF><CEP>58111001</CEP><cPais>1058</cPais><xPais>BRASIL</xPais></enderDest><indIEDest>9</indIEDest></dest><det nItem="1"><prod><cProd>26</cProd><cEAN>SEM GTIN</cEAN><xProd>Filtro de Óleo Wega WO-120</xProd><NCM>84212300</NCM><CFOP>6102</CFOP><uCom>UN</uCom><qCom>10.00</qCom><vUnCom>39.90</vUnCom><vProd>399.00</vProd><cEANTrib>SEM GTIN</cEANTrib><uTrib>UN</uTrib><qTrib>10.00</qTrib><vUnTrib>39.90</vUnTrib><indTot>1</indTot></prod><imposto><ICMS><ICMS00><orig>0</orig><CST>00</CST><modBC>3</modBC><vBC>399.00</vBC><pICMS>18.00</pICMS><vICMS>71.82</vICMS></ICMS00></ICMS><PIS><PISAliq><CST>01</CST><vBC>399.00</vBC><pPIS>1.65</pPIS><vPIS>6.58</vPIS></PISAliq></PIS><COFINS><COFINSAliq><CST>01</CST><vBC>399.00</vBC><pCOFINS>7.60</pCOFINS><vCOFINS>30.32</vCOFINS></COFINSAliq></COFINS></imposto></det><total><ICMSTot><vBC>399.00</vBC><vICMS>71.82</vICMS><vICMSDeson>0.00</vICMSDeson><vFCP>0.00</vFCP><vBCST>0.00</vBCST><vST>0.00</vST><vFCPST>0.00</vFCPST><vFCPSTRet>0.00</vFCPSTRet><vProd>399.00</vProd><vFrete>0.00</vFrete><vSeg>0.00</vSeg><vDesc>0.00</vDesc><vII>0.00</vII><vIPI>0.00</vIPI><vIPIDevol>0.00</vIPIDevol><vPIS>6.58</vPIS><vCOFINS>30.32</vCOFINS><vOutro>0.00</vOutro><vNF>399.00</vNF></ICMSTot></total><transp><modFrete>9</modFrete></transp><pag><detPag><tPag>01</tPag><vPag>399.00</vPag></detPag></pag><infAdic><infCpl>NF-e de entrada de mercadoria.</infCpl></infAdic><infRespTec><CNPJ>58598900000162</CNPJ><xContato>FIGO Softwares</xContato><email>figo.devtech@gmail.com</email><fone>83987872668</fone></infRespTec></infNFe></NFe>	\N	\N	2026-02-01 03:10:56.078034+00	2026-02-01 03:11:42.772+00	1	\N	6102	\N	\N	\N	f	\N	3	19	\N
25	NFE	99	25	25260212260723000109550990000000251509833911	HOMOLOGACAO	RASCUNHO	\N	\N	\N	2026-02-01 16:25:22.456+00	\N	\N	399.00	0.00	399.00	<?xml version="1.0" encoding="UTF-8"?><NFe xmlns="http://www.portalfiscal.inf.br/nfe"><infNFe Id="NFe25260212260723000109550990000000251509833911" versao="4.00"><ide><cUF>25</cUF><cNF>50983391</cNF><natOp>ENTRADA DE MERCADORIA</natOp><mod>55</mod><serie>99</serie><nNF>25</nNF><dhEmi>2026-02-01T13:25:22-03:00</dhEmi><tpNF>0</tpNF><idDest>1</idDest><cMunFG>2507507</cMunFG><tpImp>1</tpImp><tpEmis>1</tpEmis><cDV>1</cDV><tpAmb>2</tpAmb><finNFe>1</finNFe><indFinal>1</indFinal><indPres>1</indPres><procEmi>0</procEmi><verProc>ERPOficina 1.0.0</verProc></ide><emit><CNPJ>12260723000109</CNPJ><xNome>AUTO ELETRICA DEMIR LTDA</xNome><xFant>DEMIR INJECAO ELETRONICA A DIESEL</xFant><enderEmit><xLgr>RUA JORNALISTA JOSE RAMALHO</xLgr><nro>33</nro><xCpl>SALA 05</xCpl><xBairro>COSTA E SILVA</xBairro><cMun>2507507</cMun><xMun>JOAO PESSOA</xMun><UF>PB</UF><CEP>58081110</CEP><cPais>1058</cPais><xPais>BRASIL</xPais><fone>8332337025</fone></enderEmit><IE>161726542</IE><CRT>3</CRT></emit><dest><CNPJ>39788312000147</CNPJ><xNome>BRUNO BORGES DE MEDEIROS</xNome><enderDest><xLgr>BR 230, KM 53</xLgr><nro>S/N</nro><xBairro>MANGUINHOS</xBairro><cMun>2501807</cMun><xMun>BAYEUX</xMun><UF>PB</UF><CEP>58111001</CEP><cPais>1058</cPais><xPais>BRASIL</xPais></enderDest><indIEDest>9</indIEDest></dest><det nItem="1"><prod><cProd>26</cProd><cEAN>SEM GTIN</cEAN><xProd>Filtro de Óleo Wega WO-120</xProd><NCM>84212300</NCM><CFOP>6102</CFOP><uCom>UN</uCom><qCom>10.00</qCom><vUnCom>39.90</vUnCom><vProd>399.00</vProd><cEANTrib>SEM GTIN</cEANTrib><uTrib>UN</uTrib><qTrib>10.00</qTrib><vUnTrib>39.90</vUnTrib><indTot>1</indTot></prod><imposto><ICMS><ICMS00><orig>0</orig><CST>00</CST><modBC>3</modBC><vBC>399.00</vBC><pICMS>18.00</pICMS><vICMS>71.82</vICMS></ICMS00></ICMS><PIS><PISAliq><CST>01</CST><vBC>399.00</vBC><pPIS>1.65</pPIS><vPIS>6.58</vPIS></PISAliq></PIS><COFINS><COFINSAliq><CST>01</CST><vBC>399.00</vBC><pCOFINS>7.60</pCOFINS><vCOFINS>30.32</vCOFINS></COFINSAliq></COFINS></imposto></det><total><ICMSTot><vBC>399.00</vBC><vICMS>71.82</vICMS><vICMSDeson>0.00</vICMSDeson><vFCP>0.00</vFCP><vBCST>0.00</vBCST><vST>0.00</vST><vFCPST>0.00</vFCPST><vFCPSTRet>0.00</vFCPSTRet><vProd>399.00</vProd><vFrete>0.00</vFrete><vSeg>0.00</vSeg><vDesc>0.00</vDesc><vII>0.00</vII><vIPI>0.00</vIPI><vIPIDevol>0.00</vIPIDevol><vPIS>6.58</vPIS><vCOFINS>30.32</vCOFINS><vOutro>0.00</vOutro><vNF>399.00</vNF></ICMSTot></total><transp><modFrete>9</modFrete></transp><pag><detPag><tPag>90</tPag><vPag>399.00</vPag></detPag></pag><infAdic><infCpl>NF-e de entrada de mercadoria.</infCpl></infAdic><infRespTec><CNPJ>58598900000162</CNPJ><xContato>FIGO Softwares</xContato><email>figo.devtech@gmail.com</email><fone>83987872668</fone></infRespTec></infNFe></NFe>	\N	\N	2026-02-01 16:24:35.297549+00	2026-02-01 16:25:22.76+00	1	\N	6102	\N	\N	\N	f	\N	3	19	\N
26	NFE	99	26	25260212260723000109550990000000261487101082	HOMOLOGACAO	RASCUNHO	\N	\N	\N	2026-02-01 17:33:45.112+00	\N	\N	399.00	0.00	399.00	<?xml version="1.0" encoding="UTF-8"?><NFe xmlns="http://www.portalfiscal.inf.br/nfe"><infNFe Id="NFe25260212260723000109550990000000261487101082" versao="4.00"><ide><cUF>25</cUF><cNF>48710108</cNF><natOp>ENTRADA DE MERCADORIA</natOp><mod>55</mod><serie>99</serie><nNF>26</nNF><dhEmi>2026-02-01T14:33:45-03:00</dhEmi><tpNF>0</tpNF><idDest>1</idDest><cMunFG>2507507</cMunFG><tpImp>1</tpImp><tpEmis>1</tpEmis><cDV>2</cDV><tpAmb>2</tpAmb><finNFe>1</finNFe><indFinal>0</indFinal><indPres>1</indPres><procEmi>0</procEmi><verProc>ERPOficina 1.0.0</verProc></ide><emit><CNPJ>12260723000109</CNPJ><xNome>AUTO ELETRICA DEMIR LTDA</xNome><xFant>DEMIR INJECAO ELETRONICA A DIESEL</xFant><enderEmit><xLgr>RUA JORNALISTA JOSE RAMALHO</xLgr><nro>33</nro><xCpl>SALA 05</xCpl><xBairro>COSTA E SILVA</xBairro><cMun>2507507</cMun><xMun>JOAO PESSOA</xMun><UF>PB</UF><CEP>58081110</CEP><cPais>1058</cPais><xPais>BRASIL</xPais><fone>8332337025</fone></enderEmit><IE>161726542</IE><CRT>3</CRT></emit><dest><CNPJ>39788312000147</CNPJ><xNome>BRUNO BORGES DE MEDEIROS</xNome><enderDest><xLgr>BR 230, KM 53</xLgr><nro>S/N</nro><xBairro>MANGUINHOS</xBairro><cMun>2501807</cMun><xMun>BAYEUX</xMun><UF>PB</UF><CEP>58111001</CEP><cPais>1058</cPais><xPais>BRASIL</xPais></enderDest><indIEDest>9</indIEDest></dest><det nItem="1"><prod><cProd>26</cProd><cEAN>SEM GTIN</cEAN><xProd>Filtro de Oleo Wega WO-120</xProd><NCM>84212300</NCM><CFOP>5102</CFOP><uCom>UN</uCom><qCom>10.00</qCom><vUnCom>39.90</vUnCom><vProd>399.00</vProd><cEANTrib>SEM GTIN</cEANTrib><uTrib>UN</uTrib><qTrib>10.00</qTrib><vUnTrib>39.90</vUnTrib><indTot>1</indTot></prod><imposto><ICMS><ICMS00><orig>0</orig><CST>00</CST><modBC>3</modBC><vBC>399.00</vBC><pICMS>18.00</pICMS><vICMS>71.82</vICMS></ICMS00></ICMS><PIS><PISAliq><CST>01</CST><vBC>399.00</vBC><pPIS>1.65</pPIS><vPIS>6.58</vPIS></PISAliq></PIS><COFINS><COFINSAliq><CST>01</CST><vBC>399.00</vBC><pCOFINS>7.60</pCOFINS><vCOFINS>30.32</vCOFINS></COFINSAliq></COFINS></imposto></det><total><ICMSTot><vBC>399.00</vBC><vICMS>71.82</vICMS><vICMSDeson>0.00</vICMSDeson><vFCP>0.00</vFCP><vBCST>0.00</vBCST><vST>0.00</vST><vFCPST>0.00</vFCPST><vFCPSTRet>0.00</vFCPSTRet><vProd>399.00</vProd><vFrete>0.00</vFrete><vSeg>0.00</vSeg><vDesc>0.00</vDesc><vII>0.00</vII><vIPI>0.00</vIPI><vIPIDevol>0.00</vIPIDevol><vPIS>6.58</vPIS><vCOFINS>30.32</vCOFINS><vOutro>0.00</vOutro><vNF>399.00</vNF></ICMSTot></total><transp><modFrete>9</modFrete></transp><pag><detPag><tPag>01</tPag><vPag>399.00</vPag></detPag></pag><infAdic><infCpl>NF-e de entrada de mercadoria.</infCpl></infAdic><infRespTec><CNPJ>58598900000162</CNPJ><xContato>FIGO Softwares</xContato><email>figo.devtech@gmail.com</email><fone>83987872668</fone></infRespTec></infNFe></NFe>	\N	\N	2026-02-01 17:32:57.951566+00	2026-02-01 17:34:42.685+00	1	\N	6102	\N	\N	\N	f	\N	3	19	\N
27	NFE	99	27	25260212260723000109550990000000271429870319	HOMOLOGACAO	RASCUNHO	\N	5	680	2026-02-01 18:05:49.904782+00	\N	\N	39.90	0.00	39.90	<?xml version="1.0" encoding="UTF-8"?><NFe xmlns="http://www.portalfiscal.inf.br/nfe"><infNFe Id="NFe25260212260723000109550990000000271429870319" versao="4.00"><ide><cUF>25</cUF><cNF>42987031</cNF><natOp>VENDA DE MERCADORIA</natOp><mod>55</mod><serie>99</serie><nNF>27</nNF><dhEmi>2026-02-01T15:06:37-03:00</dhEmi><tpNF>1</tpNF><idDest>1</idDest><cMunFG>2507507</cMunFG><tpImp>1</tpImp><tpEmis>1</tpEmis><cDV>9</cDV><tpAmb>2</tpAmb><finNFe>1</finNFe><indFinal>1</indFinal><indPres>1</indPres><procEmi>0</procEmi><verProc>ERPOficina 1.0.0</verProc></ide><emit><CNPJ>12260723000109</CNPJ><xNome>AUTO ELETRICA DEMIR LTDA</xNome><xFant>DEMIR INJECAO ELETRONICA A DIESEL</xFant><enderEmit><xLgr>RUA JORNALISTA JOSE RAMALHO</xLgr><nro>33</nro><xCpl>SALA 05</xCpl><xBairro>COSTA E SILVA</xBairro><cMun>2507507</cMun><xMun>JOAO PESSOA</xMun><UF>PB</UF><CEP>58081110</CEP><cPais>1058</cPais><xPais>BRASIL</xPais><fone>8332337025</fone></enderEmit><IE>161726542</IE><CRT>3</CRT></emit><dest><CPF>70869037447</CPF><xNome>Bruno Lucas Batista de Lima</xNome><enderDest><xLgr>Rodovia BR-101</xLgr><nro>S/N</nro><xBairro>Imaculada</xBairro><cMun>2507507</cMun><xMun>Bayeux</xMun><UF>PB</UF><CEP>58111001</CEP><cPais>1058</cPais><xPais>BRASIL</xPais><fone>83998737170</fone></enderDest><indIEDest>9</indIEDest></dest><det nItem="1"><prod><cProd>26</cProd><cEAN>SEM GTIN</cEAN><xProd>Filtro de Oleo Wega WO-120</xProd><NCM>84212300</NCM><CFOP>5102</CFOP><uCom>UN</uCom><qCom>1.00</qCom><vUnCom>39.90</vUnCom><vProd>39.90</vProd><cEANTrib>SEM GTIN</cEANTrib><uTrib>UN</uTrib><qTrib>1.00</qTrib><vUnTrib>39.90</vUnTrib><indTot>1</indTot></prod><imposto><ICMS><ICMS00><orig>0</orig><CST>00</CST><modBC>3</modBC><vBC>39.90</vBC><pICMS>18.00</pICMS><vICMS>7.18</vICMS></ICMS00></ICMS><PIS><PISAliq><CST>01</CST><vBC>39.90</vBC><pPIS>1.65</pPIS><vPIS>0.66</vPIS></PISAliq></PIS><COFINS><COFINSAliq><CST>01</CST><vBC>39.90</vBC><pCOFINS>7.60</pCOFINS><vCOFINS>3.03</vCOFINS></COFINSAliq></COFINS></imposto></det><total><ICMSTot><vBC>39.90</vBC><vICMS>7.18</vICMS><vICMSDeson>0.00</vICMSDeson><vFCP>0.00</vFCP><vBCST>0.00</vBCST><vST>0.00</vST><vFCPST>0.00</vFCPST><vFCPSTRet>0.00</vFCPSTRet><vProd>39.90</vProd><vFrete>0.00</vFrete><vSeg>0.00</vSeg><vDesc>0.00</vDesc><vII>0.00</vII><vIPI>0.00</vIPI><vIPIDevol>0.00</vIPIDevol><vPIS>0.66</vPIS><vCOFINS>3.03</vCOFINS><vOutro>0.00</vOutro><vNF>39.90</vNF></ICMSTot></total><transp><modFrete>9</modFrete></transp><pag><detPag><tPag>01</tPag><vPag>39.90</vPag></detPag></pag><infAdic><infCpl>NF-e de venda de mercadoria.</infCpl></infAdic><infRespTec><CNPJ>58598900000162</CNPJ><xContato>FIGO Softwares</xContato><email>figo.devtech@gmail.com</email><fone>83987872668</fone></infRespTec></infNFe></NFe>	\N	\N	2026-02-01 18:05:49.904782+00	2026-02-01 18:06:37.818+00	1	\N	\N	\N	\N	\N	f	\N	\N	\N	\N
28	NFE	99	28	25260212260723000109550990000000281355967486	HOMOLOGACAO	RASCUNHO	\N	5	680	2026-02-01 18:18:00.005439+00	\N	\N	39.90	0.00	39.90	<?xml version="1.0" encoding="UTF-8"?><NFe xmlns="http://www.portalfiscal.inf.br/nfe"><infNFe Id="NFe25260212260723000109550990000000281355967486" versao="4.00"><ide><cUF>25</cUF><cNF>35596748</cNF><natOp>VENDA DE MERCADORIA</natOp><mod>55</mod><serie>99</serie><nNF>28</nNF><dhEmi>2026-02-01T15:18:48-03:00</dhEmi><tpNF>1</tpNF><idDest>1</idDest><cMunFG>2507507</cMunFG><tpImp>1</tpImp><tpEmis>1</tpEmis><cDV>6</cDV><tpAmb>2</tpAmb><finNFe>1</finNFe><indFinal>1</indFinal><indPres>1</indPres><procEmi>0</procEmi><verProc>ERPOficina 1.0.0</verProc></ide><emit><CNPJ>12260723000109</CNPJ><xNome>AUTO ELETRICA DEMIR LTDA</xNome><xFant>DEMIR INJECAO ELETRONICA A DIESEL</xFant><enderEmit><xLgr>RUA JORNALISTA JOSE RAMALHO</xLgr><nro>33</nro><xCpl>SALA 05</xCpl><xBairro>COSTA E SILVA</xBairro><cMun>2507507</cMun><xMun>JOAO PESSOA</xMun><UF>PB</UF><CEP>58081110</CEP><cPais>1058</cPais><xPais>BRASIL</xPais><fone>8332337025</fone></enderEmit><IE>161726542</IE><CRT>3</CRT></emit><dest><CPF>70869037447</CPF><xNome>NF-E EMITIDA EM AMBIENTE DE HOMOLOGACAO - SEM VALOR FISCAL</xNome><enderDest><xLgr>Rodovia BR-101</xLgr><nro>S/N</nro><xBairro>Imaculada</xBairro><cMun>2507507</cMun><xMun>Bayeux</xMun><UF>PB</UF><CEP>58111001</CEP><cPais>1058</cPais><xPais>BRASIL</xPais><fone>83998737170</fone></enderDest><indIEDest>9</indIEDest></dest><det nItem="1"><prod><cProd>26</cProd><cEAN>SEM GTIN</cEAN><xProd>Filtro de Oleo Wega WO-120</xProd><NCM>84212300</NCM><CFOP>5102</CFOP><uCom>UN</uCom><qCom>1.00</qCom><vUnCom>39.90</vUnCom><vProd>39.90</vProd><cEANTrib>SEM GTIN</cEANTrib><uTrib>UN</uTrib><qTrib>1.00</qTrib><vUnTrib>39.90</vUnTrib><indTot>1</indTot></prod><imposto><ICMS><ICMS00><orig>0</orig><CST>00</CST><modBC>3</modBC><vBC>39.90</vBC><pICMS>18.00</pICMS><vICMS>7.18</vICMS></ICMS00></ICMS><PIS><PISAliq><CST>01</CST><vBC>39.90</vBC><pPIS>1.65</pPIS><vPIS>0.66</vPIS></PISAliq></PIS><COFINS><COFINSAliq><CST>01</CST><vBC>39.90</vBC><pCOFINS>7.60</pCOFINS><vCOFINS>3.03</vCOFINS></COFINSAliq></COFINS></imposto></det><total><ICMSTot><vBC>39.90</vBC><vICMS>7.18</vICMS><vICMSDeson>0.00</vICMSDeson><vFCP>0.00</vFCP><vBCST>0.00</vBCST><vST>0.00</vST><vFCPST>0.00</vFCPST><vFCPSTRet>0.00</vFCPSTRet><vProd>39.90</vProd><vFrete>0.00</vFrete><vSeg>0.00</vSeg><vDesc>0.00</vDesc><vII>0.00</vII><vIPI>0.00</vIPI><vIPIDevol>0.00</vIPIDevol><vPIS>0.66</vPIS><vCOFINS>3.03</vCOFINS><vOutro>0.00</vOutro><vNF>39.90</vNF></ICMSTot></total><transp><modFrete>9</modFrete></transp><pag><detPag><tPag>01</tPag><vPag>39.90</vPag></detPag></pag><infAdic><infCpl>NF-e de venda de mercadoria.</infCpl></infAdic><infRespTec><CNPJ>58598900000162</CNPJ><xContato>FIGO Softwares</xContato><email>figo.devtech@gmail.com</email><fone>83987872668</fone></infRespTec></infNFe></NFe>	\N	\N	2026-02-01 18:18:00.005439+00	2026-02-01 18:18:48.483+00	1	\N	\N	\N	\N	\N	f	\N	\N	\N	\N
29	NFE	99	29	25260212260723000109550990000000291354372001	PRODUCAO	RASCUNHO	\N	5	680	2026-02-01 18:19:04.048557+00	\N	\N	39.90	0.00	39.90	<?xml version="1.0" encoding="UTF-8"?><NFe xmlns="http://www.portalfiscal.inf.br/nfe"><infNFe Id="NFe25260212260723000109550990000000291354372001" versao="4.00"><ide><cUF>25</cUF><cNF>35437200</cNF><natOp>VENDA DE MERCADORIA</natOp><mod>55</mod><serie>99</serie><nNF>29</nNF><dhEmi>2026-02-01T15:19:51-03:00</dhEmi><tpNF>1</tpNF><idDest>1</idDest><cMunFG>2507507</cMunFG><tpImp>1</tpImp><tpEmis>1</tpEmis><cDV>1</cDV><tpAmb>1</tpAmb><finNFe>1</finNFe><indFinal>1</indFinal><indPres>1</indPres><procEmi>0</procEmi><verProc>ERPOficina 1.0.0</verProc></ide><emit><CNPJ>12260723000109</CNPJ><xNome>AUTO ELETRICA DEMIR LTDA</xNome><xFant>DEMIR INJECAO ELETRONICA A DIESEL</xFant><enderEmit><xLgr>RUA JORNALISTA JOSE RAMALHO</xLgr><nro>33</nro><xCpl>SALA 05</xCpl><xBairro>COSTA E SILVA</xBairro><cMun>2507507</cMun><xMun>JOAO PESSOA</xMun><UF>PB</UF><CEP>58081110</CEP><cPais>1058</cPais><xPais>BRASIL</xPais><fone>8332337025</fone></enderEmit><IE>161726542</IE><CRT>3</CRT></emit><dest><CPF>70869037447</CPF><xNome>Bruno Lucas Batista de Lima</xNome><enderDest><xLgr>Rodovia BR-101</xLgr><nro>S/N</nro><xBairro>Imaculada</xBairro><cMun>2507507</cMun><xMun>Bayeux</xMun><UF>PB</UF><CEP>58111001</CEP><cPais>1058</cPais><xPais>BRASIL</xPais><fone>83998737170</fone></enderDest><indIEDest>9</indIEDest></dest><det nItem="1"><prod><cProd>26</cProd><cEAN>SEM GTIN</cEAN><xProd>Filtro de Oleo Wega WO-120</xProd><NCM>84212300</NCM><CFOP>5102</CFOP><uCom>UN</uCom><qCom>1.00</qCom><vUnCom>39.90</vUnCom><vProd>39.90</vProd><cEANTrib>SEM GTIN</cEANTrib><uTrib>UN</uTrib><qTrib>1.00</qTrib><vUnTrib>39.90</vUnTrib><indTot>1</indTot></prod><imposto><ICMS><ICMS00><orig>0</orig><CST>00</CST><modBC>3</modBC><vBC>39.90</vBC><pICMS>18.00</pICMS><vICMS>7.18</vICMS></ICMS00></ICMS><PIS><PISAliq><CST>01</CST><vBC>39.90</vBC><pPIS>1.65</pPIS><vPIS>0.66</vPIS></PISAliq></PIS><COFINS><COFINSAliq><CST>01</CST><vBC>39.90</vBC><pCOFINS>7.60</pCOFINS><vCOFINS>3.03</vCOFINS></COFINSAliq></COFINS></imposto></det><total><ICMSTot><vBC>39.90</vBC><vICMS>7.18</vICMS><vICMSDeson>0.00</vICMSDeson><vFCP>0.00</vFCP><vBCST>0.00</vBCST><vST>0.00</vST><vFCPST>0.00</vFCPST><vFCPSTRet>0.00</vFCPSTRet><vProd>39.90</vProd><vFrete>0.00</vFrete><vSeg>0.00</vSeg><vDesc>0.00</vDesc><vII>0.00</vII><vIPI>0.00</vIPI><vIPIDevol>0.00</vIPIDevol><vPIS>0.66</vPIS><vCOFINS>3.03</vCOFINS><vOutro>0.00</vOutro><vNF>39.90</vNF></ICMSTot></total><transp><modFrete>9</modFrete></transp><pag><detPag><tPag>01</tPag><vPag>39.90</vPag></detPag></pag><infAdic><infCpl>NF-e de venda de mercadoria.</infCpl></infAdic><infRespTec><CNPJ>58598900000162</CNPJ><xContato>FIGO Softwares</xContato><email>figo.devtech@gmail.com</email><fone>83987872668</fone></infRespTec></infNFe></NFe>	\N	\N	2026-02-01 18:19:04.048557+00	2026-02-01 18:19:51.976+00	1	\N	\N	\N	\N	\N	f	\N	\N	\N	\N
31	NFE	99	31	25260212260723000109550990000000311433281740	HOMOLOGACAO	AUTORIZADA	\N	\N	\N	2026-02-01 18:51:09.705+00	2026-02-01 19:23:09.733+00	325260000004017	399.00	0.00	399.00	<?xml version="1.0" encoding="UTF-8"?><NFe xmlns="http://www.portalfiscal.inf.br/nfe"><infNFe Id="NFe25260212260723000109550990000000311433281740" versao="4.00"><ide><cUF>25</cUF><cNF>43328174</cNF><natOp>ENTRADA DE MERCADORIA</natOp><mod>55</mod><serie>99</serie><nNF>31</nNF><dhEmi>2026-02-01T15:51:10-03:00</dhEmi><tpNF>0</tpNF><idDest>1</idDest><cMunFG>2507507</cMunFG><tpImp>1</tpImp><tpEmis>1</tpEmis><cDV>0</cDV><tpAmb>2</tpAmb><finNFe>1</finNFe><indFinal>0</indFinal><indPres>1</indPres><procEmi>0</procEmi><verProc>ERPOficina 1.0.0</verProc></ide><emit><CNPJ>12260723000109</CNPJ><xNome>AUTO ELETRICA DEMIR LTDA</xNome><xFant>DEMIR INJECAO ELETRONICA A DIESEL</xFant><enderEmit><xLgr>RUA JORNALISTA JOSE RAMALHO</xLgr><nro>33</nro><xCpl>SALA 05</xCpl><xBairro>COSTA E SILVA</xBairro><cMun>2507507</cMun><xMun>JOAO PESSOA</xMun><UF>PB</UF><CEP>58081110</CEP><cPais>1058</cPais><xPais>BRASIL</xPais><fone>8332337025</fone></enderEmit><IE>161726542</IE><CRT>3</CRT></emit><dest><CNPJ>39788312000147</CNPJ><xNome>NF-E EMITIDA EM AMBIENTE DE HOMOLOGACAO - SEM VALOR FISCAL</xNome><enderDest><xLgr>BR 230, KM 53</xLgr><nro>S/N</nro><xBairro>MANGUINHOS</xBairro><cMun>2501807</cMun><xMun>BAYEUX</xMun><UF>PB</UF><CEP>58111001</CEP><cPais>1058</cPais><xPais>BRASIL</xPais></enderDest><indIEDest>9</indIEDest></dest><det nItem="1"><prod><cProd>26</cProd><cEAN>SEM GTIN</cEAN><xProd>Filtro de Oleo Wega WO-120</xProd><NCM>84212300</NCM><CFOP>1102</CFOP><uCom>UN</uCom><qCom>10.00</qCom><vUnCom>39.90</vUnCom><vProd>399.00</vProd><cEANTrib>SEM GTIN</cEANTrib><uTrib>UN</uTrib><qTrib>10.00</qTrib><vUnTrib>39.90</vUnTrib><indTot>1</indTot></prod><imposto><ICMS><ICMS00><orig>0</orig><CST>00</CST><modBC>3</modBC><vBC>399.00</vBC><pICMS>18.00</pICMS><vICMS>71.82</vICMS></ICMS00></ICMS><PIS><PISAliq><CST>01</CST><vBC>399.00</vBC><pPIS>1.65</pPIS><vPIS>6.58</vPIS></PISAliq></PIS><COFINS><COFINSAliq><CST>01</CST><vBC>399.00</vBC><pCOFINS>7.60</pCOFINS><vCOFINS>30.32</vCOFINS></COFINSAliq></COFINS></imposto></det><total><ICMSTot><vBC>399.00</vBC><vICMS>71.82</vICMS><vICMSDeson>0.00</vICMSDeson><vFCP>0.00</vFCP><vBCST>0.00</vBCST><vST>0.00</vST><vFCPST>0.00</vFCPST><vFCPSTRet>0.00</vFCPSTRet><vProd>399.00</vProd><vFrete>0.00</vFrete><vSeg>0.00</vSeg><vDesc>0.00</vDesc><vII>0.00</vII><vIPI>0.00</vIPI><vIPIDevol>0.00</vIPIDevol><vPIS>6.58</vPIS><vCOFINS>30.32</vCOFINS><vOutro>0.00</vOutro><vNF>399.00</vNF></ICMSTot></total><transp><modFrete>9</modFrete></transp><pag><detPag><tPag>01</tPag><vPag>399.00</vPag></detPag></pag><infAdic><infCpl>NF-e de entrada de mercadoria.</infCpl></infAdic><infRespTec><CNPJ>58598900000162</CNPJ><xContato>FIGO Softwares</xContato><email>figo.devtech@gmail.com</email><fone>83987872668</fone></infRespTec></infNFe><Signature xmlns="http://www.w3.org/2000/09/xmldsig#"><SignedInfo><CanonicalizationMethod Algorithm="http://www.w3.org/TR/2001/REC-xml-c14n-20010315"/><SignatureMethod Algorithm="http://www.w3.org/2000/09/xmldsig#rsa-sha1"/><Reference URI="#NFe25260212260723000109550990000000311433281740"><Transforms><Transform Algorithm="http://www.w3.org/2000/09/xmldsig#enveloped-signature"/><Transform Algorithm="http://www.w3.org/TR/2001/REC-xml-c14n-20010315"/></Transforms><DigestMethod Algorithm="http://www.w3.org/2000/09/xmldsig#sha1"/><DigestValue>pe7Kex9myHIOPJqREpP73sxAidg=</DigestValue></Reference></SignedInfo><SignatureValue>uYY4nyXf1fQ1ql1FoUwe+Y161hftwAiNuIOMQDdzxXd6ZOgeGIk++CTa4WnKRarU3iLYIQKELRHp8LGWg2uwN+ELWqGZh4X33g+V+y5xz2juyA+xZAQNOPF6S328415i59U79yaFCw+lHF9N4DDxnmAi7ylPK+wYcy97gjcuhE5XvSuO8ULAXQvRihA6AKBIcTiO16aOds3BZGMFRc/W6pCSKpqoUr2nBbGzSHpEqJmj4frfK10LodMjxbuqWA0shwZHtABlcKIDn0ur0Gw+zL3SNWJH/TGiYj0wWUh36HuOzdwr6lE+T/at1YiofqMJg5ZD3EzZOBgrako2daVVSQ==</SignatureValue><KeyInfo><X509Data><X509Certificate>MIIHfTCCBWWgAwIBAgIIeUF1+tGPJSUwDQYJKoZIhvcNAQELBQAwczELMAkGA1UEBhMCQlIxEzARBgNVBAoTCklDUC1CcmFzaWwxNjA0BgNVBAsTLVNlY3JldGFyaWEgZGEgUmVjZWl0YSBGZWRlcmFsIGRvIEJyYXNpbCAtIFJGQjEXMBUGA1UEAxMOQUMgQ05ETCBSRkIgdjMwHhcNMjUwMjEwMTI0NzE5WhcNMjYwMjEwMTI0NzE5WjCB+zELMAkGA1UEBhMCQlIxEzARBgNVBAoTCklDUC1CcmFzaWwxCzAJBgNVBAgTAlBCMRQwEgYDVQQHEwtKT0FPIFBFU1NPQTEXMBUGA1UECxMOMDkxMTc2MzEwMDAxNjAxNjA0BgNVBAsTLVNlY3JldGFyaWEgZGEgUmVjZWl0YSBGZWRlcmFsIGRvIEJyYXNpbCAtIFJGQjEWMBQGA1UECxMNUkZCIGUtQ05QSiBBMTEZMBcGA1UECxMQdmlkZW9jb25mZXJlbmNpYTEwMC4GA1UEAxMnQVVUTyBFTEVUUklDQSBERU1JUiBMVERBOjEyMjYwNzIzMDAwMTA5MIIBIjANBgkqhkiG9w0BAQEFAAOCAQ8AMIIBCgKCAQEAyRmv1XkNFE1/Z8XC8Dt7a8et4i1TSbfxtSMu2zNxvAu1L6BqbOS21Thwo+7dxL2+OlwDmw8/a3pXBrZQ89sQZ3UfwEt2Vc+iaM+0sOLgrXPDWJxVypYzAwDij9/F3WW2Kr/NoWsd7X2rvKZkOPUCgOsZ4FhGzeIxa1ev9z8nkmwrX8HpSmq/YgtlQpqMcZo/KKKxB6A+VFziaw/MHwJr0Y5pzJJqLoQhDpPL4cMvUSThDXyMnzzI5RdOe7a0faXIEXyQK5XDB1zONv2mzyAIZYuTJEivnwDc5MQF/XXPVYDk+A4Xj3bBIWQ37FlXo2AS/RMFWl66T9KIzndJqDVYNQIDAQABo4ICijCCAoYwHwYDVR0jBBgwFoAUax80FUEa6pseyiLSzt3vu+kyyokwDgYDVR0PAQH/BAQDAgXgMGcGA1UdIARgMF4wXAYGYEwBAgE0MFIwUAYIKwYBBQUHAgEWRGh0dHA6Ly9yZXBvc2l0b3Jpby5hY3NwY2JyYXNpbC5vcmcuYnIvYWMtY25kbHJmYi9hYy1jbmRsLXJmYi1kcGMucGRmMIGmBgNVHR8EgZ4wgZswS6BJoEeGRWh0dHA6Ly9yZXBvc2l0b3Jpby5hY3NwY2JyYXNpbC5vcmcuYnIvYWMtY25kbHJmYi9sY3ItYWMtY25kbHJmYnY1LmNybDBMoEqgSIZGaHR0cDovL3JlcG9zaXRvcmlvMi5hY3NwY2JyYXNpbC5vcmcuYnIvYWMtY25kbHJmYi9sY3ItYWMtY25kbHJmYnY1LmNybDBdBggrBgEFBQcBAQRRME8wTQYIKwYBBQUHMAKGQWh0dHA6Ly9yZXBvc2l0b3Jpby5hY3NwY2JyYXNpbC5vcmcuYnIvYWMtY25kbHJmYi9hYy1jbmRscmZidjUucDdiMIG3BgNVHREEga8wgayBGkZJTkFOQ0VJUk8uREVNSVJAR01BSUwuQ09NoCAGBWBMAQMCoBcTFUVETUlSIERFIExJTUEgTUFSVElOU6AZBgVgTAEDA6AQEw4xMjI2MDcyMzAwMDEwOaA4BgVgTAEDBKAvEy0wODEyMTk4MzA1MDkyNzA1NDkzMDAwMDAwMDAwMDAwMDAwMDAwMDAwMDAwMDCgFwYFYEwBAwegDhMMMDAwMDAwMDAwMDAwMB0GA1UdJQQWMBQGCCsGAQUFBwMCBggrBgEFBQcDBDAJBgNVHRMEAjAAMA0GCSqGSIb3DQEBCwUAA4ICAQA2hVDKQGMJVBWLQUXbEUBo/61gJjZAIKEfvVuRMxstx30qr3DcfEkBeL37nq9AA718p8Vo0aWkeB8S0JsntWjPVFEox0tbBCiChg3qfI2cA0IO1+H/084ZbdfrGxf83co+voIBcRpS5I/CZvqYa2ZZHDGThfMQSm7tvD2rZ2z/v8x/rvKSIkjQfUw6I87UY5X94bhR/mm/HjdXYTcvLkGDJTYpJXuGKaP8cjHORn8xHkk3MTYNWsWsmMHTECJSeZxnWaJfHfzLaZpUfAt9iK0Vh/5qGxteHRD/3sPl5VgCAmdR/i0M5IWYVL0xr+nCi7AH4wfbdvjkYLBe3gQBFY1DuNuAp9tzihBEg59ZqDySddaexWm0oy6v3pwuBTr7LGzvVWEODLTpmNOf8MDh6HPSgpccqc/XtmFo+LT0LIVeCE8Fj5FFj5p+qVdhlLgl0KgxVtxtwcfTpGd1FH1KF+VNK8EHwTf9jpNP+XRZmpBjcS6ZA2f6WaGN6DJTJMSZMTvy67i8Xu8N5UQoQBt+rXXKWgUXvbtmwN1mLmJCYaL0IRzqof0BcFVZWF8oU9vIkoKQbkRFk6WLUonkwgK5WGYfYHXnqRIBKRTgrnrLhrFeNIQ3VFSLT3M8hLw1C1R8wPmafDy90NqA0MoMe7P8QoTWzb2eczLhMslRBP52KRYbXA==</X509Certificate></X509Data></KeyInfo></Signature></NFe>	<?xml version="1.0" encoding="UTF-8"?><nfeProc xmlns="http://www.portalfiscal.inf.br/nfe" versao="4.00"><NFe xmlns="http://www.portalfiscal.inf.br/nfe"><infNFe Id="NFe25260212260723000109550990000000311433281740" versao="4.00"><ide><cUF>25</cUF><cNF>43328174</cNF><natOp>ENTRADA DE MERCADORIA</natOp><mod>55</mod><serie>99</serie><nNF>31</nNF><dhEmi>2026-02-01T15:51:10-03:00</dhEmi><tpNF>0</tpNF><idDest>1</idDest><cMunFG>2507507</cMunFG><tpImp>1</tpImp><tpEmis>1</tpEmis><cDV>0</cDV><tpAmb>2</tpAmb><finNFe>1</finNFe><indFinal>0</indFinal><indPres>1</indPres><procEmi>0</procEmi><verProc>ERPOficina 1.0.0</verProc></ide><emit><CNPJ>12260723000109</CNPJ><xNome>AUTO ELETRICA DEMIR LTDA</xNome><xFant>DEMIR INJECAO ELETRONICA A DIESEL</xFant><enderEmit><xLgr>RUA JORNALISTA JOSE RAMALHO</xLgr><nro>33</nro><xCpl>SALA 05</xCpl><xBairro>COSTA E SILVA</xBairro><cMun>2507507</cMun><xMun>JOAO PESSOA</xMun><UF>PB</UF><CEP>58081110</CEP><cPais>1058</cPais><xPais>BRASIL</xPais><fone>8332337025</fone></enderEmit><IE>161726542</IE><CRT>3</CRT></emit><dest><CNPJ>39788312000147</CNPJ><xNome>NF-E EMITIDA EM AMBIENTE DE HOMOLOGACAO - SEM VALOR FISCAL</xNome><enderDest><xLgr>BR 230, KM 53</xLgr><nro>S/N</nro><xBairro>MANGUINHOS</xBairro><cMun>2501807</cMun><xMun>BAYEUX</xMun><UF>PB</UF><CEP>58111001</CEP><cPais>1058</cPais><xPais>BRASIL</xPais></enderDest><indIEDest>9</indIEDest></dest><det nItem="1"><prod><cProd>26</cProd><cEAN>SEM GTIN</cEAN><xProd>Filtro de Oleo Wega WO-120</xProd><NCM>84212300</NCM><CFOP>1102</CFOP><uCom>UN</uCom><qCom>10.00</qCom><vUnCom>39.90</vUnCom><vProd>399.00</vProd><cEANTrib>SEM GTIN</cEANTrib><uTrib>UN</uTrib><qTrib>10.00</qTrib><vUnTrib>39.90</vUnTrib><indTot>1</indTot></prod><imposto><ICMS><ICMS00><orig>0</orig><CST>00</CST><modBC>3</modBC><vBC>399.00</vBC><pICMS>18.00</pICMS><vICMS>71.82</vICMS></ICMS00></ICMS><PIS><PISAliq><CST>01</CST><vBC>399.00</vBC><pPIS>1.65</pPIS><vPIS>6.58</vPIS></PISAliq></PIS><COFINS><COFINSAliq><CST>01</CST><vBC>399.00</vBC><pCOFINS>7.60</pCOFINS><vCOFINS>30.32</vCOFINS></COFINSAliq></COFINS></imposto></det><total><ICMSTot><vBC>399.00</vBC><vICMS>71.82</vICMS><vICMSDeson>0.00</vICMSDeson><vFCP>0.00</vFCP><vBCST>0.00</vBCST><vST>0.00</vST><vFCPST>0.00</vFCPST><vFCPSTRet>0.00</vFCPSTRet><vProd>399.00</vProd><vFrete>0.00</vFrete><vSeg>0.00</vSeg><vDesc>0.00</vDesc><vII>0.00</vII><vIPI>0.00</vIPI><vIPIDevol>0.00</vIPIDevol><vPIS>6.58</vPIS><vCOFINS>30.32</vCOFINS><vOutro>0.00</vOutro><vNF>399.00</vNF></ICMSTot></total><transp><modFrete>9</modFrete></transp><pag><detPag><tPag>01</tPag><vPag>399.00</vPag></detPag></pag><infAdic><infCpl>NF-e de entrada de mercadoria.</infCpl></infAdic><infRespTec><CNPJ>58598900000162</CNPJ><xContato>FIGO Softwares</xContato><email>figo.devtech@gmail.com</email><fone>83987872668</fone></infRespTec></infNFe><Signature xmlns="http://www.w3.org/2000/09/xmldsig#"><SignedInfo><CanonicalizationMethod Algorithm="http://www.w3.org/TR/2001/REC-xml-c14n-20010315"/><SignatureMethod Algorithm="http://www.w3.org/2000/09/xmldsig#rsa-sha1"/><Reference URI="#NFe25260212260723000109550990000000311433281740"><Transforms><Transform Algorithm="http://www.w3.org/2000/09/xmldsig#enveloped-signature"/><Transform Algorithm="http://www.w3.org/TR/2001/REC-xml-c14n-20010315"/></Transforms><DigestMethod Algorithm="http://www.w3.org/2000/09/xmldsig#sha1"/><DigestValue>pe7Kex9myHIOPJqREpP73sxAidg=</DigestValue></Reference></SignedInfo><SignatureValue>uYY4nyXf1fQ1ql1FoUwe+Y161hftwAiNuIOMQDdzxXd6ZOgeGIk++CTa4WnKRarU3iLYIQKELRHp8LGWg2uwN+ELWqGZh4X33g+V+y5xz2juyA+xZAQNOPF6S328415i59U79yaFCw+lHF9N4DDxnmAi7ylPK+wYcy97gjcuhE5XvSuO8ULAXQvRihA6AKBIcTiO16aOds3BZGMFRc/W6pCSKpqoUr2nBbGzSHpEqJmj4frfK10LodMjxbuqWA0shwZHtABlcKIDn0ur0Gw+zL3SNWJH/TGiYj0wWUh36HuOzdwr6lE+T/at1YiofqMJg5ZD3EzZOBgrako2daVVSQ==</SignatureValue><KeyInfo><X509Data><X509Certificate>MIIHfTCCBWWgAwIBAgIIeUF1+tGPJSUwDQYJKoZIhvcNAQELBQAwczELMAkGA1UEBhMCQlIxEzARBgNVBAoTCklDUC1CcmFzaWwxNjA0BgNVBAsTLVNlY3JldGFyaWEgZGEgUmVjZWl0YSBGZWRlcmFsIGRvIEJyYXNpbCAtIFJGQjEXMBUGA1UEAxMOQUMgQ05ETCBSRkIgdjMwHhcNMjUwMjEwMTI0NzE5WhcNMjYwMjEwMTI0NzE5WjCB+zELMAkGA1UEBhMCQlIxEzARBgNVBAoTCklDUC1CcmFzaWwxCzAJBgNVBAgTAlBCMRQwEgYDVQQHEwtKT0FPIFBFU1NPQTEXMBUGA1UECxMOMDkxMTc2MzEwMDAxNjAxNjA0BgNVBAsTLVNlY3JldGFyaWEgZGEgUmVjZWl0YSBGZWRlcmFsIGRvIEJyYXNpbCAtIFJGQjEWMBQGA1UECxMNUkZCIGUtQ05QSiBBMTEZMBcGA1UECxMQdmlkZW9jb25mZXJlbmNpYTEwMC4GA1UEAxMnQVVUTyBFTEVUUklDQSBERU1JUiBMVERBOjEyMjYwNzIzMDAwMTA5MIIBIjANBgkqhkiG9w0BAQEFAAOCAQ8AMIIBCgKCAQEAyRmv1XkNFE1/Z8XC8Dt7a8et4i1TSbfxtSMu2zNxvAu1L6BqbOS21Thwo+7dxL2+OlwDmw8/a3pXBrZQ89sQZ3UfwEt2Vc+iaM+0sOLgrXPDWJxVypYzAwDij9/F3WW2Kr/NoWsd7X2rvKZkOPUCgOsZ4FhGzeIxa1ev9z8nkmwrX8HpSmq/YgtlQpqMcZo/KKKxB6A+VFziaw/MHwJr0Y5pzJJqLoQhDpPL4cMvUSThDXyMnzzI5RdOe7a0faXIEXyQK5XDB1zONv2mzyAIZYuTJEivnwDc5MQF/XXPVYDk+A4Xj3bBIWQ37FlXo2AS/RMFWl66T9KIzndJqDVYNQIDAQABo4ICijCCAoYwHwYDVR0jBBgwFoAUax80FUEa6pseyiLSzt3vu+kyyokwDgYDVR0PAQH/BAQDAgXgMGcGA1UdIARgMF4wXAYGYEwBAgE0MFIwUAYIKwYBBQUHAgEWRGh0dHA6Ly9yZXBvc2l0b3Jpby5hY3NwY2JyYXNpbC5vcmcuYnIvYWMtY25kbHJmYi9hYy1jbmRsLXJmYi1kcGMucGRmMIGmBgNVHR8EgZ4wgZswS6BJoEeGRWh0dHA6Ly9yZXBvc2l0b3Jpby5hY3NwY2JyYXNpbC5vcmcuYnIvYWMtY25kbHJmYi9sY3ItYWMtY25kbHJmYnY1LmNybDBMoEqgSIZGaHR0cDovL3JlcG9zaXRvcmlvMi5hY3NwY2JyYXNpbC5vcmcuYnIvYWMtY25kbHJmYi9sY3ItYWMtY25kbHJmYnY1LmNybDBdBggrBgEFBQcBAQRRME8wTQYIKwYBBQUHMAKGQWh0dHA6Ly9yZXBvc2l0b3Jpby5hY3NwY2JyYXNpbC5vcmcuYnIvYWMtY25kbHJmYi9hYy1jbmRscmZidjUucDdiMIG3BgNVHREEga8wgayBGkZJTkFOQ0VJUk8uREVNSVJAR01BSUwuQ09NoCAGBWBMAQMCoBcTFUVETUlSIERFIExJTUEgTUFSVElOU6AZBgVgTAEDA6AQEw4xMjI2MDcyMzAwMDEwOaA4BgVgTAEDBKAvEy0wODEyMTk4MzA1MDkyNzA1NDkzMDAwMDAwMDAwMDAwMDAwMDAwMDAwMDAwMDCgFwYFYEwBAwegDhMMMDAwMDAwMDAwMDAwMB0GA1UdJQQWMBQGCCsGAQUFBwMCBggrBgEFBQcDBDAJBgNVHRMEAjAAMA0GCSqGSIb3DQEBCwUAA4ICAQA2hVDKQGMJVBWLQUXbEUBo/61gJjZAIKEfvVuRMxstx30qr3DcfEkBeL37nq9AA718p8Vo0aWkeB8S0JsntWjPVFEox0tbBCiChg3qfI2cA0IO1+H/084ZbdfrGxf83co+voIBcRpS5I/CZvqYa2ZZHDGThfMQSm7tvD2rZ2z/v8x/rvKSIkjQfUw6I87UY5X94bhR/mm/HjdXYTcvLkGDJTYpJXuGKaP8cjHORn8xHkk3MTYNWsWsmMHTECJSeZxnWaJfHfzLaZpUfAt9iK0Vh/5qGxteHRD/3sPl5VgCAmdR/i0M5IWYVL0xr+nCi7AH4wfbdvjkYLBe3gQBFY1DuNuAp9tzihBEg59ZqDySddaexWm0oy6v3pwuBTr7LGzvVWEODLTpmNOf8MDh6HPSgpccqc/XtmFo+LT0LIVeCE8Fj5FFj5p+qVdhlLgl0KgxVtxtwcfTpGd1FH1KF+VNK8EHwTf9jpNP+XRZmpBjcS6ZA2f6WaGN6DJTJMSZMTvy67i8Xu8N5UQoQBt+rXXKWgUXvbtmwN1mLmJCYaL0IRzqof0BcFVZWF8oU9vIkoKQbkRFk6WLUonkwgK5WGYfYHXnqRIBKRTgrnrLhrFeNIQ3VFSLT3M8hLw1C1R8wPmafDy90NqA0MoMe7P8QoTWzb2eczLhMslRBP52KRYbXA==</X509Certificate></X509Data></KeyInfo></Signature></NFe><protNFe versao="4.00"><infProt><tpAmb>2</tpAmb><verAplic>SVRS2512230852</verAplic><chNFe>25260212260723000109550990000000311433281740</chNFe><dhRecbto>2026-02-01T16:22:22-03:00</dhRecbto><nProt>325260000004017</nProt><digVal>pe7Kex9myHIOPJqREpP73sxAidg=</digVal><cStat>100</cStat><xMotivo>Autorizado o uso da NF-e</xMotivo></infProt></protNFe></nfeProc>	\N	2026-02-01 18:50:22.549119+00	2026-02-01 19:23:09.733+00	1	\N	6102	\N	\N	\N	f	\N	3	19	\N
30	NFE	99	30	25260212260723000109550990000000301451688353	PRODUCAO	RASCUNHO	\N	\N	\N	2026-02-01 18:21:14.958+00	\N	\N	399.00	0.00	399.00	<?xml version="1.0" encoding="UTF-8"?><NFe xmlns="http://www.portalfiscal.inf.br/nfe"><infNFe Id="NFe25260212260723000109550990000000301451688353" versao="4.00"><ide><cUF>25</cUF><cNF>45168835</cNF><natOp>ENTRADA DE MERCADORIA</natOp><mod>55</mod><serie>99</serie><nNF>30</nNF><dhEmi>2026-02-01T15:21:16-03:00</dhEmi><tpNF>0</tpNF><idDest>1</idDest><cMunFG>2507507</cMunFG><tpImp>1</tpImp><tpEmis>1</tpEmis><cDV>3</cDV><tpAmb>1</tpAmb><finNFe>1</finNFe><indFinal>0</indFinal><indPres>1</indPres><procEmi>0</procEmi><verProc>ERPOficina 1.0.0</verProc></ide><emit><CNPJ>12260723000109</CNPJ><xNome>AUTO ELETRICA DEMIR LTDA</xNome><xFant>DEMIR INJECAO ELETRONICA A DIESEL</xFant><enderEmit><xLgr>RUA JORNALISTA JOSE RAMALHO</xLgr><nro>33</nro><xCpl>SALA 05</xCpl><xBairro>COSTA E SILVA</xBairro><cMun>2507507</cMun><xMun>JOAO PESSOA</xMun><UF>PB</UF><CEP>58081110</CEP><cPais>1058</cPais><xPais>BRASIL</xPais><fone>8332337025</fone></enderEmit><IE>161726542</IE><CRT>3</CRT></emit><dest><CNPJ>39788312000147</CNPJ><xNome>BRUNO BORGES DE MEDEIROS</xNome><enderDest><xLgr>BR 230, KM 53</xLgr><nro>S/N</nro><xBairro>MANGUINHOS</xBairro><cMun>2501807</cMun><xMun>BAYEUX</xMun><UF>PB</UF><CEP>58111001</CEP><cPais>1058</cPais><xPais>BRASIL</xPais></enderDest><indIEDest>9</indIEDest></dest><det nItem="1"><prod><cProd>26</cProd><cEAN>SEM GTIN</cEAN><xProd>Filtro de Oleo Wega WO-120</xProd><NCM>84212300</NCM><CFOP>6102</CFOP><uCom>UN</uCom><qCom>10.00</qCom><vUnCom>39.90</vUnCom><vProd>399.00</vProd><cEANTrib>SEM GTIN</cEANTrib><uTrib>UN</uTrib><qTrib>10.00</qTrib><vUnTrib>39.90</vUnTrib><indTot>1</indTot></prod><imposto><ICMS><ICMS00><orig>0</orig><CST>00</CST><modBC>3</modBC><vBC>399.00</vBC><pICMS>18.00</pICMS><vICMS>71.82</vICMS></ICMS00></ICMS><PIS><PISAliq><CST>01</CST><vBC>399.00</vBC><pPIS>1.65</pPIS><vPIS>6.58</vPIS></PISAliq></PIS><COFINS><COFINSAliq><CST>01</CST><vBC>399.00</vBC><pCOFINS>7.60</pCOFINS><vCOFINS>30.32</vCOFINS></COFINSAliq></COFINS></imposto></det><total><ICMSTot><vBC>399.00</vBC><vICMS>71.82</vICMS><vICMSDeson>0.00</vICMSDeson><vFCP>0.00</vFCP><vBCST>0.00</vBCST><vST>0.00</vST><vFCPST>0.00</vFCPST><vFCPSTRet>0.00</vFCPSTRet><vProd>399.00</vProd><vFrete>0.00</vFrete><vSeg>0.00</vSeg><vDesc>0.00</vDesc><vII>0.00</vII><vIPI>0.00</vIPI><vIPIDevol>0.00</vIPIDevol><vPIS>6.58</vPIS><vCOFINS>30.32</vCOFINS><vOutro>0.00</vOutro><vNF>399.00</vNF></ICMSTot></total><transp><modFrete>9</modFrete></transp><pag><detPag><tPag>01</tPag><vPag>399.00</vPag></detPag></pag><infAdic><infCpl>NF-e de entrada de mercadoria.</infCpl></infAdic><infRespTec><CNPJ>58598900000162</CNPJ><xContato>FIGO Softwares</xContato><email>figo.devtech@gmail.com</email><fone>83987872668</fone></infRespTec></infNFe></NFe>	\N	\N	2026-02-01 18:20:27.799148+00	2026-02-01 18:21:15.554+00	1	\N	6102	\N	\N	\N	f	\N	3	19	\N
32	NFE	99	32	25260212260723000109550990000000321260278554	HOMOLOGACAO	RASCUNHO	\N	5	680	2026-02-01 18:50:30.249564+00	\N	\N	39.90	0.00	39.90	<?xml version="1.0" encoding="UTF-8"?><NFe xmlns="http://www.portalfiscal.inf.br/nfe"><infNFe Id="NFe25260212260723000109550990000000321260278554" versao="4.00"><ide><cUF>25</cUF><cNF>26027855</cNF><natOp>VENDA DE MERCADORIA</natOp><mod>55</mod><serie>99</serie><nNF>32</nNF><dhEmi>2026-02-01T15:51:18-03:00</dhEmi><tpNF>1</tpNF><idDest>1</idDest><cMunFG>2507507</cMunFG><tpImp>1</tpImp><tpEmis>1</tpEmis><cDV>4</cDV><tpAmb>2</tpAmb><finNFe>1</finNFe><indFinal>1</indFinal><indPres>1</indPres><procEmi>0</procEmi><verProc>ERPOficina 1.0.0</verProc></ide><emit><CNPJ>12260723000109</CNPJ><xNome>AUTO ELETRICA DEMIR LTDA</xNome><xFant>DEMIR INJECAO ELETRONICA A DIESEL</xFant><enderEmit><xLgr>RUA JORNALISTA JOSE RAMALHO</xLgr><nro>33</nro><xCpl>SALA 05</xCpl><xBairro>COSTA E SILVA</xBairro><cMun>2507507</cMun><xMun>JOAO PESSOA</xMun><UF>PB</UF><CEP>58081110</CEP><cPais>1058</cPais><xPais>BRASIL</xPais><fone>8332337025</fone></enderEmit><IE>161726542</IE><CRT>3</CRT></emit><dest><CPF>70869037447</CPF><xNome>NF-E EMITIDA EM AMBIENTE DE HOMOLOGACAO - SEM VALOR FISCAL</xNome><enderDest><xLgr>Rodovia BR-101</xLgr><nro>S/N</nro><xBairro>Imaculada</xBairro><cMun>2507507</cMun><xMun>Bayeux</xMun><UF>PB</UF><CEP>58111001</CEP><cPais>1058</cPais><xPais>BRASIL</xPais><fone>83998737170</fone></enderDest><indIEDest>9</indIEDest></dest><det nItem="1"><prod><cProd>26</cProd><cEAN>SEM GTIN</cEAN><xProd>Filtro de Oleo Wega WO-120</xProd><NCM>84212300</NCM><CFOP>1102</CFOP><uCom>UN</uCom><qCom>1.00</qCom><vUnCom>39.90</vUnCom><vProd>39.90</vProd><cEANTrib>SEM GTIN</cEANTrib><uTrib>UN</uTrib><qTrib>1.00</qTrib><vUnTrib>39.90</vUnTrib><indTot>1</indTot></prod><imposto><ICMS><ICMS00><orig>0</orig><CST>00</CST><modBC>3</modBC><vBC>39.90</vBC><pICMS>18.00</pICMS><vICMS>7.18</vICMS></ICMS00></ICMS><PIS><PISAliq><CST>01</CST><vBC>39.90</vBC><pPIS>1.65</pPIS><vPIS>0.66</vPIS></PISAliq></PIS><COFINS><COFINSAliq><CST>01</CST><vBC>39.90</vBC><pCOFINS>7.60</pCOFINS><vCOFINS>3.03</vCOFINS></COFINSAliq></COFINS></imposto></det><total><ICMSTot><vBC>39.90</vBC><vICMS>7.18</vICMS><vICMSDeson>0.00</vICMSDeson><vFCP>0.00</vFCP><vBCST>0.00</vBCST><vST>0.00</vST><vFCPST>0.00</vFCPST><vFCPSTRet>0.00</vFCPSTRet><vProd>39.90</vProd><vFrete>0.00</vFrete><vSeg>0.00</vSeg><vDesc>0.00</vDesc><vII>0.00</vII><vIPI>0.00</vIPI><vIPIDevol>0.00</vIPIDevol><vPIS>0.66</vPIS><vCOFINS>3.03</vCOFINS><vOutro>0.00</vOutro><vNF>39.90</vNF></ICMSTot></total><transp><modFrete>9</modFrete></transp><pag><detPag><tPag>01</tPag><vPag>39.90</vPag></detPag></pag><infAdic><infCpl>NF-e de venda de mercadoria.</infCpl></infAdic><infRespTec><CNPJ>58598900000162</CNPJ><xContato>FIGO Softwares</xContato><email>figo.devtech@gmail.com</email><fone>83987872668</fone></infRespTec></infNFe></NFe>	\N	\N	2026-02-01 18:50:30.249564+00	2026-02-01 18:52:12.486+00	1	\N	\N	\N	\N	\N	f	\N	\N	\N	\N
33	NFE	99	33	25260212260723000109550990000000331864215075	HOMOLOGACAO	RASCUNHO	\N	5	680	2026-02-01 19:18:08.827452+00	\N	\N	39.90	0.00	39.90	<?xml version="1.0" encoding="UTF-8"?><NFe xmlns="http://www.portalfiscal.inf.br/nfe"><infNFe Id="NFe25260212260723000109550990000000331864215075" versao="4.00"><ide><cUF>25</cUF><cNF>86421507</cNF><natOp>VENDA DE MERCADORIA</natOp><mod>55</mod><serie>99</serie><nNF>33</nNF><dhEmi>2026-02-01T16:18:56-03:00</dhEmi><tpNF>1</tpNF><idDest>1</idDest><cMunFG>2507507</cMunFG><tpImp>1</tpImp><tpEmis>1</tpEmis><cDV>5</cDV><tpAmb>2</tpAmb><finNFe>1</finNFe><indFinal>1</indFinal><indPres>1</indPres><procEmi>0</procEmi><verProc>ERPOficina 1.0.0</verProc></ide><emit><CNPJ>12260723000109</CNPJ><xNome>AUTO ELETRICA DEMIR LTDA</xNome><xFant>DEMIR INJECAO ELETRONICA A DIESEL</xFant><enderEmit><xLgr>RUA JORNALISTA JOSE RAMALHO</xLgr><nro>33</nro><xCpl>SALA 05</xCpl><xBairro>COSTA E SILVA</xBairro><cMun>2507507</cMun><xMun>JOAO PESSOA</xMun><UF>PB</UF><CEP>58081110</CEP><cPais>1058</cPais><xPais>BRASIL</xPais><fone>8332337025</fone></enderEmit><IE>161726542</IE><CRT>3</CRT></emit><dest><CPF>70869037447</CPF><xNome>NF-E EMITIDA EM AMBIENTE DE HOMOLOGACAO - SEM VALOR FISCAL</xNome><enderDest><xLgr>Rodovia BR-101</xLgr><nro>S/N</nro><xBairro>Imaculada</xBairro><cMun>2501807</cMun><xMun>Bayeux</xMun><UF>PB</UF><CEP>58111001</CEP><cPais>1058</cPais><xPais>BRASIL</xPais><fone>83998737170</fone></enderDest><indIEDest>9</indIEDest></dest><det nItem="1"><prod><cProd>26</cProd><cEAN>SEM GTIN</cEAN><xProd>Filtro de Oleo Wega WO-120</xProd><NCM>84212300</NCM><CFOP>5102</CFOP><uCom>UN</uCom><qCom>1.00</qCom><vUnCom>39.90</vUnCom><vProd>39.90</vProd><cEANTrib>SEM GTIN</cEANTrib><uTrib>UN</uTrib><qTrib>1.00</qTrib><vUnTrib>39.90</vUnTrib><indTot>1</indTot></prod><imposto><ICMS><ICMS00><orig>0</orig><CST>00</CST><modBC>3</modBC><vBC>39.90</vBC><pICMS>18.00</pICMS><vICMS>7.18</vICMS></ICMS00></ICMS><PIS><PISAliq><CST>01</CST><vBC>39.90</vBC><pPIS>1.65</pPIS><vPIS>0.66</vPIS></PISAliq></PIS><COFINS><COFINSAliq><CST>01</CST><vBC>39.90</vBC><pCOFINS>7.60</pCOFINS><vCOFINS>3.03</vCOFINS></COFINSAliq></COFINS></imposto></det><total><ICMSTot><vBC>39.90</vBC><vICMS>7.18</vICMS><vICMSDeson>0.00</vICMSDeson><vFCP>0.00</vFCP><vBCST>0.00</vBCST><vST>0.00</vST><vFCPST>0.00</vFCPST><vFCPSTRet>0.00</vFCPSTRet><vProd>39.90</vProd><vFrete>0.00</vFrete><vSeg>0.00</vSeg><vDesc>0.00</vDesc><vII>0.00</vII><vIPI>0.00</vIPI><vIPIDevol>0.00</vIPIDevol><vPIS>0.66</vPIS><vCOFINS>3.03</vCOFINS><vOutro>0.00</vOutro><vNF>39.90</vNF></ICMSTot></total><transp><modFrete>9</modFrete></transp><pag><detPag><tPag>01</tPag><vPag>39.90</vPag></detPag></pag><infAdic><infCpl>NF-e de venda de mercadoria.</infCpl></infAdic><infRespTec><CNPJ>58598900000162</CNPJ><xContato>FIGO Softwares</xContato><email>figo.devtech@gmail.com</email><fone>83987872668</fone></infRespTec></infNFe></NFe>	\N	\N	2026-02-01 19:18:08.827452+00	2026-02-01 19:18:56.725+00	1	\N	\N	\N	\N	\N	f	\N	\N	\N	\N
\.


--
-- Data for Name: nfe_config; Type: TABLE DATA; Schema: public; Owner: postgres
--

COPY "public"."nfe_config" ("id", "empresaid", "modelo", "serie", "ultimo_numero", "ambiente", "tp_emis", "versao_layout", "tipo_impressao_danfe", "permitir_homologacao", "permitir_producao", "createdat", "updatedat") FROM stdin;
1	1	NFE	99	33	HOMOLOGACAO	1	4.00	1	t	t	2026-01-30 19:57:12.745597+00	2026-02-01 19:18:08.827452+00
\.


--
-- Data for Name: nfe_item; Type: TABLE DATA; Schema: public; Owner: postgres
--

COPY "public"."nfe_item" ("id", "nfe_id", "n_item", "produtoid", "descricao", "ncm", "cfop", "csosn", "cest", "unidade", "quantidade", "valor_unitario", "valor_total", "valor_desconto", "aliquotaicms", "valor_bc_icms", "valor_icms", "cst_pis", "aliquota_pis", "valor_pis", "cst_cofins", "aliquota_cofins", "valor_cofins", "createdat", "updatedat", "cst") FROM stdin;
3	2	1	25	este é um tetes	1651	561	101	\N	UN	10.0000	1500.0000000000	15000.00	\N	15.00	\N	\N	01	51.00	\N	01	65.00	\N	2026-01-30 20:14:53.674717+00	2026-01-30 20:14:53.674717+00	000
4	2	2	24	PAO DE FORMA TRADICIONAL 400g	19059010	5401	101	\N	UN	10.0000	5.1900000000	51.90	\N	15.00	\N	\N	01	15.00	\N	01	15.00	\N	2026-01-30 20:14:53.674717+00	2026-01-30 20:14:53.674717+00	13
5	3	1	25	este é um tetes	1651	561	101	\N	UN	10.0000	1500.0000000000	15000.00	\N	15.00	\N	\N	01	51.00	\N	01	65.00	\N	2026-01-31 16:21:53.140387+00	2026-01-31 16:21:53.140387+00	000
6	3	2	24	PAO DE FORMA TRADICIONAL 400g	19059010	5401	101	\N	UN	10.0000	5.1900000000	51.90	\N	15.00	\N	\N	01	15.00	\N	01	15.00	\N	2026-01-31 16:21:53.140387+00	2026-01-31 16:21:53.140387+00	13
7	4	1	26	Filtro de Óleo Wega WO-120	84212300	5102	102	\N	UN	1.0000	39.9000000000	39.90	\N	18.00	\N	\N	01	1.65	\N	01	7.60	\N	2026-01-31 17:22:50.153488+00	2026-01-31 17:22:50.153488+00	041
8	5	1	26	Filtro de Óleo Wega WO-120	84212300	5102	102	0103700	UN	1.0000	39.9000000000	39.90	0.00	18.00	39.90	7.18	01	1.65	0.00	01	7.60	0.00	2026-01-31 21:29:09.390033+00	2026-01-31 21:29:09.390033+00	041
9	6	1	26	Filtro de Óleo Wega WO-120	84212300	5102	102	0103700	UN	1.0000	39.9000000000	39.90	0.00	18.00	39.90	7.18	01	1.65	0.00	01	7.60	0.00	2026-01-31 21:45:32.96042+00	2026-01-31 21:45:32.96042+00	041
10	7	1	26	Filtro de Óleo Wega WO-120	84212300	5102	102	0103700	UN	1.0000	39.9000000000	39.90	0.00	18.00	39.90	7.18	01	1.65	0.00	01	7.60	0.00	2026-01-31 22:17:28.932887+00	2026-01-31 22:17:28.932887+00	041
11	8	1	26	Filtro de Óleo Wega WO-120	84212300	5102	102	0103700	UN	1.0000	39.9000000000	39.90	0.00	18.00	39.90	7.18	01	1.65	0.00	01	7.60	0.00	2026-01-31 22:18:18.303849+00	2026-01-31 22:18:18.303849+00	041
12	9	1	26	Filtro de Óleo Wega WO-120	84212300	5102	102	\N	UN	10.0000	39.9000000000	399.00	\N	18.00	\N	\N	01	1.65	\N	01	7.60	\N	2026-02-01 01:17:06.972496+00	2026-02-01 01:17:06.972496+00	041
13	10	1	26	Filtro de Óleo Wega WO-120	84212300	5102	102	0103700	UN	1.0000	39.9000000000	39.90	0.00	18.00	39.90	7.18	01	1.65	0.00	01	7.60	0.00	2026-02-01 01:19:30.138499+00	2026-02-01 01:19:30.138499+00	041
14	11	1	26	Filtro de Óleo Wega WO-120	84212300	5102	102	0103700	UN	1.0000	39.9000000000	39.90	0.00	18.00	39.90	7.18	01	1.65	0.00	01	7.60	0.00	2026-02-01 01:23:27.686534+00	2026-02-01 01:23:27.686534+00	041
15	12	1	26	Filtro de Óleo Wega WO-120	84212300	5102	102	\N	UN	10.0000	39.9000000000	399.00	\N	18.00	\N	\N	01	1.65	\N	01	7.60	\N	2026-02-01 01:27:42.437827+00	2026-02-01 01:27:42.437827+00	041
16	13	1	26	Filtro de Óleo Wega WO-120	84212300	5102	102	\N	UN	10.0000	39.9000000000	399.00	\N	18.00	\N	\N	01	1.65	\N	01	7.60	\N	2026-02-01 01:45:17.596788+00	2026-02-01 01:45:17.596788+00	041
17	14	1	26	Filtro de Óleo Wega WO-120	84212300	5102	102	\N	UN	10.0000	39.9000000000	399.00	\N	18.00	\N	\N	01	1.65	\N	01	7.60	\N	2026-02-01 01:47:15.567371+00	2026-02-01 01:47:15.567371+00	041
18	15	1	26	Filtro de Óleo Wega WO-120	84212300	5102	102	\N	UN	10.0000	39.9000000000	399.00	\N	18.00	\N	\N	01	1.65	\N	01	7.60	\N	2026-02-01 01:50:41.153263+00	2026-02-01 01:50:41.153263+00	041
19	16	1	26	Filtro de Óleo Wega WO-120	84212300	6102	102	\N	UN	10.0000	39.9000000000	399.00	\N	18.00	\N	\N	01	1.65	\N	01	7.60	\N	2026-02-01 01:55:57.845855+00	2026-02-01 01:55:57.845855+00	00
20	17	1	26	Filtro de Óleo Wega WO-120	84212300	6102	102	\N	UN	10.0000	39.9000000000	399.00	\N	18.00	\N	\N	01	1.65	\N	01	7.60	\N	2026-02-01 01:56:12.028198+00	2026-02-01 01:56:12.028198+00	00
21	18	1	26	Filtro de Óleo Wega WO-120	84212300	6102	102	\N	UN	10.0000	39.9000000000	399.00	\N	18.00	\N	\N	01	1.65	\N	01	7.60	\N	2026-02-01 01:56:54.824644+00	2026-02-01 01:56:54.824644+00	00
22	19	1	26	Filtro de Óleo Wega WO-120	84212300	6102	102	\N	UN	10.0000	39.9000000000	399.00	\N	18.00	\N	\N	01	1.65	\N	01	7.60	\N	2026-02-01 01:57:22.957525+00	2026-02-01 01:57:22.957525+00	00
23	20	1	26	Filtro de Óleo Wega WO-120	84212300	5102	102	0103700	UN	1.0000	39.9000000000	39.90	0.00	18.00	39.90	7.18	01	1.65	0.00	01	7.60	0.00	2026-02-01 02:00:10.155172+00	2026-02-01 02:00:10.155172+00	000
24	21	1	26	Filtro de Óleo Wega WO-120	84212300	5102	102	0103700	UN	1.0000	39.9000000000	39.90	0.00	18.00	39.90	7.18	01	1.65	0.00	01	7.60	0.00	2026-02-01 02:02:41.745047+00	2026-02-01 02:02:41.745047+00	000
25	22	1	26	Filtro de Óleo Wega WO-120	84212300	6102	102	\N	UN	10.0000	39.9000000000	399.00	\N	18.00	\N	\N	01	1.65	\N	01	7.60	\N	2026-02-01 02:10:17.701133+00	2026-02-01 02:10:17.701133+00	00
26	23	1	26	Filtro de Óleo Wega WO-120	84212300	6102	102	\N	UN	10.0000	39.9000000000	399.00	\N	18.00	\N	\N	01	1.65	\N	01	7.60	\N	2026-02-01 02:14:21.61072+00	2026-02-01 02:14:21.61072+00	00
27	24	1	26	Filtro de Óleo Wega WO-120	84212300	6102	102	\N	UN	10.0000	39.9000000000	399.00	\N	18.00	\N	\N	01	1.65	\N	01	7.60	\N	2026-02-01 03:10:56.282165+00	2026-02-01 03:10:56.282165+00	00
28	25	1	26	Filtro de Óleo Wega WO-120	84212300	6102	102	\N	UN	10.0000	39.9000000000	399.00	\N	18.00	\N	\N	01	1.65	\N	01	7.60	\N	2026-02-01 16:24:35.500979+00	2026-02-01 16:24:35.500979+00	00
29	26	1	26	Filtro de Óleo Wega WO-120	84212300	6102	102	\N	UN	10.0000	39.9000000000	399.00	\N	18.00	\N	\N	01	1.65	\N	01	7.60	\N	2026-02-01 17:32:58.177398+00	2026-02-01 17:32:58.177398+00	00
30	27	1	26	Filtro de Óleo Wega WO-120	84212300	5102	102	0103700	UN	1.0000	39.9000000000	39.90	0.00	18.00	39.90	7.18	01	1.65	0.00	01	7.60	0.00	2026-02-01 18:05:50.012988+00	2026-02-01 18:05:50.012988+00	000
31	28	1	26	Filtro de Óleo Wega WO-120	84212300	5102	102	0103700	UN	1.0000	39.9000000000	39.90	0.00	18.00	39.90	7.18	01	1.65	0.00	01	7.60	0.00	2026-02-01 18:18:00.123451+00	2026-02-01 18:18:00.123451+00	000
32	29	1	26	Filtro de Óleo Wega WO-120	84212300	5102	102	0103700	UN	1.0000	39.9000000000	39.90	0.00	18.00	39.90	7.18	01	1.65	0.00	01	7.60	0.00	2026-02-01 18:19:04.164324+00	2026-02-01 18:19:04.164324+00	000
33	30	1	26	Filtro de Óleo Wega WO-120	84212300	6102	102	\N	UN	10.0000	39.9000000000	399.00	\N	18.00	\N	\N	01	1.65	\N	01	7.60	\N	2026-02-01 18:20:28.196317+00	2026-02-01 18:20:28.196317+00	00
34	31	1	26	Filtro de Óleo Wega WO-120	84212300	6102	102	\N	UN	10.0000	39.9000000000	399.00	\N	18.00	\N	\N	01	1.65	\N	01	7.60	\N	2026-02-01 18:50:22.957196+00	2026-02-01 18:50:22.957196+00	00
35	32	1	26	Filtro de Óleo Wega WO-120	84212300	5102	102	0103700	UN	1.0000	39.9000000000	39.90	0.00	18.00	39.90	7.18	01	1.65	0.00	01	7.60	0.00	2026-02-01 18:50:30.34831+00	2026-02-01 18:50:30.34831+00	000
36	33	1	26	Filtro de Óleo Wega WO-120	84212300	5102	102	0103700	UN	1.0000	39.9000000000	39.90	0.00	18.00	39.90	7.18	01	1.65	0.00	01	7.60	0.00	2026-02-01 19:18:08.932415+00	2026-02-01 19:18:08.932415+00	000
\.


--
-- Data for Name: nfse_config; Type: TABLE DATA; Schema: public; Owner: postgres
--

COPY "public"."nfse_config" ("empresa_id", "provedor", "inscricao_municipal", "serie_rps", "usuario", "senha", "token", "certificado_a1_base64", "senha_certificado", "updated_at") FROM stdin;
\.


--
-- Data for Name: notafiscal; Type: TABLE DATA; Schema: public; Owner: postgres
--

COPY "public"."notafiscal" ("id", "ordemservicoid", "vendaonlineid", "tipo", "numero", "serie", "dataemissao", "xml", "protocolo", "status", "createdat", "updatedat") FROM stdin;
\.


--
-- Data for Name: osaprovacao; Type: TABLE DATA; Schema: public; Owner: postgres
--

COPY "public"."osaprovacao" ("id", "ordemservicoid", "token", "expira_em", "usado_em", "created_at", "origem", "resultado", "aprovador_doc", "aprovador_usuario_id") FROM stdin;
\.


--
-- Data for Name: osproduto; Type: TABLE DATA; Schema: public; Owner: postgres
--

COPY "public"."osproduto" ("ordemservicoid", "produtoid", "quantidade", "precounitario", "subtotal") FROM stdin;
4	7	10	60	600
3	7	7	60	420
2	7	10	60	600
6	7	3	60	180
7	7	2	60	120
7	6	4	50	200
7	5	3	100	300
\.


--
-- Data for Name: osproduto_baixa; Type: TABLE DATA; Schema: public; Owner: postgres
--

COPY "public"."osproduto_baixa" ("ordemservicoid", "produtoid", "quantidade") FROM stdin;
6	7	3
7	7	2
7	6	4
7	5	3
\.


--
-- Data for Name: tiposervico; Type: TABLE DATA; Schema: public; Owner: postgres
--

COPY "public"."tiposervico" ("id", "nome", "descricao", "categoriaid") FROM stdin;
\.


--
-- Data for Name: servico; Type: TABLE DATA; Schema: public; Owner: postgres
--

COPY "public"."servico" ("id", "codigo", "descricao", "precohora", "codigoservicomunicipal", "aliquotaiss", "cnae", "itemlistaservico", "tiposervicoid", "createdat", "updatedat", "ativo") FROM stdin;
1	S001	Este é um serviço teste	300	\N	\N	\N	\N	\N	2026-01-12 13:41:30.702	2026-01-12 14:08:54.794	t
2	s001	este é um teste3	350	\N	\N	\N	\N	\N	2026-01-12 17:34:36.839	2026-01-12 17:34:36.839	t
3	s0001	testes3	125.5	\N	\N	\N	\N	\N	2026-01-12 18:01:18.93	2026-01-12 18:01:18.93	t
4	teste-1	teste para serviço com o nome muito longo que querbra  o dialog	250	\N	\N	\N	\N	\N	2026-01-12 19:10:15.741	2026-01-12 19:10:15.741	t
\.


--
-- Data for Name: osservico; Type: TABLE DATA; Schema: public; Owner: postgres
--

COPY "public"."osservico" ("ordemservicoid", "servicoid", "quantidade", "precounitario", "subtotal") FROM stdin;
1	4	1	250	250
4	1	1	300	300
3	1	1	300	300
2	1	1	250	250
6	1	1	300	300
7	1	2	300	600
7	2	4	350	1400
7	3	1	125.5	125.5
13	3	1	125.5	125.5
14	3	1	125.5	125.5
\.


--
-- Data for Name: osservico_realizador; Type: TABLE DATA; Schema: public; Owner: postgres
--

COPY "public"."osservico_realizador" ("ordemservicoid", "servicoid", "usuarioid", "comissao_percent_aplicada", "createdat", "valor_base", "valor_comissao", "updated_at") FROM stdin;
7	3	1bed4c06-8a76-4eff-8511-80c7bc85ebcf	0.00	2026-01-14 23:26:15.128062+00	62.75	0.00	2026-01-14 23:26:15.128062+00
7	3	604f3097-69a6-44e6-a437-a23a3c61f055	0.00	2026-01-14 23:26:15.128062+00	62.75	0.00	2026-01-14 23:26:15.128062+00
7	2	1bed4c06-8a76-4eff-8511-80c7bc85ebcf	0.00	2026-01-14 23:26:38.928747+00	700.00	0.00	2026-01-14 23:26:38.928747+00
7	2	604f3097-69a6-44e6-a437-a23a3c61f055	0.00	2026-01-14 23:26:38.928747+00	700.00	0.00	2026-01-14 23:26:38.928747+00
7	1	604f3097-69a6-44e6-a437-a23a3c61f055	0.00	2026-01-14 23:26:41.674493+00	600.00	0.00	2026-01-14 23:26:41.674493+00
13	3	cef3cefd-2849-474e-9581-8598f90b24c2	0.00	2026-01-27 13:08:47.075702+00	125.50	0.00	2026-01-27 13:08:47.075702+00
14	3	cef3cefd-2849-474e-9581-8598f90b24c2	0.00	2026-01-28 13:38:31.563803+00	125.50	0.00	2026-01-28 13:38:31.563803+00
\.


--
-- Data for Name: pagamento; Type: TABLE DATA; Schema: public; Owner: postgres
--

COPY "public"."pagamento" ("id", "ordemservicoid", "metodo", "valor", "status", "provider_tx_id", "nsu", "autorizacao", "bandeira", "parcelas", "comprovante", "criado_em", "atualizado_em") FROM stdin;
\.


--
-- Data for Name: pagamento_config; Type: TABLE DATA; Schema: public; Owner: postgres
--

COPY "public"."pagamento_config" ("empresa_id", "provider_cartao", "cartao_merchant_id", "cartao_api_key", "cartao_webhook_url", "cartao_parcelas_max", "cartao_captura_auto", "cartao_terminal_ids", "pix_provider", "pix_chave", "pix_client_id", "pix_client_secret", "pix_webhook_url", "pix_expiracao_s", "dinheiro_habilitado", "updated_at") FROM stdin;
\.


--
-- Data for Name: pagamento_evento; Type: TABLE DATA; Schema: public; Owner: postgres
--

COPY "public"."pagamento_evento" ("id", "pagamentoid", "tipo", "payload", "criado_em") FROM stdin;
\.


--
-- Data for Name: permissao; Type: TABLE DATA; Schema: public; Owner: postgres
--

COPY "public"."permissao" ("id", "nome", "descricao") FROM stdin;
1	ORDENS_ACESSO	\N
2	DASHBOARD_ACESSO	\N
3	CLIENTES_ACESSO	\N
4	USUARIOS_ACESSO	\N
5	CONFIG_ACESSO	\N
6	ESTOQUE_ACESSO	\N
7	ACOMPANHAMENTO_ACESSO	\N
8	RELATORIOS_ACESSO	\N
9	EQUIPES_ACESSO	\N
10	FINANCEIRO_ACESSO	\N
11	VENDAS_ACESSO	\N
\.


--
-- Data for Name: perfilpermissao; Type: TABLE DATA; Schema: public; Owner: postgres
--

COPY "public"."perfilpermissao" ("perfilid", "permissaoid", "createdat") FROM stdin;
1	1	2026-01-06 21:04:18.130156
1	2	2026-01-06 21:04:30.829446
1	3	2026-01-06 21:04:44.457186
1	4	2026-01-06 21:05:01.622517
1	5	2026-01-06 21:05:13.412025
1	6	2026-01-06 21:05:22.511063
1	7	2026-01-06 21:05:32.587916
1	8	2026-01-06 21:05:44.77456
1	9	2026-01-06 21:05:55.802982
1	10	2026-01-06 21:06:07.113624
1	11	2026-01-06 21:06:18.887382
\.


--
-- Data for Name: produto_imagem; Type: TABLE DATA; Schema: public; Owner: postgres
--

COPY "public"."produto_imagem" ("id", "produto_id", "url", "path", "ordem", "createdat") FROM stdin;
1	7	https://ozluphhwktyvqfrypjin.supabase.co/storage/v1/object/public/produto_imagem/produto/7/8d0615a1-efc8-4e64-9651-75f02d688049.webp	produto/7/8d0615a1-efc8-4e64-9651-75f02d688049.webp	0	2026-01-20 19:29:47.638698+00
2	6	https://ozluphhwktyvqfrypjin.supabase.co/storage/v1/object/public/produto_imagem/produto/6/8604a828-3809-4ebb-901f-e0f12031133e.webp	produto/6/8604a828-3809-4ebb-901f-e0f12031133e.webp	0	2026-01-20 19:31:47.027581+00
3	5	https://ozluphhwktyvqfrypjin.supabase.co/storage/v1/object/public/produto_imagem/produto/5/c5011f65-5502-4385-9fb4-d2e1a5b43652.webp	produto/5/c5011f65-5502-4385-9fb4-d2e1a5b43652.webp	0	2026-01-20 19:42:31.504821+00
\.


--
-- Data for Name: transacao; Type: TABLE DATA; Schema: public; Owner: postgres
--

COPY "public"."transacao" ("id", "created_at", "updated_at", "descricao", "valor", "data", "metodopagamento", "categoria", "tipo", "cliente_id", "banco_id", "nomepagador", "cpfcnpjpagador", "ordemservicoid", "valorLiquido", "vendaid", "pendente", "created_by", "updated_by", "is_deleted", "deleted_at", "deleted_by") FROM stdin;
1	2026-01-27 01:14:42.707206+00	2026-01-27 01:14:42.707206+00	Compra NF 28967 - Parcela 1/2	50.00	2026-01-27 00:00:00+00	PIX	CATEGORIA TESTE	DESPESA	\N	1	BRUNO BORGES DE MEDEIROS	39788312000147	\N	50	\N	t	\N	\N	f	\N	\N
2	2026-01-27 01:14:42.707206+00	2026-01-27 01:14:42.707206+00	Compra NF 28967 - Parcela 2/2	39.90	2026-02-26 00:00:00+00	PIX	CATEGORIA TESTE	DESPESA	\N	1	BRUNO BORGES DE MEDEIROS	39788312000147	\N	39.9	\N	t	\N	\N	f	\N	\N
4	2026-01-30 14:23:18.2+00	2026-01-30 14:23:18.2+00	Pagamento da Venda #4	150.00	2026-01-30 14:22:00+00	CREDITO	VENDA	RECEITA	680	1	Bruno Lucas Batista de Lima	70869037447	\N	150	4	f	\N	\N	f	\N	\N
5	2026-01-31 21:29:12.7+00	2026-01-31 21:29:12.7+00	Pagamento da Venda #5	39.90	2026-01-31 21:29:00+00	PIX	VENDA	RECEITA	680	1	Bruno Lucas Batista de Lima	70869037447	\N	39.9	5	f	\N	\N	f	\N	\N
\.


--
-- Data for Name: transferencias_veiculos; Type: TABLE DATA; Schema: public; Owner: postgres
--

COPY "public"."transferencias_veiculos" ("id", "created_at", "veiculo_id", "dono_anteior", "novo_dono", "created_by") FROM stdin;
\.


--
-- Data for Name: vendaproduto; Type: TABLE DATA; Schema: public; Owner: postgres
--

COPY "public"."vendaproduto" ("id", "created_at", "updated_at", "venda_id", "produtoid", "sub_total", "valor_total", "valor_desconto", "tipo_desconto", "quantidade") FROM stdin;
1	2026-01-26 19:36:58.255994+00	2026-01-26 19:36:58.255994+00	1	6	800	800	0	\N	16
2	2026-01-26 20:55:01.184307+00	2026-01-26 20:55:01.184307+00	2	6	50	50	0	\N	1
3	2026-01-26 20:55:01.184307+00	2026-01-26 20:55:01.184307+00	2	7	60	60	0	\N	1
4	2026-01-26 21:09:00.743727+00	2026-01-26 21:09:00.743727+00	3	6	50	50	0	\N	1
5	2026-01-30 14:21:47.85925+00	2026-01-30 14:21:47.85925+00	4	6	50	50	0	\N	1
6	2026-01-30 14:21:47.85925+00	2026-01-30 14:21:47.85925+00	4	5	100	100	0	\N	1
7	2026-01-31 21:27:42.498869+00	2026-01-31 21:27:42.498869+00	5	26	39.9	39.9	0	\N	1
\.


--
-- Data for Name: buckets; Type: TABLE DATA; Schema: storage; Owner: supabase_storage_admin
--

COPY "storage"."buckets" ("id", "name", "owner", "created_at", "updated_at", "public", "avif_autodetection", "file_size_limit", "allowed_mime_types", "owner_id", "type") FROM stdin;
empresa	empresa	\N	2026-01-07 12:48:14.095945+00	2026-01-07 12:48:14.095945+00	t	f	\N	\N	\N	STANDARD
produto_imagem	produto_imagem	\N	2026-01-12 14:08:55.659994+00	2026-01-12 14:08:55.659994+00	t	f	\N	\N	\N	STANDARD
vistoria	vistoria	\N	2026-01-12 14:09:35.233262+00	2026-01-12 14:09:35.233262+00	t	f	\N	\N	\N	STANDARD
\.


--
-- Data for Name: buckets_analytics; Type: TABLE DATA; Schema: storage; Owner: supabase_storage_admin
--

COPY "storage"."buckets_analytics" ("name", "type", "format", "created_at", "updated_at", "id", "deleted_at") FROM stdin;
\.


--
-- Data for Name: buckets_vectors; Type: TABLE DATA; Schema: storage; Owner: supabase_storage_admin
--

COPY "storage"."buckets_vectors" ("id", "type", "created_at", "updated_at") FROM stdin;
\.


--
-- Data for Name: objects; Type: TABLE DATA; Schema: storage; Owner: supabase_storage_admin
--

COPY "storage"."objects" ("id", "bucket_id", "name", "owner", "created_at", "updated_at", "last_accessed_at", "metadata", "version", "owner_id", "user_metadata", "level") FROM stdin;
1baad01a-da46-484f-b315-0fd20a86e489	empresa	images/login/login.jpg	\N	2026-01-07 13:01:59.554709+00	2026-01-07 13:01:59.554709+00	2026-01-07 13:01:59.554709+00	{"eTag": "\\"6f55e44ad066264c50e2de61929834ab-1\\"", "size": 1557981, "mimetype": "image/jpeg", "cacheControl": "max-age=3600", "lastModified": "2026-01-07T13:01:59.000Z", "contentLength": 1557981, "httpStatusCode": 200}	23162927-489d-48bd-b079-a01b4b753d80	\N	\N	3
b6d59137-a44f-4c6c-88f1-4fbef7f40c2b	empresa	images/logo/.emptyFolderPlaceholder	\N	2026-01-07 14:14:04.661861+00	2026-01-07 14:14:04.661861+00	2026-01-07 14:14:04.661861+00	{"eTag": "\\"d41d8cd98f00b204e9800998ecf8427e\\"", "size": 0, "mimetype": "application/octet-stream", "cacheControl": "max-age=3600", "lastModified": "2026-01-07T14:14:04.662Z", "contentLength": 0, "httpStatusCode": 200}	9cba4d55-d51c-4fe5-b49d-0b4fbf4a179c	\N	{}	3
07bb48b9-4c38-4419-a675-2b81de4e2033	vistoria	checklist/11/a0ecf959-2fc5-4bbe-bece-52bddbeb0bf9.png	\N	2026-01-12 15:02:21.61769+00	2026-01-12 15:02:21.61769+00	2026-01-12 15:02:21.61769+00	{"eTag": "\\"26702d3f9fe60a87aab35c565c41957f\\"", "size": 92264, "mimetype": "image/png", "cacheControl": "max-age=3600", "lastModified": "2026-01-12T15:02:22.000Z", "contentLength": 92264, "httpStatusCode": 200}	4c6b21fa-79d0-408e-9e61-0c63e4bc324c	\N	{}	3
80459a8f-942a-4272-a3d0-a0d088b5440f	vistoria	checklist/12/c618aa08-be13-4f38-ac5b-5a1f88461374.png	\N	2026-01-12 16:36:45.663662+00	2026-01-12 16:36:45.663662+00	2026-01-12 16:36:45.663662+00	{"eTag": "\\"da824e02cb5f845c305ca126e2f60c52\\"", "size": 86909, "mimetype": "image/png", "cacheControl": "max-age=3600", "lastModified": "2026-01-12T16:36:46.000Z", "contentLength": 86909, "httpStatusCode": 200}	291d9ae3-2ce0-48f3-85aa-16174f9ad6ac	\N	{}	3
a13d33f5-ee69-4153-9404-afe0a1665391	vistoria	checklist/12/6c9bbb5b-8d0e-4184-9b26-bb671c31d66e.png	\N	2026-01-12 16:36:45.685651+00	2026-01-12 16:36:45.685651+00	2026-01-12 16:36:45.685651+00	{"eTag": "\\"281cade162b9a35c04cd55069ceb7c0a\\"", "size": 90429, "mimetype": "image/png", "cacheControl": "max-age=3600", "lastModified": "2026-01-12T16:36:46.000Z", "contentLength": 90429, "httpStatusCode": 200}	5df7fa27-e98c-450e-a1d2-eda87906b7ee	\N	{}	3
c8d16aaa-b98f-4b22-a481-7e9fdeccf953	vistoria	checklist/13/7ee855ec-aaf4-49fe-970b-3d2f5d0604f9.jpg	\N	2026-01-13 11:33:28.473432+00	2026-01-13 11:33:28.473432+00	2026-01-13 11:33:28.473432+00	{"eTag": "\\"d4eccdfb49c994ee3c6c06f8aea08268\\"", "size": 149126, "mimetype": "image/jpeg", "cacheControl": "max-age=3600", "lastModified": "2026-01-13T11:33:29.000Z", "contentLength": 149126, "httpStatusCode": 200}	c138dc17-c901-44d0-8056-3c05a4c8323c	\N	{}	3
ed7e5322-a06f-413d-a090-2780d38a4dde	vistoria	checklist/14/416c8e23-e417-411f-9c28-0dc97bee5558.jpg	\N	2026-01-13 11:35:44.392694+00	2026-01-13 11:35:44.392694+00	2026-01-13 11:35:44.392694+00	{"eTag": "\\"d4eccdfb49c994ee3c6c06f8aea08268\\"", "size": 149126, "mimetype": "image/jpeg", "cacheControl": "max-age=3600", "lastModified": "2026-01-13T11:35:45.000Z", "contentLength": 149126, "httpStatusCode": 200}	bc0fc533-b183-438a-9379-0fb35885255f	\N	{}	3
25fda381-713f-425b-aaec-360186f9f0c3	vistoria	checklist/14/1de6df73-29de-422d-a1ce-9b0de566711e.jpg	\N	2026-01-13 11:35:44.789271+00	2026-01-13 11:35:44.789271+00	2026-01-13 11:35:44.789271+00	{"eTag": "\\"996caf7988f84ad66b02185209b59f6b\\"", "size": 269140, "mimetype": "image/jpeg", "cacheControl": "max-age=3600", "lastModified": "2026-01-13T11:35:45.000Z", "contentLength": 269140, "httpStatusCode": 200}	82ae871a-97e1-4339-bec4-c2404b33eb13	\N	{}	3
e23ebedd-6e5a-4dee-9d1e-d0f703db00ca	vistoria	checklist/15/e15cfd19-5b96-40a0-94fc-b06416a805a2.png	\N	2026-01-13 13:55:22.34881+00	2026-01-13 13:55:22.34881+00	2026-01-13 13:55:22.34881+00	{"eTag": "\\"da824e02cb5f845c305ca126e2f60c52\\"", "size": 86909, "mimetype": "image/png", "cacheControl": "max-age=3600", "lastModified": "2026-01-13T13:55:23.000Z", "contentLength": 86909, "httpStatusCode": 200}	6348f897-8fbf-408f-828e-f6c0f3bafec6	\N	{}	3
560c88b9-553e-47a1-9e7e-9d7056bd2b98	produto_imagem	produto/7/8d0615a1-efc8-4e64-9651-75f02d688049.webp	\N	2026-01-20 19:29:47.1931+00	2026-01-20 19:29:47.1931+00	2026-01-20 19:29:47.1931+00	{"eTag": "\\"624c6def87dfda56dc7325e9a2a34bfa\\"", "size": 37496, "mimetype": "image/webp", "cacheControl": "max-age=3600", "lastModified": "2026-01-20T19:29:48.000Z", "contentLength": 37496, "httpStatusCode": 200}	cd367422-1eda-4974-836e-150038f76fbc	\N	{}	3
eca8f259-4b91-49fe-a604-d5811fea15b8	produto_imagem	produto/6/8604a828-3809-4ebb-901f-e0f12031133e.webp	\N	2026-01-20 19:31:46.846526+00	2026-01-20 19:31:46.846526+00	2026-01-20 19:31:46.846526+00	{"eTag": "\\"a2ac1f8879294c5f44fa3cf7015ebfc3\\"", "size": 12948, "mimetype": "image/webp", "cacheControl": "max-age=3600", "lastModified": "2026-01-20T19:31:47.000Z", "contentLength": 12948, "httpStatusCode": 200}	f83174ed-fd30-4e03-9c08-73a3c6ad606a	\N	{}	3
5b23b323-82a0-468f-a092-a1e9a228832c	produto_imagem	produto/5/c5011f65-5502-4385-9fb4-d2e1a5b43652.webp	\N	2026-01-20 19:42:31.27423+00	2026-01-20 19:42:31.27423+00	2026-01-20 19:42:31.27423+00	{"eTag": "\\"e44c56cff718aa88bd7bd84e93722620\\"", "size": 56028, "mimetype": "image/webp", "cacheControl": "max-age=3600", "lastModified": "2026-01-20T19:42:32.000Z", "contentLength": 56028, "httpStatusCode": 200}	09f2e23a-761d-4c44-a546-a6424c268d40	\N	{}	3
\.


--
-- Data for Name: prefixes; Type: TABLE DATA; Schema: storage; Owner: supabase_storage_admin
--

COPY "storage"."prefixes" ("bucket_id", "name", "created_at", "updated_at") FROM stdin;
empresa	images	2026-01-07 12:48:32.570284+00	2026-01-07 12:48:32.570284+00
empresa	images/login	2026-01-07 13:01:20.268016+00	2026-01-07 13:01:20.268016+00
empresa	images/logo	2026-01-07 14:14:04.661861+00	2026-01-07 14:14:04.661861+00
vistoria	checklist	2026-01-12 15:02:21.61769+00	2026-01-12 15:02:21.61769+00
vistoria	checklist/11	2026-01-12 15:02:21.61769+00	2026-01-12 15:02:21.61769+00
vistoria	checklist/12	2026-01-12 16:36:45.663662+00	2026-01-12 16:36:45.663662+00
vistoria	checklist/13	2026-01-13 11:33:28.473432+00	2026-01-13 11:33:28.473432+00
vistoria	checklist/14	2026-01-13 11:35:44.392694+00	2026-01-13 11:35:44.392694+00
vistoria	checklist/15	2026-01-13 13:55:22.34881+00	2026-01-13 13:55:22.34881+00
produto_imagem	produto	2026-01-20 19:29:47.1931+00	2026-01-20 19:29:47.1931+00
produto_imagem	produto/7	2026-01-20 19:29:47.1931+00	2026-01-20 19:29:47.1931+00
produto_imagem	produto/6	2026-01-20 19:31:46.846526+00	2026-01-20 19:31:46.846526+00
produto_imagem	produto/5	2026-01-20 19:42:31.27423+00	2026-01-20 19:42:31.27423+00
\.


--
-- Data for Name: s3_multipart_uploads; Type: TABLE DATA; Schema: storage; Owner: supabase_storage_admin
--

COPY "storage"."s3_multipart_uploads" ("id", "in_progress_size", "upload_signature", "bucket_id", "key", "version", "owner_id", "created_at", "user_metadata") FROM stdin;
\.


--
-- Data for Name: s3_multipart_uploads_parts; Type: TABLE DATA; Schema: storage; Owner: supabase_storage_admin
--

COPY "storage"."s3_multipart_uploads_parts" ("id", "upload_id", "size", "part_number", "bucket_id", "key", "etag", "owner_id", "version", "created_at") FROM stdin;
\.


--
-- Data for Name: vector_indexes; Type: TABLE DATA; Schema: storage; Owner: supabase_storage_admin
--

COPY "storage"."vector_indexes" ("id", "name", "bucket_id", "data_type", "dimension", "distance_metric", "metadata_configuration", "created_at", "updated_at") FROM stdin;
\.


--
-- Name: refresh_tokens_id_seq; Type: SEQUENCE SET; Schema: auth; Owner: supabase_auth_admin
--

SELECT pg_catalog.setval('"auth"."refresh_tokens_id_seq"', 189, true);


--
-- Name: bancoconta_id_seq; Type: SEQUENCE SET; Schema: public; Owner: postgres
--

SELECT pg_catalog.setval('"public"."bancoconta_id_seq"', 1, true);


--
-- Name: categoriaservico_id_seq; Type: SEQUENCE SET; Schema: public; Owner: postgres
--

SELECT pg_catalog.setval('"public"."categoriaservico_id_seq"', 1, false);


--
-- Name: categoriatransacao_id_seq; Type: SEQUENCE SET; Schema: public; Owner: postgres
--

SELECT pg_catalog.setval('"public"."categoriatransacao_id_seq"', 1, true);


--
-- Name: checklist_id_seq; Type: SEQUENCE SET; Schema: public; Owner: postgres
--

SELECT pg_catalog.setval('"public"."checklist_id_seq"', 22, true);


--
-- Name: checklist_modelo_id_seq; Type: SEQUENCE SET; Schema: public; Owner: postgres
--

SELECT pg_catalog.setval('"public"."checklist_modelo_id_seq"', 1, true);


--
-- Name: checklist_modelo_item_id_seq; Type: SEQUENCE SET; Schema: public; Owner: postgres
--

SELECT pg_catalog.setval('"public"."checklist_modelo_item_id_seq"', 1, true);


--
-- Name: cliente_endereco_id_seq; Type: SEQUENCE SET; Schema: public; Owner: postgres
--

SELECT pg_catalog.setval('"public"."cliente_endereco_id_seq"', 1, true);


--
-- Name: cliente_id_seq; Type: SEQUENCE SET; Schema: public; Owner: postgres
--

SELECT pg_catalog.setval('"public"."cliente_id_seq"', 681, true);


--
-- Name: config_geral_id_seq; Type: SEQUENCE SET; Schema: public; Owner: postgres
--

SELECT pg_catalog.setval('"public"."config_geral_id_seq"', 1, true);


--
-- Name: cores_veiculos_id_seq; Type: SEQUENCE SET; Schema: public; Owner: postgres
--

SELECT pg_catalog.setval('"public"."cores_veiculos_id_seq"', 1, true);


--
-- Name: empresa_id_seq; Type: SEQUENCE SET; Schema: public; Owner: postgres
--

SELECT pg_catalog.setval('"public"."empresa_id_seq"', 1, true);


--
-- Name: entradaitens_id_seq; Type: SEQUENCE SET; Schema: public; Owner: postgres
--

SELECT pg_catalog.setval('"public"."entradaitens_id_seq"', 26, true);


--
-- Name: favorito_id_seq; Type: SEQUENCE SET; Schema: public; Owner: postgres
--

SELECT pg_catalog.setval('"public"."favorito_id_seq"', 3, true);


--
-- Name: fornecedor_id_seq; Type: SEQUENCE SET; Schema: public; Owner: postgres
--

SELECT pg_catalog.setval('"public"."fornecedor_id_seq"', 5, true);


--
-- Name: fornecedorprodutos_id_seq; Type: SEQUENCE SET; Schema: public; Owner: postgres
--

SELECT pg_catalog.setval('"public"."fornecedorprodutos_id_seq"', 4, true);


--
-- Name: imagemvistoria_id_seq; Type: SEQUENCE SET; Schema: public; Owner: postgres
--

SELECT pg_catalog.setval('"public"."imagemvistoria_id_seq"', 7, true);


--
-- Name: item_pedido_id_seq; Type: SEQUENCE SET; Schema: public; Owner: postgres
--

SELECT pg_catalog.setval('"public"."item_pedido_id_seq"', 15, true);


--
-- Name: nfe_config_id_seq; Type: SEQUENCE SET; Schema: public; Owner: postgres
--

SELECT pg_catalog.setval('"public"."nfe_config_id_seq"', 1, true);


--
-- Name: nfe_id_seq; Type: SEQUENCE SET; Schema: public; Owner: postgres
--

SELECT pg_catalog.setval('"public"."nfe_id_seq"', 33, true);


--
-- Name: nfe_item_id_seq; Type: SEQUENCE SET; Schema: public; Owner: postgres
--

SELECT pg_catalog.setval('"public"."nfe_item_id_seq"', 36, true);


--
-- Name: notafiscal_id_seq; Type: SEQUENCE SET; Schema: public; Owner: postgres
--

SELECT pg_catalog.setval('"public"."notafiscal_id_seq"', 1, false);


--
-- Name: ordemservico_id_seq; Type: SEQUENCE SET; Schema: public; Owner: postgres
--

SELECT pg_catalog.setval('"public"."ordemservico_id_seq"', 14, true);


--
-- Name: osaprovacao_id_seq; Type: SEQUENCE SET; Schema: public; Owner: postgres
--

SELECT pg_catalog.setval('"public"."osaprovacao_id_seq"', 1, false);


--
-- Name: pagamento_evento_id_seq; Type: SEQUENCE SET; Schema: public; Owner: postgres
--

SELECT pg_catalog.setval('"public"."pagamento_evento_id_seq"', 1, false);


--
-- Name: pagamento_id_seq; Type: SEQUENCE SET; Schema: public; Owner: postgres
--

SELECT pg_catalog.setval('"public"."pagamento_id_seq"', 1, false);


--
-- Name: peca_id_seq; Type: SEQUENCE SET; Schema: public; Owner: postgres
--

SELECT pg_catalog.setval('"public"."peca_id_seq"', 13, true);


--
-- Name: pedido_id_seq; Type: SEQUENCE SET; Schema: public; Owner: postgres
--

SELECT pg_catalog.setval('"public"."pedido_id_seq"', 16, true);


--
-- Name: perfil_id_seq; Type: SEQUENCE SET; Schema: public; Owner: postgres
--

SELECT pg_catalog.setval('"public"."perfil_id_seq"', 1, true);


--
-- Name: permissao_id_seq; Type: SEQUENCE SET; Schema: public; Owner: postgres
--

SELECT pg_catalog.setval('"public"."permissao_id_seq"', 11, true);


--
-- Name: produto_id_seq; Type: SEQUENCE SET; Schema: public; Owner: postgres
--

SELECT pg_catalog.setval('"public"."produto_id_seq"', 27, true);


--
-- Name: produto_imagem_id_seq; Type: SEQUENCE SET; Schema: public; Owner: postgres
--

SELECT pg_catalog.setval('"public"."produto_imagem_id_seq"', 3, true);


--
-- Name: produtoentrada_id_seq; Type: SEQUENCE SET; Schema: public; Owner: postgres
--

SELECT pg_catalog.setval('"public"."produtoentrada_id_seq"', 19, true);


--
-- Name: produtogrupo_id_seq; Type: SEQUENCE SET; Schema: public; Owner: postgres
--

SELECT pg_catalog.setval('"public"."produtogrupo_id_seq"', 1, true);


--
-- Name: servico_id_seq; Type: SEQUENCE SET; Schema: public; Owner: postgres
--

SELECT pg_catalog.setval('"public"."servico_id_seq"', 4, true);


--
-- Name: setor_id_seq; Type: SEQUENCE SET; Schema: public; Owner: postgres
--

SELECT pg_catalog.setval('"public"."setor_id_seq"', 1, true);


--
-- Name: tiposervico_id_seq; Type: SEQUENCE SET; Schema: public; Owner: postgres
--

SELECT pg_catalog.setval('"public"."tiposervico_id_seq"', 1, false);


--
-- Name: transacao_id_seq; Type: SEQUENCE SET; Schema: public; Owner: postgres
--

SELECT pg_catalog.setval('"public"."transacao_id_seq"', 5, true);


--
-- Name: transferencias_veiculos_id_seq; Type: SEQUENCE SET; Schema: public; Owner: postgres
--

SELECT pg_catalog.setval('"public"."transferencias_veiculos_id_seq"', 1, false);


--
-- Name: unidademedida_id_seq; Type: SEQUENCE SET; Schema: public; Owner: postgres
--

SELECT pg_catalog.setval('"public"."unidademedida_id_seq"', 1, true);


--
-- Name: veiculo_id_seq; Type: SEQUENCE SET; Schema: public; Owner: postgres
--

SELECT pg_catalog.setval('"public"."veiculo_id_seq"', 1, true);


--
-- Name: venda_id_seq; Type: SEQUENCE SET; Schema: public; Owner: postgres
--

SELECT pg_catalog.setval('"public"."venda_id_seq"', 5, true);


--
-- Name: vendaproduto_id_seq; Type: SEQUENCE SET; Schema: public; Owner: postgres
--

SELECT pg_catalog.setval('"public"."vendaproduto_id_seq"', 7, true);


--
-- PostgreSQL database dump complete
--

-- \unrestrict sOrRcG70B9LKB5BNadOgtDDKEl8YUQDb1dp87utZWzlw9v04G2hbtbUOzBaCgeZ

RESET ALL;
